V1,V2,V3
9.5,58.6346560846561,-452.614562988281
9.56755319148936,58.6346560846561,-469.324554443359
9.63510638297872,58.6346560846561,-467.734558105469
9.70265957446808,58.6346560846561,-465.584564208984
9.77021276595745,58.6346560846561,-458.894561767578
9.83776595744681,58.6346560846561,-413.017517089844
9.90531914893617,58.6346560846561,-462.627502441406
9.97287234042553,58.6346560846561,-447.45751953125
10.0404255319149,58.6346560846561,-407.407501220703
10.1079787234043,58.6346560846561,-347.367492675781
10.1755319148936,58.6346560846561,-294.257507324219
10.243085106383,58.6346560846561,-264.917510986328
10.3106382978723,58.6346560846561,-224.36750793457
10.3781914893617,58.6346560846561,-208.492889404297
10.4457446808511,58.6346560846561,-164.732879638672
10.5132978723404,58.6346560846561,-141.072875976562
10.5808510638298,58.6346560846561,-123.302879333496
10.6484042553192,58.6346560846561,-106.982879638672
10.7159574468085,58.6346560846561,-98.4828796386719
10.7835106382979,58.6346560846561,-81.1828842163086
10.8510638297872,58.6346560846561,-69.9028854370117
10.9186170212766,58.6346560846561,-48.7944984436035
10.986170212766,58.6346560846561,-67.8644943237305
11.0537234042553,58.6346560846561,-56.8744964599609
11.1212765957447,58.6346560846561,-30.3544979095459
11.188829787234,58.6346560846561,-4.37449789047241
11.2563829787234,58.6346560846561,24.2855014801025
11.3239361702128,58.6346560846561,42.3255004882812
11.3914893617021,58.6346560846561,78.2055053710938
11.4590425531915,58.6346560846561,97.0721817016602
11.5265957446809,58.6346560846561,89.2321853637695
11.5941489361702,58.6346560846561,141.292175292969
11.6617021276596,58.6346560846561,129.56217956543
11.7292553191489,58.6346560846561,91.3421859741211
11.7968085106383,58.6346560846561,117.262184143066
11.8643617021277,58.6346560846561,135.192184448242
11.931914893617,58.6346560846561,114.522178649902
11.9994680851064,58.6346560846561,120.178657531738
12.0670212765957,58.6346560846561,150.308654785156
12.1345744680851,58.6346560846561,192.328659057617
12.2021276595745,58.6346560846561,135.408660888672
12.2696808510638,58.6346560846561,70.0386505126953
12.3372340425532,58.6346560846561,66.0586547851562
12.4047872340426,58.6346560846561,65.5486526489258
12.4723404255319,58.6346560846561,58.8886528015137
12.5398936170213,58.6346560846561,51.7599639892578
12.6074468085106,58.6346560846561,47.7499656677246
12.675,58.6346560846561,42.4999656677246
12.7425531914894,58.6346560846561,42.4999656677246
12.8101063829787,58.6346560846561,42.4999656677246
12.8776595744681,58.6346560846561,42.4999656677246
12.9452127659574,58.6346560846561,42.5199661254883
13.0127659574468,58.6346560846561,44.0899658203125
13.0803191489362,58.6346560846561,50.1299819946289
13.1478723404255,58.6346560846561,51.0099792480469
13.2154255319149,58.6346560846561,44.1599807739258
13.2829787234043,58.6346560846561,42.4999809265137
13.3505319148936,58.6346560846561,55.7099800109863
13.418085106383,58.6346560846561,78.4199829101562
13.4856382978723,58.6346560846561,55.2599792480469
13.5531914893617,58.6346560846561,62.1799812316895
13.6207446808511,58.6346560846561,69.3899993896484
13.6882978723404,58.6346560846561,77.3000030517578
13.7558510638298,58.6346560846561,81.9499969482422
13.8234042553192,58.6346560846561,66.8000030517578
13.8909574468085,58.6346560846561,73.4499969482422
13.9585106382979,58.6346560846561,76.2600021362305
14.0260638297872,58.6346560846561,83.9800033569336
14.0936170212766,58.6346560846561,90.1800003051758
14.161170212766,58.6346560846561,99.8480834960938
14.2287234042553,58.6346560846561,96.3180847167969
14.2962765957447,58.6346560846561,113.578086853027
14.363829787234,58.6346560846561,101.948081970215
14.4313829787234,58.6346560846561,142.388092041016
14.4989361702128,58.6346560846561,151.638092041016
14.5664893617021,58.6346560846561,118.348083496094
14.6340425531915,58.6346560846561,88.8580856323242
14.7015957446809,58.6346560846561,87.5151519775391
14.7691489361702,58.6346560846561,87.4951477050781
14.8367021276596,58.6346560846561,87.5651473999023
14.9042553191489,58.6346560846561,88.9151458740234
14.9718085106383,58.6346560846561,130.345153808594
15.0393617021277,58.6346560846561,130.725143432617
15.106914893617,58.6346560846561,119.435150146484
15.1744680851064,58.6346560846561,116.715148925781
15.2420212765957,58.6346560846561,92.8268280029297
15.3095744680851,58.6346560846561,79.9668273925781
15.3771276595745,58.6346560846561,67.4068298339844
15.4446808510638,58.6346560846561,73.5368270874023
15.5122340425532,58.6346560846561,78.8468246459961
15.5797872340426,58.6346560846561,82.9568252563477
15.6473404255319,58.6346560846561,87.1568298339844
15.7148936170213,58.6346560846561,76.3968276977539
15.7824468085106,58.6346560846561,65.2495346069336
15.85,58.6346560846561,47.8195343017578
15.9175531914894,58.6346560846561,33.2895317077637
15.9851063829787,58.6346560846561,23.5095329284668
16.0526595744681,58.6346560846561,37.0695343017578
16.1202127659574,58.6346560846561,48.6895332336426
16.1877659574468,58.6346560846561,19.5095329284668
16.2553191489362,58.6346560846561,3.84953260421753
16.3228723404255,58.6346560846561,-3.07369184494019
16.3904255319149,58.6346560846561,-2.99369192123413
16.4579787234043,58.6346560846561,7.19630813598633
16.5255319148936,58.6346560846561,16.0763072967529
16.593085106383,58.6346560846561,30.5963077545166
16.6606382978723,58.6346560846561,26.4163074493408
16.7281914893617,58.6346560846561,30.0763072967529
16.7957446808511,58.6346560846561,26.9863090515137
16.8632978723404,58.6346560846561,24.446849822998
16.9308510638298,58.6346560846561,21.3168487548828
16.9984042553192,58.6346560846561,6.24684906005859
17.0659574468085,58.6346560846561,-8.70315074920654
17.1335106382979,58.6346560846561,-15.5631513595581
17.2010638297872,58.6346560846561,-17.5831508636475
17.2686170212766,58.6346560846561,-19.943151473999
17.336170212766,58.6346560846561,-22.4231510162354
17.4037234042553,58.6346560846561,-26.2320461273193
17.4712765957447,58.6346560846561,-48.6520462036133
17.538829787234,58.6346560846561,-32.7820472717285
17.6063829787234,58.6346560846561,-29.422046661377
17.6739361702128,58.6346560846561,-31.8820457458496
17.7414893617021,58.6346560846561,-36.4520454406738
17.8090425531915,58.6346560846561,-38.6120452880859
17.8765957446809,58.6346560846561,-50.1420478820801
17.9441489361702,58.6346560846561,-54.6865730285645
18.0117021276596,58.6346560846561,-69.5665740966797
18.0792553191489,58.6346560846561,-85.4765701293945
18.1468085106383,58.6346560846561,-91.3765716552734
18.2143617021277,58.6346560846561,-265.026580810547
18.281914893617,58.6346560846561,-324.216583251953
18.3494680851064,58.6346560846561,-235.426574707031
18.4170212765957,58.6346560846561,-225.356704711914
18.4845744680851,58.6346560846561,-216.086700439453
18.5521276595745,58.6346560846561,-214.636703491211
18.6196808510638,58.6346560846561,-220.206695556641
18.6872340425532,58.6346560846561,-227.176696777344
18.7547872340426,58.6346560846561,-204.736694335938
18.8223404255319,58.6346560846561,-140.566696166992
18.8898936170213,58.6346560846561,-131.686706542969
18.9574468085106,58.6346560846561,-131.84846496582
19.025,58.6346560846561,-137.228469848633
19.0925531914894,58.6346560846561,-115.898468017578
19.1601063829787,58.6346560846561,-52.5284652709961
19.2276595744681,58.6346560846561,-62.4784660339355
19.2952127659575,58.6346560846561,-101.408462524414
19.3627659574468,58.6346560846561,-94.5484619140625
19.4303191489362,58.6346560846561,-131.558471679688
19.4978723404255,58.6346560846561,-116.017524719238
19.5654255319149,58.6346560846561,-112.097526550293
19.6329787234043,58.6346560846561,-145.247528076172
19.7005319148936,58.6346560846561,-133.517517089844
19.768085106383,58.6346560846561,-128.977523803711
19.8356382978723,58.6346560846561,-156.587524414062
19.9031914893617,58.6346560846561,-168.367523193359
19.9707446808511,58.6346560846561,-142.627517700195
20.0382978723404,58.6346560846561,-95.7587738037109
20.1058510638298,58.6346560846561,-91.9187698364258
20.1734042553191,58.6346560846561,-103.198768615723
20.2409574468085,58.6346560846561,-115.798774719238
20.3085106382979,58.6346560846561,-141.548767089844
20.3760638297872,58.6346560846561,-149.548767089844
20.4436170212766,58.6346560846561,-132.868774414062
20.511170212766,58.6346560846561,-122.99877166748
20.5787234042553,58.6346560846561,-122.592300415039
20.6462765957447,58.6346560846561,-95.6822967529297
20.713829787234,58.6346560846561,-84.3523025512695
20.7813829787234,58.6346560846561,-78.5223007202148
20.8489361702128,58.6346560846561,-77.7622985839844
20.9164893617021,58.6346560846561,-75.2523040771484
20.9840425531915,58.6346560846561,-76.1023025512695
21.0515957446809,58.6346560846561,-87.4322967529297
21.1191489361702,58.6346560846561,-83.9805221557617
21.1867021276596,58.6346560846561,-82.2705230712891
21.2542553191489,58.6346560846561,-83.6905212402344
21.3218085106383,58.6346560846561,-83.2605209350586
21.3893617021277,58.6346560846561,-83.7405242919922
21.456914893617,58.6346560846561,-80.7205200195312
21.5244680851064,58.6346560846561,-75.4705200195312
21.5920212765957,58.6346560846561,-69.4405212402344
21.6595744680851,58.6346560846561,-61.002498626709
21.7271276595745,58.6346560846561,-53.752498626709
21.7946808510638,58.6346560846561,-51.7124977111816
21.8622340425532,58.6346560846561,-49.1424980163574
21.9297872340426,58.6346560846561,-45.252498626709
21.9973404255319,58.6346560846561,-39.5124969482422
22.0648936170213,58.6346560846561,-38.1624984741211
22.1324468085106,58.6346560846561,-38.0124969482422
22.2,58.6346560846561,-37.8121910095215
9.5,58.5664573955619,-528.91455078125
9.56755319148936,58.5664573955619,-513.254577636719
9.63510638297872,58.5664573955619,-497.034545898438
9.70265957446808,58.5664573955619,-516.234558105469
9.77021276595745,58.5664573955619,-518.064575195312
9.83776595744681,58.5664573955619,-477.487518310547
9.90531914893617,58.5664573955619,-539.317504882812
9.97287234042553,58.5664573955619,-522.027526855469
10.0404255319149,58.5664573955619,-463.697509765625
10.1079787234043,58.5664573955619,-399.047515869141
10.1755319148936,58.5664573955619,-342.967498779297
10.243085106383,58.5664573955619,-307.877502441406
10.3106382978723,58.5664573955619,-273.257507324219
10.3781914893617,58.5664573955619,-238.28288269043
10.4457446808511,58.5664573955619,-186.582885742188
10.5132978723404,58.5664573955619,-162.352874755859
10.5808510638298,58.5664573955619,-149.402877807617
10.6484042553192,58.5664573955619,-127.742881774902
10.7159574468085,58.5664573955619,-103.752883911133
10.7835106382979,58.5664573955619,-86.0828857421875
10.8510638297872,58.5664573955619,-75.2928848266602
10.9186170212766,58.5664573955619,-59.8044967651367
10.986170212766,58.5664573955619,-28.8944969177246
11.0537234042553,58.5664573955619,-47.0244979858398
11.1212765957447,58.5664573955619,-30.8444976806641
11.188829787234,58.5664573955619,-0.80449765920639
11.2563829787234,58.5664573955619,17.8655014038086
11.3239361702128,58.5664573955619,43.7655029296875
11.3914893617021,58.5664573955619,58.1955032348633
11.4590425531915,58.5664573955619,74.6821823120117
11.5265957446809,58.5664573955619,85.7921829223633
11.5941489361702,58.5664573955619,101.742179870605
11.6617021276596,58.5664573955619,105.392181396484
11.7292553191489,58.5664573955619,122.272178649902
11.7968085106383,58.5664573955619,139.772186279297
11.8643617021277,58.5664573955619,122.282180786133
11.931914893617,58.5664573955619,100.882179260254
11.9994680851064,58.5664573955619,117.348655700684
12.0670212765957,58.5664573955619,128.218658447266
12.1345744680851,58.5664573955619,102.468650817871
12.2021276595745,58.5664573955619,74.7886505126953
12.2696808510638,58.5664573955619,69.4786529541016
12.3372340425532,58.5664573955619,62.2686538696289
12.4047872340426,58.5664573955619,59.1286544799805
12.4723404255319,58.5664573955619,55.3286552429199
12.5398936170213,58.5664573955619,47.3699645996094
12.6074468085106,58.5664573955619,42.5199661254883
12.675,58.5664573955619,42.4999656677246
12.7425531914894,58.5664573955619,42.4999656677246
12.8101063829787,58.5664573955619,42.4999656677246
12.8776595744681,58.5664573955619,42.7599639892578
12.9452127659574,58.5664573955619,48.4699668884277
13.0127659574468,58.5664573955619,56.3599662780762
13.0803191489362,58.5664573955619,56.5099792480469
13.1478723404255,58.5664573955619,51.4899826049805
13.2154255319149,58.5664573955619,42.4999809265137
13.2829787234043,58.5664573955619,47.4499816894531
13.3505319148936,58.5664573955619,130.759979248047
13.418085106383,58.5664573955619,111.699981689453
13.4856382978723,58.5664573955619,69.4099807739258
13.5531914893617,58.5664573955619,76.5199813842773
13.6207446808511,58.5664573955619,95.0999984741211
13.6882978723404,58.5664573955619,114.809997558594
13.7558510638298,58.5664573955619,92.1699981689453
13.8234042553192,58.5664573955619,69.129997253418
13.8909574468085,58.5664573955619,70.0500030517578
13.9585106382979,58.5664573955619,69.2200012207031
14.0260638297872,58.5664573955619,79.7399978637695
14.0936170212766,58.5664573955619,92.3199996948242
14.161170212766,58.5664573955619,97.8480834960938
14.2287234042553,58.5664573955619,96.5380859375
14.2962765957447,58.5664573955619,151.138092041016
14.363829787234,58.5664573955619,148.488082885742
14.4313829787234,58.5664573955619,108.138084411621
14.4989361702128,58.5664573955619,99.0980834960938
14.5664893617021,58.5664573955619,87.8780822753906
14.6340425531915,58.5664573955619,87.4980850219727
14.7015957446809,58.5664573955619,87.4951477050781
14.7691489361702,58.5664573955619,87.5051498413086
14.8367021276596,58.5664573955619,87.5151519775391
14.9042553191489,58.5664573955619,92.895149230957
14.9718085106383,58.5664573955619,110.575149536133
15.0393617021277,58.5664573955619,115.505149841309
15.106914893617,58.5664573955619,103.885147094727
15.1744680851064,58.5664573955619,83.4651489257812
15.2420212765957,58.5664573955619,82.3968276977539
15.3095744680851,58.5664573955619,98.3568267822266
15.3771276595745,58.5664573955619,83.2568283081055
15.4446808510638,58.5664573955619,85.6468276977539
15.5122340425532,58.5664573955619,88.746826171875
15.5797872340426,58.5664573955619,93.7168273925781
15.6473404255319,58.5664573955619,93.2068252563477
15.7148936170213,58.5664573955619,100.716827392578
15.7824468085106,58.5664573955619,81.7495346069336
15.85,58.5664573955619,45.8595314025879
15.9175531914894,58.5664573955619,41.3095321655273
15.9851063829787,58.5664573955619,32.5595321655273
16.0526595744681,58.5664573955619,33.7895317077637
16.1202127659574,58.5664573955619,32.7995338439941
16.1877659574468,58.5664573955619,37.0995330810547
16.2553191489362,58.5664573955619,21.0195331573486
16.3228723404255,58.5664573955619,22.5363082885742
16.3904255319149,58.5664573955619,14.4563083648682
16.4579787234043,58.5664573955619,15.3263082504272
16.5255319148936,58.5664573955619,21.8663082122803
16.593085106383,58.5664573955619,21.7463073730469
16.6606382978723,58.5664573955619,17.7063083648682
16.7281914893617,58.5664573955619,15.3363084793091
16.7957446808511,58.5664573955619,9.0963077545166
16.8632978723404,58.5664573955619,-5.8431510925293
16.9308510638298,58.5664573955619,-10.0831508636475
16.9984042553192,58.5664573955619,-14.6231508255005
17.0659574468085,58.5664573955619,-16.053150177002
17.1335106382979,58.5664573955619,-21.4231510162354
17.2010638297872,58.5664573955619,-23.7531509399414
17.2686170212766,58.5664573955619,-20.693151473999
17.336170212766,58.5664573955619,-20.5931510925293
17.4037234042553,58.5664573955619,-27.8120460510254
17.4712765957447,58.5664573955619,-34.6220474243164
17.538829787234,58.5664573955619,-56.1220474243164
17.6063829787234,58.5664573955619,-58.422046661377
17.6739361702128,58.5664573955619,-54.6220474243164
17.7414893617021,58.5664573955619,-55.8820457458496
17.8090425531915,58.5664573955619,-52.6620483398438
17.8765957446809,58.5664573955619,-53.1520462036133
17.9441489361702,58.5664573955619,-77.2765731811523
18.0117021276596,58.5664573955619,-76.2065734863281
18.0792553191489,58.5664573955619,-83.6865768432617
18.1468085106383,58.5664573955619,-117.82657623291
18.2143617021277,58.5664573955619,-247.646575927734
18.281914893617,58.5664573955619,-196.336578369141
18.3494680851064,58.5664573955619,-186.216567993164
18.4170212765957,58.5664573955619,-182.036697387695
18.4845744680851,58.5664573955619,-186.106704711914
18.5521276595745,58.5664573955619,-186.36669921875
18.6196808510638,58.5664573955619,-193.096694946289
18.6872340425532,58.5664573955619,-202.396697998047
18.7547872340426,58.5664573955619,-212.586700439453
18.8223404255319,58.5664573955619,-186.016693115234
18.8898936170213,58.5664573955619,-145.236694335938
18.9574468085106,58.5664573955619,-122.318466186523
19.025,58.5664573955619,-109.25846862793
19.0925531914894,58.5664573955619,-96.0684661865234
19.1601063829787,58.5664573955619,-32.5084648132324
19.2276595744681,58.5664573955619,-54.678466796875
19.2952127659575,58.5664573955619,-65.4784622192383
19.3627659574468,58.5664573955619,-61.928466796875
19.4303191489362,58.5664573955619,-92.2184677124023
19.4978723404255,58.5664573955619,-99.7175216674805
19.5654255319149,58.5664573955619,-96.597526550293
19.6329787234043,58.5664573955619,-121.847526550293
19.7005319148936,58.5664573955619,-145.447525024414
19.768085106383,58.5664573955619,-148.067520141602
19.8356382978723,58.5664573955619,-158.927520751953
19.9031914893617,58.5664573955619,-164.627517700195
19.9707446808511,58.5664573955619,-115.567520141602
20.0382978723404,58.5664573955619,-99.608772277832
20.1058510638298,58.5664573955619,-90.1987686157227
20.1734042553191,58.5664573955619,-85.858772277832
20.2409574468085,58.5664573955619,-98.5787734985352
20.3085106382979,58.5664573955619,-106.128768920898
20.3760638297872,58.5664573955619,-98.2187728881836
20.4436170212766,58.5664573955619,-113.758773803711
20.511170212766,58.5664573955619,-116.618774414062
20.5787234042553,58.5664573955619,-110.222297668457
20.6462765957447,58.5664573955619,-83.6122970581055
20.713829787234,58.5664573955619,-85.1922988891602
20.7813829787234,58.5664573955619,-83.6922988891602
20.8489361702128,58.5664573955619,-82.0623016357422
20.9164893617021,58.5664573955619,-83.972297668457
20.9840425531915,58.5664573955619,-84.3523025512695
21.0515957446809,58.5664573955619,-93.4623031616211
21.1191489361702,58.5664573955619,-96.0105209350586
21.1867021276596,58.5664573955619,-94.7105255126953
21.2542553191489,58.5664573955619,-92.400520324707
21.3218085106383,58.5664573955619,-91.2505187988281
21.3893617021277,58.5664573955619,-92.2805252075195
21.456914893617,58.5664573955619,-86.3505249023438
21.5244680851064,58.5664573955619,-81.670524597168
21.5920212765957,58.5664573955619,-73.5705261230469
21.6595744680851,58.5664573955619,-58.0224990844727
21.7271276595745,58.5664573955619,-25.3724975585938
21.7946808510638,58.5664573955619,-20.7724990844727
21.8622340425532,58.5664573955619,-29.192497253418
21.9297872340426,58.5664573955619,-36.3624992370605
21.9973404255319,58.5664573955619,-34.7024993896484
22.0648936170213,58.5664573955619,-34.0124969482422
22.1324468085106,58.5664573955619,-35.3424987792969
22.2,58.5664573955619,-32.7221908569336
9.5,58.4982587064677,-594.869079589844
9.56755319148936,58.4982587064677,-652.2490234375
9.63510638297872,58.4982587064677,-679.279052734375
9.70265957446808,58.4982587064677,-611.889038085938
9.77021276595745,58.4982587064677,-509.119049072266
9.83776595744681,58.4982587064677,-485.592590332031
9.90531914893617,58.4982587064677,-516.582580566406
9.97287234042553,58.4982587064677,-547.272583007812
10.0404255319149,58.4982587064677,-510.652587890625
10.1079787234043,58.4982587064677,-475.522583007812
10.1755319148936,58.4982587064677,-439.472595214844
10.243085106383,58.4982587064677,-405.472595214844
10.3106382978723,58.4982587064677,-364.442596435547
10.3781914893617,58.4982587064677,-310.145050048828
10.4457446808511,58.4982587064677,-273.755065917969
10.5132978723404,58.4982587064677,-242.155059814453
10.5808510638298,58.4982587064677,-212.405059814453
10.6484042553192,58.4982587064677,-166.465057373047
10.7159574468085,58.4982587064677,-137.665069580078
10.7835106382979,58.4982587064677,-121.415061950684
10.8510638297872,58.4982587064677,-96.9650650024414
10.9186170212766,58.4982587064677,-74.40478515625
10.986170212766,58.4982587064677,-62.5447883605957
11.0537234042553,58.4982587064677,-54.6247901916504
11.1212765957447,58.4982587064677,-37.9847869873047
11.188829787234,58.4982587064677,-6.32478904724121
11.2563829787234,58.4982587064677,20.8452110290527
11.3239361702128,58.4982587064677,47.915210723877
11.3914893617021,58.4982587064677,38.6852111816406
11.4590425531915,58.4982587064677,52.271125793457
11.5265957446809,58.4982587064677,33.771125793457
11.5941489361702,58.4982587064677,40.0111274719238
11.6617021276596,58.4982587064677,70.2511291503906
11.7292553191489,58.4982587064677,113.521125793457
11.7968085106383,58.4982587064677,126.941123962402
11.8643617021277,58.4982587064677,123.811126708984
11.931914893617,58.4982587064677,112.171127319336
11.9994680851064,58.4982587064677,89.2797698974609
12.0670212765957,58.4982587064677,76.2197723388672
12.1345744680851,58.4982587064677,64.9197692871094
12.2021276595745,58.4982587064677,69.7897720336914
12.2696808510638,58.4982587064677,67.8697738647461
12.3372340425532,58.4982587064677,47.1597709655762
12.4047872340426,58.4982587064677,44.1397705078125
12.4723404255319,58.4982587064677,42.5597724914551
12.5398936170213,58.4982587064677,51.7299995422363
12.6074468085106,58.4982587064677,44.75
12.675,58.4982587064677,47.6100006103516
12.7425531914894,58.4982587064677,56.2000007629395
12.8101063829787,58.4982587064677,61.3800010681152
12.8776595744681,58.4982587064677,66.3600006103516
12.9452127659574,58.4982587064677,75.7900009155273
13.0127659574468,58.4982587064677,64.0699996948242
13.0803191489362,58.4982587064677,59.1399993896484
13.1478723404255,58.4982587064677,65.8000030517578
13.2154255319149,58.4982587064677,73.5500030517578
13.2829787234043,58.4982587064677,85.8199996948242
13.3505319148936,58.4982587064677,99.5200042724609
13.418085106383,58.4982587064677,114.699996948242
13.4856382978723,58.4982587064677,122.98999786377
13.5531914893617,58.4982587064677,130.589996337891
13.6207446808511,58.4982587064677,133.095321655273
13.6882978723404,58.4982587064677,197.595321655273
13.7558510638298,58.4982587064677,282.345336914062
13.8234042553192,58.4982587064677,193.355331420898
13.8909574468085,58.4982587064677,106.825325012207
13.9585106382979,58.4982587064677,109.825325012207
14.0260638297872,58.4982587064677,116.675323486328
14.0936170212766,58.4982587064677,119.735328674316
14.161170212766,58.4982587064677,114.179756164551
14.2287234042553,58.4982587064677,133.289749145508
14.2962765957447,58.4982587064677,186.969757080078
14.363829787234,58.4982587064677,150.019760131836
14.4313829787234,58.4982587064677,91.629753112793
14.4989361702128,58.4982587064677,87.5097579956055
14.5664893617021,58.4982587064677,87.499755859375
14.6340425531915,58.4982587064677,87.499755859375
14.7015957446809,58.4982587064677,87.6399688720703
14.7691489361702,58.4982587064677,93.1899719238281
14.8367021276596,58.4982587064677,96.1599731445312
14.9042553191489,58.4982587064677,100.79997253418
14.9718085106383,58.4982587064677,111.019966125488
15.0393617021277,58.4982587064677,112.909973144531
15.106914893617,58.4982587064677,100.529968261719
15.1744680851064,58.4982587064677,89.8399658203125
15.2420212765957,58.4982587064677,80.8724975585938
15.3095744680851,58.4982587064677,74.4024963378906
15.3771276595745,58.4982587064677,72.2425003051758
15.4446808510638,58.4982587064677,69.9324951171875
15.5122340425532,58.4982587064677,62.4824981689453
15.5797872340426,58.4982587064677,48.9824981689453
15.6473404255319,58.4982587064677,40.3224983215332
15.7148936170213,58.4982587064677,45.2224998474121
15.7824468085106,58.4982587064677,53.4533462524414
15.85,58.4982587064677,61.0533485412598
15.9175531914894,58.4982587064677,63.3533477783203
15.9851063829787,58.4982587064677,67.0333480834961
16.0526595744681,58.4982587064677,72.5433502197266
16.1202127659574,58.4982587064677,68.4833450317383
16.1877659574468,58.4982587064677,59.6133460998535
16.2553191489362,58.4982587064677,59.4833488464355
16.3228723404255,58.4982587064677,51.0450019836426
16.3904255319149,58.4982587064677,44.5849990844727
16.4579787234043,58.4982587064677,33.6049995422363
16.5255319148936,58.4982587064677,31.2049999237061
16.593085106383,58.4982587064677,24.3450012207031
16.6606382978723,58.4982587064677,20.185001373291
16.7281914893617,58.4982587064677,8.45500087738037
16.7957446808511,58.4982587064677,9.58500099182129
16.8632978723404,58.4982587064677,3.9798583984375
16.9308510638298,58.4982587064677,-7.14014148712158
16.9984042553192,58.4982587064677,-5.67014169692993
17.0659574468085,58.4982587064677,-12.1001415252686
17.1335106382979,58.4982587064677,-23.990140914917
17.2010638297872,58.4982587064677,-40.6201400756836
17.2686170212766,58.4982587064677,-48.7601432800293
17.336170212766,58.4982587064677,-35.8101425170898
17.4037234042553,58.4982587064677,-37.8096237182617
17.4712765957447,58.4982587064677,-50.6596260070801
17.538829787234,58.4982587064677,-63.9196243286133
17.6063829787234,58.4982587064677,-88.999626159668
17.6739361702128,58.4982587064677,-84.7896270751953
17.7414893617021,58.4982587064677,-83.1796264648438
17.8090425531915,58.4982587064677,-89.5596237182617
17.8765957446809,58.4982587064677,-103.419624328613
17.9441489361702,58.4982587064677,-118.823837280273
18.0117021276596,58.4982587064677,-114.033836364746
18.0792553191489,58.4982587064677,-118.683837890625
18.1468085106383,58.4982587064677,-152.643829345703
18.2143617021277,58.4982587064677,-180.773834228516
18.281914893617,58.4982587064677,-155.463836669922
18.3494680851064,58.4982587064677,-158.443832397461
18.4170212765957,58.4982587064677,-151.747787475586
18.4845744680851,58.4982587064677,-157.597793579102
18.5521276595745,58.4982587064677,-163.91780090332
18.6196808510638,58.4982587064677,-182.66780090332
18.6872340425532,58.4982587064677,-182.937789916992
18.7547872340426,58.4982587064677,-177.937789916992
18.8223404255319,58.4982587064677,-167.947799682617
18.8898936170213,58.4982587064677,-159.367797851562
18.9574468085106,58.4982587064677,-156.517562866211
19.025,58.4982587064677,-105.367553710938
19.0925531914894,58.4982587064677,-48.5475578308105
19.1601063829787,58.4982587064677,-33.7275543212891
19.2276595744681,58.4982587064677,-34.7575569152832
19.2952127659575,58.4982587064677,-45.1975555419922
19.3627659574468,58.4982587064677,-59.7175559997559
19.4303191489362,58.4982587064677,-74.4675598144531
19.4978723404255,58.4982587064677,-88.3034057617188
19.5654255319149,58.4982587064677,-86.8534088134766
19.6329787234043,58.4982587064677,-99.8534088134766
19.7005319148936,58.4982587064677,-106.893409729004
19.768085106383,58.4982587064677,-119.213409423828
19.8356382978723,58.4982587064677,-126.32341003418
19.9031914893617,58.4982587064677,-115.023406982422
19.9707446808511,58.4982587064677,-101.723403930664
20.0382978723404,58.4982587064677,-109.549827575684
20.1058510638298,58.4982587064677,-91.0798263549805
20.1734042553191,58.4982587064677,-96.8298263549805
20.2409574468085,58.4982587064677,-118.689826965332
20.3085106382979,58.4982587064677,-121.07982635498
20.3760638297872,58.4982587064677,-127.279830932617
20.4436170212766,58.4982587064677,-128.579833984375
20.511170212766,58.4982587064677,-127.519828796387
20.5787234042553,58.4982587064677,-119.777076721191
20.6462765957447,58.4982587064677,-108.977073669434
20.713829787234,58.4982587064677,-91.2670745849609
20.7813829787234,58.4982587064677,-97.0170745849609
20.8489361702128,58.4982587064677,-95.9670715332031
20.9164893617021,58.4982587064677,-87.6670761108398
20.9840425531915,58.4982587064677,-90.6970748901367
21.0515957446809,58.4982587064677,-97.2570724487305
21.1191489361702,58.4982587064677,-101.642105102539
21.1867021276596,58.4982587064677,-97.9321060180664
21.2542553191489,58.4982587064677,-92.4921112060547
21.3218085106383,58.4982587064677,-88.0321044921875
21.3893617021277,58.4982587064677,-81.2521057128906
21.456914893617,58.4982587064677,-75.0621109008789
21.5244680851064,58.4982587064677,-62.2621078491211
21.5920212765957,58.4982587064677,-54.7721061706543
21.6595744680851,58.4982587064677,-47.5429191589355
21.7271276595745,58.4982587064677,-41.7229156494141
21.7946808510638,58.4982587064677,-24.9229183197021
21.8622340425532,58.4982587064677,-14.7729177474976
21.9297872340426,58.4982587064677,-9.08291721343994
21.9973404255319,58.4982587064677,6.2770824432373
22.0648936170213,58.4982587064677,12.797082901001
22.1324468085106,58.4982587064677,-0.412917494773865
22.2,58.4982587064677,16.7712860107422
9.5,58.4300600173734,-632.909057617188
9.56755319148936,58.4300600173734,-645.429077148438
9.63510638297872,58.4300600173734,-634.279052734375
9.70265957446808,58.4300600173734,-586.51904296875
9.77021276595745,58.4300600173734,-552.279052734375
9.83776595744681,58.4300600173734,-519.762573242188
9.90531914893617,58.4300600173734,-482.232574462891
9.97287234042553,58.4300600173734,-489.022583007812
10.0404255319149,58.4300600173734,-497.792572021484
10.1079787234043,58.4300600173734,-481.592590332031
10.1755319148936,58.4300600173734,-445.992584228516
10.243085106383,58.4300600173734,-414.902587890625
10.3106382978723,58.4300600173734,-380.782592773438
10.3781914893617,58.4300600173734,-326.715057373047
10.4457446808511,58.4300600173734,-309.395050048828
10.5132978723404,58.4300600173734,-273.815063476562
10.5808510638298,58.4300600173734,-230.665069580078
10.6484042553192,58.4300600173734,-190.575057983398
10.7159574468085,58.4300600173734,-155.145065307617
10.7835106382979,58.4300600173734,-129.905059814453
10.8510638297872,58.4300600173734,-117.665061950684
10.9186170212766,58.4300600173734,-92.1147918701172
10.986170212766,58.4300600173734,-73.40478515625
11.0537234042553,58.4300600173734,-49.7547874450684
11.1212765957447,58.4300600173734,-36.8547897338867
11.188829787234,58.4300600173734,-2.49478888511658
11.2563829787234,58.4300600173734,8.88521099090576
11.3239361702128,58.4300600173734,12.7252111434937
11.3914893617021,58.4300600173734,21.0752105712891
11.4590425531915,58.4300600173734,44.3211250305176
11.5265957446809,58.4300600173734,4.65112590789795
11.5941489361702,58.4300600173734,33.771125793457
11.6617021276596,58.4300600173734,48.1011276245117
11.7292553191489,58.4300600173734,61.2611274719238
11.7968085106383,58.4300600173734,80.0311279296875
11.8643617021277,58.4300600173734,68.8711242675781
11.931914893617,58.4300600173734,79.5811233520508
11.9994680851064,58.4300600173734,66.7297744750977
12.0670212765957,58.4300600173734,66.0697708129883
12.1345744680851,58.4300600173734,73.3597717285156
12.2021276595745,58.4300600173734,74.0297698974609
12.2696808510638,58.4300600173734,59.1397705078125
12.3372340425532,58.4300600173734,46.6197700500488
12.4047872340426,58.4300600173734,100.339775085449
12.4723404255319,58.4300600173734,84.6397705078125
12.5398936170213,58.4300600173734,45.4000015258789
12.6074468085106,58.4300600173734,48.5999984741211
12.675,58.4300600173734,55.9199981689453
12.7425531914894,58.4300600173734,65.2300033569336
12.8101063829787,58.4300600173734,75.7399978637695
12.8776595744681,58.4300600173734,81.4599990844727
12.9452127659574,58.4300600173734,74.870002746582
13.0127659574468,58.4300600173734,66.2600021362305
13.0803191489362,58.4300600173734,67.8899993896484
13.1478723404255,58.4300600173734,73.4499969482422
13.2154255319149,58.4300600173734,80.379997253418
13.2829787234043,58.4300600173734,92.4899978637695
13.3505319148936,58.4300600173734,107.529998779297
13.418085106383,58.4300600173734,118.139999389648
13.4856382978723,58.4300600173734,123.379997253418
13.5531914893617,58.4300600173734,124.419998168945
13.6207446808511,58.4300600173734,173.315322875977
13.6882978723404,58.4300600173734,258.155334472656
13.7558510638298,58.4300600173734,269.865325927734
13.8234042553192,58.4300600173734,173.455322265625
13.8909574468085,58.4300600173734,121.725326538086
13.9585106382979,58.4300600173734,122.695327758789
14.0260638297872,58.4300600173734,127.965324401855
14.0936170212766,58.4300600173734,120.905326843262
14.161170212766,58.4300600173734,133.139755249023
14.2287234042553,58.4300600173734,173.359756469727
14.2962765957447,58.4300600173734,185.82975769043
14.363829787234,58.4300600173734,108.609756469727
14.4313829787234,58.4300600173734,87.499755859375
14.4989361702128,58.4300600173734,87.499755859375
14.5664893617021,58.4300600173734,87.499755859375
14.6340425531915,58.4300600173734,98.4097595214844
14.7015957446809,58.4300600173734,122.599967956543
14.7691489361702,58.4300600173734,96.9099731445312
14.8367021276596,58.4300600173734,94.599967956543
14.9042553191489,58.4300600173734,98.3599700927734
14.9718085106383,58.4300600173734,109.079971313477
15.0393617021277,58.4300600173734,100.089965820312
15.106914893617,58.4300600173734,104.989967346191
15.1744680851064,58.4300600173734,97.2599716186523
15.2420212765957,58.4300600173734,93.5824966430664
15.3095744680851,58.4300600173734,88.6725006103516
15.3771276595745,58.4300600173734,85.9824981689453
15.4446808510638,58.4300600173734,86.2724990844727
15.5122340425532,58.4300600173734,86.5524978637695
15.5797872340426,58.4300600173734,88.5124969482422
15.6473404255319,58.4300600173734,82.0625
15.7148936170213,58.4300600173734,71.4124984741211
15.7824468085106,58.4300600173734,69.7633438110352
15.85,58.4300600173734,72.183349609375
15.9175531914894,58.4300600173734,74.2633438110352
15.9851063829787,58.4300600173734,71.7833480834961
16.0526595744681,58.4300600173734,76.0933456420898
16.1202127659574,58.4300600173734,72.5133438110352
16.1877659574468,58.4300600173734,74.5033493041992
16.2553191489362,58.4300600173734,72.433349609375
16.3228723404255,58.4300600173734,69.9749984741211
16.3904255319149,58.4300600173734,56.5849990844727
16.4579787234043,58.4300600173734,43.6049995422363
16.5255319148936,58.4300600173734,57.8050003051758
16.593085106383,58.4300600173734,39.7750015258789
16.6606382978723,58.4300600173734,26.9250011444092
16.7281914893617,58.4300600173734,13.2650003433228
16.7957446808511,58.4300600173734,4.67500066757202
16.8632978723404,58.4300600173734,4.00985860824585
16.9308510638298,58.4300600173734,-1.09014165401459
16.9984042553192,58.4300600173734,-5.68014144897461
17.0659574468085,58.4300600173734,-7.93014144897461
17.1335106382979,58.4300600173734,-19.6201419830322
17.2010638297872,58.4300600173734,-29.2301406860352
17.2686170212766,58.4300600173734,-37.7801399230957
17.336170212766,58.4300600173734,-57.4601402282715
17.4037234042553,58.4300600173734,-58.0696258544922
17.4712765957447,58.4300600173734,-62.9096260070801
17.538829787234,58.4300600173734,-73.999626159668
17.6063829787234,58.4300600173734,-96.9396209716797
17.6739361702128,58.4300600173734,-107.909622192383
17.7414893617021,58.4300600173734,-104.60962677002
17.8090425531915,58.4300600173734,-107.60962677002
17.8765957446809,58.4300600173734,-108.429626464844
17.9441489361702,58.4300600173734,-110.493835449219
18.0117021276596,58.4300600173734,-125.413833618164
18.0792553191489,58.4300600173734,-123.873832702637
18.1468085106383,58.4300600173734,-128.883834838867
18.2143617021277,58.4300600173734,-144.943832397461
18.281914893617,58.4300600173734,-156.443832397461
18.3494680851064,58.4300600173734,-142.443832397461
18.4170212765957,58.4300600173734,-131.517791748047
18.4845744680851,58.4300600173734,-127.47779083252
18.5521276595745,58.4300600173734,-142.867797851562
18.6196808510638,58.4300600173734,-153.097793579102
18.6872340425532,58.4300600173734,-164.727798461914
18.7547872340426,58.4300600173734,-162.567794799805
18.8223404255319,58.4300600173734,-166.747787475586
18.8898936170213,58.4300600173734,-157.767791748047
18.9574468085106,58.4300600173734,-158.557556152344
19.025,58.4300600173734,-109.217559814453
19.0925531914894,58.4300600173734,-63.4875564575195
19.1601063829787,58.4300600173734,-16.3375568389893
19.2276595744681,58.4300600173734,13.2824440002441
19.2952127659575,58.4300600173734,-1.87755620479584
19.3627659574468,58.4300600173734,-37.6975555419922
19.4303191489362,58.4300600173734,-72.74755859375
19.4978723404255,58.4300600173734,-89.7234039306641
19.5654255319149,58.4300600173734,-102.433410644531
19.6329787234043,58.4300600173734,-105.353408813477
19.7005319148936,58.4300600173734,-102.483406066895
19.768085106383,58.4300600173734,-106.793411254883
19.8356382978723,58.4300600173734,-121.513404846191
19.9031914893617,58.4300600173734,-124.283409118652
19.9707446808511,58.4300600173734,-116.223403930664
20.0382978723404,58.4300600173734,-111.919830322266
20.1058510638298,58.4300600173734,-101.779830932617
20.1734042553191,58.4300600173734,-117.48983001709
20.2409574468085,58.4300600173734,-120.199829101562
20.3085106382979,58.4300600173734,-110.259826660156
20.3760638297872,58.4300600173734,-117.789825439453
20.4436170212766,58.4300600173734,-137.829833984375
20.511170212766,58.4300600173734,-144.719833374023
20.5787234042553,58.4300600173734,-134.627075195312
20.6462765957447,58.4300600173734,-121.297073364258
20.713829787234,58.4300600173734,-102.67707824707
20.7813829787234,58.4300600173734,-103.297073364258
20.8489361702128,58.4300600173734,-102.027076721191
20.9164893617021,58.4300600173734,-90.867073059082
20.9840425531915,58.4300600173734,-94.7470779418945
21.0515957446809,58.4300600173734,-98.7670745849609
21.1191489361702,58.4300600173734,-98.2121047973633
21.1867021276596,58.4300600173734,-89.0221099853516
21.2542553191489,58.4300600173734,-82.042106628418
21.3218085106383,58.4300600173734,-69.0121078491211
21.3893617021277,58.4300600173734,-70.3521041870117
21.456914893617,58.4300600173734,-52.4021072387695
21.5244680851064,58.4300600173734,-23.2721080780029
21.5920212765957,58.4300600173734,-19.6621074676514
21.6595744680851,58.4300600173734,-14.8029174804688
21.7271276595745,58.4300600173734,-12.0229177474976
21.7946808510638,58.4300600173734,-10.9329175949097
21.8622340425532,58.4300600173734,-2.01291751861572
21.9297872340426,58.4300600173734,-0.622917473316193
21.9973404255319,58.4300600173734,-1.13291752338409
22.0648936170213,58.4300600173734,9.53708267211914
22.1324468085106,58.4300600173734,22.7170829772949
22.2,58.4300600173734,40.0412864685059
9.5,58.3618613282792,-678.909057617188
9.56755319148936,58.3618613282792,-677.279052734375
9.63510638297872,58.3618613282792,-629.659057617188
9.70265957446808,58.3618613282792,-598.799072265625
9.77021276595745,58.3618613282792,-562.799072265625
9.83776595744681,58.3618613282792,-541.892578125
9.90531914893617,58.3618613282792,-501.602569580078
9.97287234042553,58.3618613282792,-472.972595214844
10.0404255319149,58.3618613282792,-506.802581787109
10.1079787234043,58.3618613282792,-496.512573242188
10.1755319148936,58.3618613282792,-450.992584228516
10.243085106383,58.3618613282792,-403.782592773438
10.3106382978723,58.3618613282792,-367.672576904297
10.3781914893617,58.3618613282792,-345.595062255859
10.4457446808511,58.3618613282792,-326.045074462891
10.5132978723404,58.3618613282792,-278.535064697266
10.5808510638298,58.3618613282792,-234.375061035156
10.6484042553192,58.3618613282792,-199.875061035156
10.7159574468085,58.3618613282792,-168.795059204102
10.7835106382979,58.3618613282792,-149.015060424805
10.8510638297872,58.3618613282792,-128.775054931641
10.9186170212766,58.3618613282792,-110.014785766602
10.986170212766,58.3618613282792,-94.8547897338867
11.0537234042553,58.3618613282792,-70.2247924804688
11.1212765957447,58.3618613282792,-50.4147872924805
11.188829787234,58.3618613282792,-39.2647895812988
11.2563829787234,58.3618613282792,-29.9547882080078
11.3239361702128,58.3618613282792,-19.084789276123
11.3914893617021,58.3618613282792,12.5652112960815
11.4590425531915,58.3618613282792,1.86112606525421
11.5265957446809,58.3618613282792,27.521125793457
11.5941489361702,58.3618613282792,63.6511268615723
11.6617021276596,58.3618613282792,27.2311267852783
11.7292553191489,58.3618613282792,6.63112592697144
11.7968085106383,58.3618613282792,10.8611259460449
11.8643617021277,58.3618613282792,53.0411262512207
11.931914893617,58.3618613282792,90.7111282348633
11.9994680851064,58.3618613282792,102.879768371582
12.0670212765957,58.3618613282792,92.7397689819336
12.1345744680851,58.3618613282792,85.1897735595703
12.2021276595745,58.3618613282792,79.5997695922852
12.2696808510638,58.3618613282792,54.4097709655762
12.3372340425532,58.3618613282792,46.9697723388672
12.4047872340426,58.3618613282792,92.0497741699219
12.4723404255319,58.3618613282792,86.7297744750977
12.5398936170213,58.3618613282792,60.1199989318848
12.6074468085106,58.3618613282792,63.560001373291
12.675,58.3618613282792,65.4000015258789
12.7425531914894,58.3618613282792,74.5999984741211
12.8101063829787,58.3618613282792,84.9700012207031
12.8776595744681,58.3618613282792,80.1500015258789
12.9452127659574,58.3618613282792,75.3199996948242
13.0127659574468,58.3618613282792,74.0599975585938
13.0803191489362,58.3618613282792,76.1800003051758
13.1478723404255,58.3618613282792,80.0699996948242
13.2154255319149,58.3618613282792,89.0599975585938
13.2829787234043,58.3618613282792,108.139999389648
13.3505319148936,58.3618613282792,126.819999694824
13.418085106383,58.3618613282792,131.509994506836
13.4856382978723,58.3618613282792,123
13.5531914893617,58.3618613282792,126.319999694824
13.6207446808511,58.3618613282792,193.495330810547
13.6882978723404,58.3618613282792,210.78532409668
13.7558510638298,58.3618613282792,194.475326538086
13.8234042553192,58.3618613282792,149.825332641602
13.8909574468085,58.3618613282792,132.825332641602
13.9585106382979,58.3618613282792,133.195327758789
14.0260638297872,58.3618613282792,126.835327148438
14.0936170212766,58.3618613282792,125.29532623291
14.161170212766,58.3618613282792,167.409759521484
14.2287234042553,58.3618613282792,163.639755249023
14.2962765957447,58.3618613282792,100.66975402832
14.363829787234,58.3618613282792,87.619758605957
14.4313829787234,58.3618613282792,87.499755859375
14.4989361702128,58.3618613282792,87.499755859375
14.5664893617021,58.3618613282792,87.499755859375
14.6340425531915,58.3618613282792,121.119758605957
14.7015957446809,58.3618613282792,110.579971313477
14.7691489361702,58.3618613282792,108.009971618652
14.8367021276596,58.3618613282792,118.849967956543
14.9042553191489,58.3618613282792,125.279968261719
14.9718085106383,58.3618613282792,129.599975585938
15.0393617021277,58.3618613282792,140.459976196289
15.106914893617,58.3618613282792,126.829971313477
15.1744680851064,58.3618613282792,130.159973144531
15.2420212765957,58.3618613282792,119.002494812012
15.3095744680851,58.3618613282792,108.892501831055
15.3771276595745,58.3618613282792,103.742500305176
15.4446808510638,58.3618613282792,104.502494812012
15.5122340425532,58.3618613282792,107.992500305176
15.5797872340426,58.3618613282792,109.782501220703
15.6473404255319,58.3618613282792,112.982498168945
15.7148936170213,58.3618613282792,90.1025009155273
15.7824468085106,58.3618613282792,88.4833450317383
15.85,58.3618613282792,87.4433441162109
15.9175531914894,58.3618613282792,86.6533508300781
15.9851063829787,58.3618613282792,81.4733505249023
16.0526595744681,58.3618613282792,84.0933456420898
16.1202127659574,58.3618613282792,84.4133453369141
16.1877659574468,58.3618613282792,78.1033477783203
16.2553191489362,58.3618613282792,78.9833450317383
16.3228723404255,58.3618613282792,68.7750015258789
16.3904255319149,58.3618613282792,67.625
16.4579787234043,58.3618613282792,62.0250015258789
16.5255319148936,58.3618613282792,52.3349990844727
16.593085106383,58.3618613282792,52.4850006103516
16.6606382978723,58.3618613282792,34.9750022888184
16.7281914893617,58.3618613282792,13.5350008010864
16.7957446808511,58.3618613282792,5.51500082015991
16.8632978723404,58.3618613282792,5.16985845565796
16.9308510638298,58.3618613282792,-5.82014179229736
16.9984042553192,58.3618613282792,-9.5801420211792
17.0659574468085,58.3618613282792,-16.570140838623
17.1335106382979,58.3618613282792,-29.0601425170898
17.2010638297872,58.3618613282792,-31.570140838623
17.2686170212766,58.3618613282792,-37.3401412963867
17.336170212766,58.3618613282792,-47.7101402282715
17.4037234042553,58.3618613282792,-69.2796249389648
17.4712765957447,58.3618613282792,-76.6396255493164
17.538829787234,58.3618613282792,-84.5296249389648
17.6063829787234,58.3618613282792,-97.6196212768555
17.6739361702128,58.3618613282792,-116.919624328613
17.7414893617021,58.3618613282792,-111.10962677002
17.8090425531915,58.3618613282792,-110.569625854492
17.8765957446809,58.3618613282792,-120.479621887207
17.9441489361702,58.3618613282792,-129.133834838867
18.0117021276596,58.3618613282792,-125.163833618164
18.0792553191489,58.3618613282792,-118.673835754395
18.1468085106383,58.3618613282792,-104.35383605957
18.2143617021277,58.3618613282792,-113.623832702637
18.281914893617,58.3618613282792,-134.51383972168
18.3494680851064,58.3618613282792,-131.133834838867
18.4170212765957,58.3618613282792,-90.1577911376953
18.4845744680851,58.3618613282792,-95.48779296875
18.5521276595745,58.3618613282792,-108.707794189453
18.6196808510638,58.3618613282792,-120.517791748047
18.6872340425532,58.3618613282792,-132.927795410156
18.7547872340426,58.3618613282792,-140.047790527344
18.8223404255319,58.3618613282792,-140.097793579102
18.8898936170213,58.3618613282792,-135.757797241211
18.9574468085106,58.3618613282792,-126.99755859375
19.025,58.3618613282792,-106.917556762695
19.0925531914894,58.3618613282792,-77.3675537109375
19.1601063829787,58.3618613282792,-50.6375579833984
19.2276595744681,58.3618613282792,-23.7375564575195
19.2952127659575,58.3618613282792,-27.5475559234619
19.3627659574468,58.3618613282792,-64.1775588989258
19.4303191489362,58.3618613282792,-86.5575561523438
19.4978723404255,58.3618613282792,-104.313407897949
19.5654255319149,58.3618613282792,-121.873405456543
19.6329787234043,58.3618613282792,-120.513404846191
19.7005319148936,58.3618613282792,-96.8834075927734
19.768085106383,58.3618613282792,-113.843406677246
19.8356382978723,58.3618613282792,-126.853408813477
19.9031914893617,58.3618613282792,-138.703414916992
19.9707446808511,58.3618613282792,-131.503402709961
20.0382978723404,58.3618613282792,-105.389831542969
20.1058510638298,58.3618613282792,-98.939826965332
20.1734042553191,58.3618613282792,-77.2398300170898
20.2409574468085,58.3618613282792,-84.6098251342773
20.3085106382979,58.3618613282792,-85.7898254394531
20.3760638297872,58.3618613282792,-97.9698257446289
20.4436170212766,58.3618613282792,-140.259826660156
20.511170212766,58.3618613282792,-147.609832763672
20.5787234042553,58.3618613282792,-139.377075195312
20.6462765957447,58.3618613282792,-123.887077331543
20.713829787234,58.3618613282792,-106.937072753906
20.7813829787234,58.3618613282792,-108.737075805664
20.8489361702128,58.3618613282792,-81.0970764160156
20.9164893617021,58.3618613282792,-66.4670715332031
20.9840425531915,58.3618613282792,-68.7970733642578
21.0515957446809,58.3618613282792,-87.7270736694336
21.1191489361702,58.3618613282792,-80.3421096801758
21.1867021276596,58.3618613282792,-57.4921073913574
21.2542553191489,58.3618613282792,-43.7621078491211
21.3218085106383,58.3618613282792,-40.2321090698242
21.3893617021277,58.3618613282792,-25.9421081542969
21.456914893617,58.3618613282792,-26.2721080780029
21.5244680851064,58.3618613282792,-21.0121078491211
21.5920212765957,58.3618613282792,-17.6121082305908
21.6595744680851,58.3618613282792,-15.2729177474976
21.7271276595745,58.3618613282792,-11.9629173278809
21.7946808510638,58.3618613282792,-8.81291770935059
21.8622340425532,58.3618613282792,-2.25291752815247
21.9297872340426,58.3618613282792,3.03708243370056
21.9973404255319,58.3618613282792,5.2270827293396
22.0648936170213,58.3618613282792,14.5970821380615
22.1324468085106,58.3618613282792,35.2170829772949
22.2,58.3618613282792,38.0112838745117
9.5,58.293662639185,-659.759033203125
9.56755319148936,58.293662639185,-593.609069824219
9.63510638297872,58.293662639185,-542.599060058594
9.70265957446808,58.293662639185,-536.489074707031
9.77021276595745,58.293662639185,-512.829040527344
9.83776595744681,58.293662639185,-494.692596435547
9.90531914893617,58.293662639185,-471.362579345703
9.97287234042553,58.293662639185,-456.142578125
10.0404255319149,58.293662639185,-430.742584228516
10.1079787234043,58.293662639185,-402.022583007812
10.1755319148936,58.293662639185,-368.962585449219
10.243085106383,58.293662639185,-335.672576904297
10.3106382978723,58.293662639185,-316.742584228516
10.3781914893617,58.293662639185,-303.295074462891
10.4457446808511,58.293662639185,-289.765075683594
10.5132978723404,58.293662639185,-275.155059814453
10.5808510638298,58.293662639185,-252.175064086914
10.6484042553192,58.293662639185,-221.375061035156
10.7159574468085,58.293662639185,-191.625061035156
10.7835106382979,58.293662639185,-171.855056762695
10.8510638297872,58.293662639185,-146.835067749023
10.9186170212766,58.293662639185,-127.974792480469
10.986170212766,58.293662639185,-107.444786071777
11.0537234042553,58.293662639185,-85.0347900390625
11.1212765957447,58.293662639185,-64.5947875976562
11.188829787234,58.293662639185,-51.3047904968262
11.2563829787234,58.293662639185,-34.6047897338867
11.3239361702128,58.293662639185,-16.584789276123
11.3914893617021,58.293662639185,-0.45478880405426
11.4590425531915,58.293662639185,12.231125831604
11.5265957446809,58.293662639185,13.0411262512207
11.5941489361702,58.293662639185,39.2311248779297
11.6617021276596,58.293662639185,51.0111274719238
11.7292553191489,58.293662639185,42.7811279296875
11.7968085106383,58.293662639185,15.0111265182495
11.8643617021277,58.293662639185,37.5311279296875
11.931914893617,58.293662639185,112.211128234863
11.9994680851064,58.293662639185,121.899772644043
12.0670212765957,58.293662639185,99.6797714233398
12.1345744680851,58.293662639185,61.5497703552246
12.2021276595745,58.293662639185,62.9897727966309
12.2696808510638,58.293662639185,63.6597709655762
12.3372340425532,58.293662639185,60.089771270752
12.4047872340426,58.293662639185,66.3297729492188
12.4723404255319,58.293662639185,72.8197708129883
12.5398936170213,58.293662639185,74.6500015258789
12.6074468085106,58.293662639185,78.0899963378906
12.675,58.293662639185,80.4100036621094
12.7425531914894,58.293662639185,89.1999969482422
12.8101063829787,58.293662639185,91.75
12.8776595744681,58.293662639185,84.3600006103516
12.9452127659574,58.293662639185,85.120002746582
13.0127659574468,58.293662639185,88
13.0803191489362,58.293662639185,90.9599990844727
13.1478723404255,58.293662639185,103.209999084473
13.2154255319149,58.293662639185,112.279998779297
13.2829787234043,58.293662639185,121.75
13.3505319148936,58.293662639185,130.889999389648
13.418085106383,58.293662639185,138.360000610352
13.4856382978723,58.293662639185,181.139999389648
13.5531914893617,58.293662639185,187.070007324219
13.6207446808511,58.293662639185,174.275329589844
13.6882978723404,58.293662639185,180.725326538086
13.7558510638298,58.293662639185,232.905319213867
13.8234042553192,58.293662639185,173.655319213867
13.8909574468085,58.293662639185,143.145324707031
13.9585106382979,58.293662639185,137.315322875977
14.0260638297872,58.293662639185,134.065322875977
14.0936170212766,58.293662639185,142.935333251953
14.161170212766,58.293662639185,196.399749755859
14.2287234042553,58.293662639185,121.41975402832
14.2962765957447,58.293662639185,88.2197570800781
14.363829787234,58.293662639185,87.499755859375
14.4313829787234,58.293662639185,87.499755859375
14.4989361702128,58.293662639185,87.499755859375
14.5664893617021,58.293662639185,87.499755859375
14.6340425531915,58.293662639185,123.369758605957
14.7015957446809,58.293662639185,140.479965209961
14.7691489361702,58.293662639185,154.059967041016
14.8367021276596,58.293662639185,152.54997253418
14.9042553191489,58.293662639185,157.779968261719
14.9718085106383,58.293662639185,159.539962768555
15.0393617021277,58.293662639185,135.259963989258
15.106914893617,58.293662639185,137.009963989258
15.1744680851064,58.293662639185,135.409973144531
15.2420212765957,58.293662639185,136.072494506836
15.3095744680851,58.293662639185,133.472503662109
15.3771276595745,58.293662639185,130.622497558594
15.4446808510638,58.293662639185,129.142501831055
15.5122340425532,58.293662639185,119.902496337891
15.5797872340426,58.293662639185,122.852500915527
15.6473404255319,58.293662639185,104.282501220703
15.7148936170213,58.293662639185,99.1224975585938
15.7824468085106,58.293662639185,113.373344421387
15.85,58.293662639185,120.523345947266
15.9175531914894,58.293662639185,109.583343505859
15.9851063829787,58.293662639185,92.4633483886719
16.0526595744681,58.293662639185,98.5733489990234
16.1202127659574,58.293662639185,96.3533477783203
16.1877659574468,58.293662639185,80.6933441162109
16.2553191489362,58.293662639185,82.1533508300781
16.3228723404255,58.293662639185,62.3050003051758
16.3904255319149,58.293662639185,66.5550003051758
16.4579787234043,58.293662639185,60.8150024414062
16.5255319148936,58.293662639185,57.5950012207031
16.593085106383,58.293662639185,47.8050003051758
16.6606382978723,58.293662639185,45.4750022888184
16.7281914893617,58.293662639185,33.185001373291
16.7957446808511,58.293662639185,8.20500087738037
16.8632978723404,58.293662639185,-13.6801414489746
16.9308510638298,58.293662639185,-4.29014158248901
16.9984042553192,58.293662639185,-8.72014141082764
17.0659574468085,58.293662639185,-17.1201419830322
17.1335106382979,58.293662639185,-28.8601417541504
17.2010638297872,58.293662639185,-31.3501415252686
17.2686170212766,58.293662639185,-38.9801406860352
17.336170212766,58.293662639185,-50.5801429748535
17.4037234042553,58.293662639185,-68.3596267700195
17.4712765957447,58.293662639185,-85.7096252441406
17.538829787234,58.293662639185,-102.69962310791
17.6063829787234,58.293662639185,-113.209625244141
17.6739361702128,58.293662639185,-111.849624633789
17.7414893617021,58.293662639185,-119.239624023438
17.8090425531915,58.293662639185,-126.779624938965
17.8765957446809,58.293662639185,-133.949630737305
17.9441489361702,58.293662639185,-136.793838500977
18.0117021276596,58.293662639185,-132.613830566406
18.0792553191489,58.293662639185,-149.823837280273
18.1468085106383,58.293662639185,-124.753837585449
18.2143617021277,58.293662639185,-104.623832702637
18.281914893617,58.293662639185,-90.7538375854492
18.3494680851064,58.293662639185,-86.9238357543945
18.4170212765957,58.293662639185,-80.1677932739258
18.4845744680851,58.293662639185,-69.4177932739258
18.5521276595745,58.293662639185,-90.3877944946289
18.6196808510638,58.293662639185,-95.2577972412109
18.6872340425532,58.293662639185,-101.527793884277
18.7547872340426,58.293662639185,-108.24779510498
18.8223404255319,58.293662639185,-108.807792663574
18.8898936170213,58.293662639185,-117.367797851562
18.9574468085106,58.293662639185,-115.377555847168
19.025,58.293662639185,-94.1675567626953
19.0925531914894,58.293662639185,-73.8475570678711
19.1601063829787,58.293662639185,-64.1875534057617
19.2276595744681,58.293662639185,-38.4275550842285
19.2952127659575,58.293662639185,-32.8475570678711
19.3627659574468,58.293662639185,-65.9475555419922
19.4303191489362,58.293662639185,-97.2175598144531
19.4978723404255,58.293662639185,-115.65340423584
19.5654255319149,58.293662639185,-129.843414306641
19.6329787234043,58.293662639185,-139.813400268555
19.7005319148936,58.293662639185,-134.033401489258
19.768085106383,58.293662639185,-140.353408813477
19.8356382978723,58.293662639185,-147.703414916992
19.9031914893617,58.293662639185,-157.313400268555
19.9707446808511,58.293662639185,-159.563400268555
20.0382978723404,58.293662639185,-135.089828491211
20.1058510638298,58.293662639185,-116.749824523926
20.1734042553191,58.293662639185,-69.209831237793
20.2409574468085,58.293662639185,-64.0598297119141
20.3085106382979,58.293662639185,-97.5198287963867
20.3760638297872,58.293662639185,-98.6998291015625
20.4436170212766,58.293662639185,-139.699829101562
20.511170212766,58.293662639185,-139.109832763672
20.5787234042553,58.293662639185,-116.17707824707
20.6462765957447,58.293662639185,-107.057075500488
20.713829787234,58.293662639185,-111.557075500488
20.7813829787234,58.293662639185,-95.1670761108398
20.8489361702128,58.293662639185,-52.927074432373
20.9164893617021,58.293662639185,-47.2670745849609
20.9840425531915,58.293662639185,-53.8070755004883
21.0515957446809,58.293662639185,-51.427074432373
21.1191489361702,58.293662639185,-52.602108001709
21.1867021276596,58.293662639185,-42.0121078491211
21.2542553191489,58.293662639185,-34.8121070861816
21.3218085106383,58.293662639185,-30.7521076202393
21.3893617021277,58.293662639185,-26.0921077728271
21.456914893617,58.293662639185,-25.6621074676514
21.5244680851064,58.293662639185,-23.542106628418
21.5920212765957,58.293662639185,-22.7321071624756
21.6595744680851,58.293662639185,-20.4429168701172
21.7271276595745,58.293662639185,-16.4929180145264
21.7946808510638,58.293662639185,-11.0929174423218
21.8622340425532,58.293662639185,-10.2829170227051
21.9297872340426,58.293662639185,-7.16291761398315
21.9973404255319,58.293662639185,-2.65291738510132
22.0648936170213,58.293662639185,3.89708256721497
22.1324468085106,58.293662639185,17.5870819091797
22.2,58.293662639185,24.7312850952148
9.5,58.2254639500908,-581.30908203125
9.56755319148936,58.2254639500908,-547.51904296875
9.63510638297872,58.2254639500908,-515.26904296875
9.70265957446808,58.2254639500908,-486.399047851562
9.77021276595745,58.2254639500908,-453.509063720703
9.83776595744681,58.2254639500908,-402.432586669922
9.90531914893617,58.2254639500908,-346.882568359375
9.97287234042553,58.2254639500908,-398.642578125
10.0404255319149,58.2254639500908,-397.272583007812
10.1079787234043,58.2254639500908,-304.632568359375
10.1755319148936,58.2254639500908,-249.512588500977
10.243085106383,58.2254639500908,-236.472579956055
10.3106382978723,58.2254639500908,-232.042587280273
10.3781914893617,58.2254639500908,-218.265060424805
10.4457446808511,58.2254639500908,-212.035064697266
10.5132978723404,58.2254639500908,-229.985061645508
10.5808510638298,58.2254639500908,-246.825057983398
10.6484042553192,58.2254639500908,-239.125061035156
10.7159574468085,58.2254639500908,-209.985061645508
10.7835106382979,58.2254639500908,-175.325057983398
10.8510638297872,58.2254639500908,-158.675064086914
10.9186170212766,58.2254639500908,-139.554794311523
10.986170212766,58.2254639500908,-119.524787902832
11.0537234042553,58.2254639500908,-98.5947875976562
11.1212765957447,58.2254639500908,-75.794792175293
11.188829787234,58.2254639500908,-53.1947898864746
11.2563829787234,58.2254639500908,-39.584789276123
11.3239361702128,58.2254639500908,-12.1247892379761
11.3914893617021,58.2254639500908,7.87521123886108
11.4590425531915,58.2254639500908,55.3011245727539
11.5265957446809,58.2254639500908,41.5111274719238
11.5941489361702,58.2254639500908,44.8411254882812
11.6617021276596,58.2254639500908,60.8011245727539
11.7292553191489,58.2254639500908,54.0311279296875
11.7968085106383,58.2254639500908,37.6511268615723
11.8643617021277,58.2254639500908,72.1611251831055
11.931914893617,58.2254639500908,104.821128845215
11.9994680851064,58.2254639500908,118.349769592285
12.0670212765957,58.2254639500908,56.4197731018066
12.1345744680851,58.2254639500908,70.3497695922852
12.2021276595745,58.2254639500908,52.9897727966309
12.2696808510638,58.2254639500908,69.4497680664062
12.3372340425532,58.2254639500908,81.8097686767578
12.4047872340426,58.2254639500908,83.6997680664062
12.4723404255319,58.2254639500908,90.7597732543945
12.5398936170213,58.2254639500908,89.6900024414062
12.6074468085106,58.2254639500908,92.5100021362305
12.675,58.2254639500908,91.2600021362305
12.7425531914894,58.2254639500908,87.5199966430664
12.8101063829787,58.2254639500908,89.7099990844727
12.8776595744681,58.2254639500908,95.6500015258789
12.9452127659574,58.2254639500908,100.809997558594
13.0127659574468,58.2254639500908,107.699996948242
13.0803191489362,58.2254639500908,110.98999786377
13.1478723404255,58.2254639500908,130.080001831055
13.2154255319149,58.2254639500908,132.68000793457
13.2829787234043,58.2254639500908,143.839996337891
13.3505319148936,58.2254639500908,160.100006103516
13.418085106383,58.2254639500908,208.119995117188
13.4856382978723,58.2254639500908,248.830001831055
13.5531914893617,58.2254639500908,228.5
13.6207446808511,58.2254639500908,206.825332641602
13.6882978723404,58.2254639500908,208.825332641602
13.7558510638298,58.2254639500908,273.315338134766
13.8234042553192,58.2254639500908,191.115325927734
13.8909574468085,58.2254639500908,158.695327758789
13.9585106382979,58.2254639500908,159.615325927734
14.0260638297872,58.2254639500908,156.655319213867
14.0936170212766,58.2254639500908,194.425323486328
14.161170212766,58.2254639500908,193.239761352539
14.2287234042553,58.2254639500908,100.91975402832
14.2962765957447,58.2254639500908,87.499755859375
14.363829787234,58.2254639500908,87.499755859375
14.4313829787234,58.2254639500908,87.499755859375
14.4989361702128,58.2254639500908,87.499755859375
14.5664893617021,58.2254639500908,113.569755554199
14.6340425531915,58.2254639500908,170.609756469727
14.7015957446809,58.2254639500908,176.409973144531
14.7691489361702,58.2254639500908,181.009963989258
14.8367021276596,58.2254639500908,182.119964599609
14.9042553191489,58.2254639500908,189.259963989258
14.9718085106383,58.2254639500908,178.539962768555
15.0393617021277,58.2254639500908,149.789962768555
15.106914893617,58.2254639500908,152.189971923828
15.1744680851064,58.2254639500908,156.209976196289
15.2420212765957,58.2254639500908,153.522491455078
15.3095744680851,58.2254639500908,164.0625
15.3771276595745,58.2254639500908,169.172500610352
15.4446808510638,58.2254639500908,173.552505493164
15.5122340425532,58.2254639500908,170.0625
15.5797872340426,58.2254639500908,149.712493896484
15.6473404255319,58.2254639500908,112.752494812012
15.7148936170213,58.2254639500908,107.372497558594
15.7824468085106,58.2254639500908,115.273345947266
15.85,58.2254639500908,116.433349609375
15.9175531914894,58.2254639500908,131.723342895508
15.9851063829787,58.2254639500908,118.183349609375
16.0526595744681,58.2254639500908,110.273345947266
16.1202127659574,58.2254639500908,102.913345336914
16.1877659574468,58.2254639500908,89.0533447265625
16.2553191489362,58.2254639500908,99.0833435058594
16.3228723404255,58.2254639500908,70.7150039672852
16.3904255319149,58.2254639500908,54.2449989318848
16.4579787234043,58.2254639500908,60.625
16.5255319148936,58.2254639500908,52.7050018310547
16.593085106383,58.2254639500908,40.3650016784668
16.6606382978723,58.2254639500908,27.2750015258789
16.7281914893617,58.2254639500908,21.625
16.7957446808511,58.2254639500908,14.6850004196167
16.8632978723404,58.2254639500908,1.11985838413239
16.9308510638298,58.2254639500908,-16.4601421356201
16.9984042553192,58.2254639500908,-13.8901414871216
17.0659574468085,58.2254639500908,-19.6701412200928
17.1335106382979,58.2254639500908,-37.8901405334473
17.2010638297872,58.2254639500908,-38.7801399230957
17.2686170212766,58.2254639500908,-44.2101402282715
17.336170212766,58.2254639500908,-53.6801414489746
17.4037234042553,58.2254639500908,-69.2796249389648
17.4712765957447,58.2254639500908,-88.8596267700195
17.538829787234,58.2254639500908,-109.68962097168
17.6063829787234,58.2254639500908,-115.019622802734
17.6739361702128,58.2254639500908,-114.669624328613
17.7414893617021,58.2254639500908,-122.719627380371
17.8090425531915,58.2254639500908,-130.459625244141
17.8765957446809,58.2254639500908,-143.909622192383
17.9441489361702,58.2254639500908,-160.363830566406
18.0117021276596,58.2254639500908,-153.023834228516
18.0792553191489,58.2254639500908,-129.563842773438
18.1468085106383,58.2254639500908,-137.573837280273
18.2143617021277,58.2254639500908,-131.543838500977
18.281914893617,58.2254639500908,-98.183837890625
18.3494680851064,58.2254639500908,-84.7838363647461
18.4170212765957,58.2254639500908,-88.2477951049805
18.4845744680851,58.2254639500908,-77.5177917480469
18.5521276595745,58.2254639500908,-89.6377944946289
18.6196808510638,58.2254639500908,-97.3377914428711
18.6872340425532,58.2254639500908,-98.0377960205078
18.7547872340426,58.2254639500908,-88.9777908325195
18.8223404255319,58.2254639500908,-96.8977966308594
18.8898936170213,58.2254639500908,-104.877792358398
18.9574468085106,58.2254639500908,-115.867553710938
19.025,58.2254639500908,-103.917556762695
19.0925531914894,58.2254639500908,-72.2875595092773
19.1601063829787,58.2254639500908,-37.4975547790527
19.2276595744681,58.2254639500908,-28.1175556182861
19.2952127659575,58.2254639500908,-39.067554473877
19.3627659574468,58.2254639500908,-69.0975570678711
19.4303191489362,58.2254639500908,-102.507553100586
19.4978723404255,58.2254639500908,-127.593406677246
19.5654255319149,58.2254639500908,-144.883407592773
19.6329787234043,58.2254639500908,-150.903411865234
19.7005319148936,58.2254639500908,-155.833404541016
19.768085106383,58.2254639500908,-149.403411865234
19.8356382978723,58.2254639500908,-160.523406982422
19.9031914893617,58.2254639500908,-172.703414916992
19.9707446808511,58.2254639500908,-172.32341003418
20.0382978723404,58.2254639500908,-162.429824829102
20.1058510638298,58.2254639500908,-152.449829101562
20.1734042553191,58.2254639500908,-131.74983215332
20.2409574468085,58.2254639500908,-111.929824829102
20.3085106382979,58.2254639500908,-114.059829711914
20.3760638297872,58.2254639500908,-91.8498306274414
20.4436170212766,58.2254639500908,-105.809829711914
20.511170212766,58.2254639500908,-122.849830627441
20.5787234042553,58.2254639500908,-84.4470748901367
20.6462765957447,58.2254639500908,-83.7470779418945
20.713829787234,58.2254639500908,-110.707077026367
20.7813829787234,58.2254639500908,-87.4670715332031
20.8489361702128,58.2254639500908,-62.6370735168457
20.9164893617021,58.2254639500908,-51.5470733642578
20.9840425531915,58.2254639500908,-46.5470733642578
21.0515957446809,58.2254639500908,-43.3570747375488
21.1191489361702,58.2254639500908,-41.6921081542969
21.1867021276596,58.2254639500908,-40.042106628418
21.2542553191489,58.2254639500908,-37.2221069335938
21.3218085106383,58.2254639500908,-36.8021087646484
21.3893617021277,58.2254639500908,-34.9021072387695
21.456914893617,58.2254639500908,-35.4321060180664
21.5244680851064,58.2254639500908,-30.3221073150635
21.5920212765957,58.2254639500908,-24.9721069335938
21.6595744680851,58.2254639500908,-25.7329177856445
21.7271276595745,58.2254639500908,-22.0129165649414
21.7946808510638,58.2254639500908,-19.7329177856445
21.8622340425532,58.2254639500908,-20.8129177093506
21.9297872340426,58.2254639500908,-20.2529182434082
21.9973404255319,58.2254639500908,-17.1629180908203
22.0648936170213,58.2254639500908,-8.61291790008545
22.1324468085106,58.2254639500908,-2.00291752815247
22.2,58.2254639500908,5.05128526687622
9.5,58.1572652609966,-489.659057617188
9.56755319148936,58.1572652609966,-454.699066162109
9.63510638297872,58.1572652609966,-424.069061279297
9.70265957446808,58.1572652609966,-362.589050292969
9.77021276595745,58.1572652609966,-310.959045410156
9.83776595744681,58.1572652609966,-276.942596435547
9.90531914893617,58.1572652609966,-221.48258972168
9.97287234042553,58.1572652609966,-249.98258972168
10.0404255319149,58.1572652609966,-254.842590332031
10.1079787234043,58.1572652609966,-210.292587280273
10.1755319148936,58.1572652609966,-182.292587280273
10.243085106383,58.1572652609966,-164.952575683594
10.3106382978723,58.1572652609966,-163.23258972168
10.3781914893617,58.1572652609966,-156.505065917969
10.4457446808511,58.1572652609966,-153.825057983398
10.5132978723404,58.1572652609966,-179.535064697266
10.5808510638298,58.1572652609966,-195.925064086914
10.6484042553192,58.1572652609966,-207.61506652832
10.7159574468085,58.1572652609966,-221.145065307617
10.7835106382979,58.1572652609966,-202.375061035156
10.8510638297872,58.1572652609966,-170.545059204102
10.9186170212766,58.1572652609966,-143.614791870117
10.986170212766,58.1572652609966,-134.394790649414
11.0537234042553,58.1572652609966,-115.444786071777
11.1212765957447,58.1572652609966,-85.6947860717773
11.188829787234,58.1572652609966,-55.7547874450684
11.2563829787234,58.1572652609966,-33.584789276123
11.3239361702128,58.1572652609966,-15.8747892379761
11.3914893617021,58.1572652609966,-4.71478891372681
11.4590425531915,58.1572652609966,30.271125793457
11.5265957446809,58.1572652609966,15.1711263656616
11.5941489361702,58.1572652609966,2.57112622261047
11.6617021276596,58.1572652609966,20.191125869751
11.7292553191489,58.1572652609966,6.2911262512207
11.7968085106383,58.1572652609966,12.8511257171631
11.8643617021277,58.1572652609966,81.2311248779297
11.931914893617,58.1572652609966,78.3011245727539
11.9994680851064,58.1572652609966,128.609771728516
12.0670212765957,58.1572652609966,64.0797729492188
12.1345744680851,58.1572652609966,50.2397727966309
12.2021276595745,58.1572652609966,63.7497711181641
12.2696808510638,58.1572652609966,83.6197738647461
12.3372340425532,58.1572652609966,92.1797714233398
12.4047872340426,58.1572652609966,129.909774780273
12.4723404255319,58.1572652609966,93.0097732543945
12.5398936170213,58.1572652609966,95.2099990844727
12.6074468085106,58.1572652609966,112.459999084473
12.675,58.1572652609966,108.400001525879
12.7425531914894,58.1572652609966,93.9300003051758
12.8101063829787,58.1572652609966,97.5299987792969
12.8776595744681,58.1572652609966,106
12.9452127659574,58.1572652609966,111.160003662109
13.0127659574468,58.1572652609966,118.459999084473
13.0803191489362,58.1572652609966,132.509994506836
13.1478723404255,58.1572652609966,161.570007324219
13.2154255319149,58.1572652609966,164.710006713867
13.2829787234043,58.1572652609966,175.360000610352
13.3505319148936,58.1572652609966,187
13.418085106383,58.1572652609966,196.220001220703
13.4856382978723,58.1572652609966,198.320007324219
13.5531914893617,58.1572652609966,217.399993896484
13.6207446808511,58.1572652609966,216.735321044922
13.6882978723404,58.1572652609966,224.62532043457
13.7558510638298,58.1572652609966,234.775329589844
13.8234042553192,58.1572652609966,207.165328979492
13.8909574468085,58.1572652609966,187.115325927734
13.9585106382979,58.1572652609966,218.365325927734
14.0260638297872,58.1572652609966,277.075317382812
14.0936170212766,58.1572652609966,246.885330200195
14.161170212766,58.1572652609966,208.859756469727
14.2287234042553,58.1572652609966,95.4597549438477
14.2962765957447,58.1572652609966,87.499755859375
14.363829787234,58.1572652609966,88.9797592163086
14.4313829787234,58.1572652609966,87.6897583007812
14.4989361702128,58.1572652609966,98.3297576904297
14.5664893617021,58.1572652609966,201.389755249023
14.6340425531915,58.1572652609966,211.969757080078
14.7015957446809,58.1572652609966,208.499969482422
14.7691489361702,58.1572652609966,209.649963378906
14.8367021276596,58.1572652609966,203.929962158203
14.9042553191489,58.1572652609966,199.679962158203
14.9718085106383,58.1572652609966,174.619964599609
15.0393617021277,58.1572652609966,155.759963989258
15.106914893617,58.1572652609966,167.88996887207
15.1744680851064,58.1572652609966,179.239974975586
15.2420212765957,58.1572652609966,175.012496948242
15.3095744680851,58.1572652609966,189.402496337891
15.3771276595745,58.1572652609966,194.652496337891
15.4446808510638,58.1572652609966,186.082504272461
15.5122340425532,58.1572652609966,175.272491455078
15.5797872340426,58.1572652609966,173.902496337891
15.6473404255319,58.1572652609966,144.692504882812
15.7148936170213,58.1572652609966,100.992500305176
15.7824468085106,58.1572652609966,102.863349914551
15.85,58.1572652609966,123.723350524902
15.9175531914894,58.1572652609966,152.193344116211
15.9851063829787,58.1572652609966,152.083343505859
16.0526595744681,58.1572652609966,130.113342285156
16.1202127659574,58.1572652609966,135.443344116211
16.1877659574468,58.1572652609966,115.633346557617
16.2553191489362,58.1572652609966,88.183349609375
16.3228723404255,58.1572652609966,63.2849998474121
16.3904255319149,58.1572652609966,48.2950019836426
16.4579787234043,58.1572652609966,45.8650016784668
16.5255319148936,58.1572652609966,41.125
16.593085106383,58.1572652609966,34.8650016784668
16.6606382978723,58.1572652609966,22.3850002288818
16.7281914893617,58.1572652609966,12.6750011444092
16.7957446808511,58.1572652609966,1.07500076293945
16.8632978723404,58.1572652609966,-4.42014169692993
16.9308510638298,58.1572652609966,-23.5601425170898
16.9984042553192,58.1572652609966,-40.5501403808594
17.0659574468085,58.1572652609966,-46.1501426696777
17.1335106382979,58.1572652609966,-53.3901405334473
17.2010638297872,58.1572652609966,-56.2601432800293
17.2686170212766,58.1572652609966,-59.4201431274414
17.336170212766,58.1572652609966,-65.8401412963867
17.4037234042553,58.1572652609966,-72.9696273803711
17.4712765957447,58.1572652609966,-86.499626159668
17.538829787234,58.1572652609966,-105.229621887207
17.6063829787234,58.1572652609966,-119.819625854492
17.6739361702128,58.1572652609966,-123.44962310791
17.7414893617021,58.1572652609966,-125.969627380371
17.8090425531915,58.1572652609966,-140.919631958008
17.8765957446809,58.1572652609966,-155.169631958008
17.9441489361702,58.1572652609966,-169.623840332031
18.0117021276596,58.1572652609966,-157.783828735352
18.0792553191489,58.1572652609966,-103.413833618164
18.1468085106383,58.1572652609966,-113.613838195801
18.2143617021277,58.1572652609966,-123.443832397461
18.281914893617,58.1572652609966,-102.913833618164
18.3494680851064,58.1572652609966,-89.2738342285156
18.4170212765957,58.1572652609966,-100.127792358398
18.4845744680851,58.1572652609966,-101.517791748047
18.5521276595745,58.1572652609966,-93.7877960205078
18.6196808510638,58.1572652609966,-99.0077972412109
18.6872340425532,58.1572652609966,-94.7877960205078
18.7547872340426,58.1572652609966,-87.107795715332
18.8223404255319,58.1572652609966,-96.5977935791016
18.8898936170213,58.1572652609966,-105.407791137695
18.9574468085106,58.1572652609966,-110.797554016113
19.025,58.1572652609966,-107.32755279541
19.0925531914894,58.1572652609966,-86.5475540161133
19.1601063829787,58.1572652609966,-59.1575546264648
19.2276595744681,58.1572652609966,-40.3275566101074
19.2952127659575,58.1572652609966,-47.0475578308105
19.3627659574468,58.1572652609966,-44.2075576782227
19.4303191489362,58.1572652609966,-80.2875595092773
19.4978723404255,58.1572652609966,-120.333404541016
19.5654255319149,58.1572652609966,-139.183410644531
19.6329787234043,58.1572652609966,-152.383407592773
19.7005319148936,58.1572652609966,-163.82341003418
19.768085106383,58.1572652609966,-154.673400878906
19.8356382978723,58.1572652609966,-175.503402709961
19.9031914893617,58.1572652609966,-185.683410644531
19.9707446808511,58.1572652609966,-173.933410644531
20.0382978723404,58.1572652609966,-165.479827880859
20.1058510638298,58.1572652609966,-144.809829711914
20.1734042553191,58.1572652609966,-124.299827575684
20.2409574468085,58.1572652609966,-124.809829711914
20.3085106382979,58.1572652609966,-121.889831542969
20.3760638297872,58.1572652609966,-92.7798309326172
20.4436170212766,58.1572652609966,-89.6598281860352
20.511170212766,58.1572652609966,-100.199829101562
20.5787234042553,58.1572652609966,-83.6070785522461
20.6462765957447,58.1572652609966,-81.7670745849609
20.713829787234,58.1572652609966,-106.987075805664
20.7813829787234,58.1572652609966,-77.9570770263672
20.8489361702128,58.1572652609966,-71.9070739746094
20.9164893617021,58.1572652609966,-58.3070755004883
20.9840425531915,58.1572652609966,-58.3870735168457
21.0515957446809,58.1572652609966,-58.8470764160156
21.1191489361702,58.1572652609966,-55.8921089172363
21.1867021276596,58.1572652609966,-53.2821083068848
21.2542553191489,58.1572652609966,-47.602108001709
21.3218085106383,58.1572652609966,-41.8021087646484
21.3893617021277,58.1572652609966,-43.4221076965332
21.456914893617,58.1572652609966,-40.2721061706543
21.5244680851064,58.1572652609966,-37.8621063232422
21.5920212765957,58.1572652609966,-35.7721061706543
21.6595744680851,58.1572652609966,-34.2329177856445
21.7271276595745,58.1572652609966,-35.0829162597656
21.7946808510638,58.1572652609966,-32.872917175293
21.8622340425532,58.1572652609966,-30.0329170227051
21.9297872340426,58.1572652609966,-26.0929183959961
21.9973404255319,58.1572652609966,-22.3529167175293
22.0648936170213,58.1572652609966,-12.4229173660278
22.1324468085106,58.1572652609966,-4.3829174041748
22.2,58.1572652609966,-1.17871463298798
9.5,58.0890665719024,-387.829040527344
9.56755319148936,58.0890665719024,-326.109039306641
9.63510638297872,58.0890665719024,-262.849060058594
9.70265957446808,58.0890665719024,-218.379058837891
9.77021276595745,58.0890665719024,-194.839050292969
9.83776595744681,58.0890665719024,-163.712585449219
9.90531914893617,58.0890665719024,-135.672576904297
9.97287234042553,58.0890665719024,-136.892578125
10.0404255319149,58.0890665719024,-129.892578125
10.1079787234043,58.0890665719024,-121.302581787109
10.1755319148936,58.0890665719024,-116.442581176758
10.243085106383,58.0890665719024,-109.582580566406
10.3106382978723,58.0890665719024,-110.32258605957
10.3781914893617,58.0890665719024,-110.175064086914
10.4457446808511,58.0890665719024,-113.655059814453
10.5132978723404,58.0890665719024,-141.975067138672
10.5808510638298,58.0890665719024,-168.825057983398
10.6484042553192,58.0890665719024,-183.765060424805
10.7159574468085,58.0890665719024,-206.165069580078
10.7835106382979,58.0890665719024,-216.665069580078
10.8510638297872,58.0890665719024,-185.945068359375
10.9186170212766,58.0890665719024,-150.314788818359
10.986170212766,58.0890665719024,-127.544792175293
11.0537234042553,58.0890665719024,-120.884788513184
11.1212765957447,58.0890665719024,-100.634788513184
11.188829787234,58.0890665719024,-62.4647903442383
11.2563829787234,58.0890665719024,-46.2447891235352
11.3239361702128,58.0890665719024,-39.024787902832
11.3914893617021,58.0890665719024,-23.8447895050049
11.4590425531915,58.0890665719024,-0.818873882293701
11.5265957446809,58.0890665719024,16.9511260986328
11.5941489361702,58.0890665719024,26.691125869751
11.6617021276596,58.0890665719024,22.8511257171631
11.7292553191489,58.0890665719024,4.69112634658813
11.7968085106383,58.0890665719024,21.7511253356934
11.8643617021277,58.0890665719024,67.8711242675781
11.931914893617,58.0890665719024,96.4111251831055
11.9994680851064,58.0890665719024,129.18977355957
12.0670212765957,58.0890665719024,100.459770202637
12.1345744680851,58.0890665719024,27.0097713470459
12.2021276595745,58.0890665719024,54.3297729492188
12.2696808510638,58.0890665719024,93.7897720336914
12.3372340425532,58.0890665719024,132.34977722168
12.4047872340426,58.0890665719024,135.079772949219
12.4723404255319,58.0890665719024,83.0297698974609
12.5398936170213,58.0890665719024,130.139999389648
12.6074468085106,58.0890665719024,126.26000213623
12.675,58.0890665719024,100.050003051758
12.7425531914894,58.0890665719024,99.2600021362305
12.8101063829787,58.0890665719024,115.339996337891
12.8776595744681,58.0890665719024,123.860000610352
12.9452127659574,58.0890665719024,135
13.0127659574468,58.0890665719024,143.639999389648
13.0803191489362,58.0890665719024,150.220001220703
13.1478723404255,58.0890665719024,174.669998168945
13.2154255319149,58.0890665719024,187.839996337891
13.2829787234043,58.0890665719024,189.550003051758
13.3505319148936,58.0890665719024,193.889999389648
13.418085106383,58.0890665719024,197.809997558594
13.4856382978723,58.0890665719024,203.570007324219
13.5531914893617,58.0890665719024,213.639999389648
13.6207446808511,58.0890665719024,220.055328369141
13.6882978723404,58.0890665719024,239.635330200195
13.7558510638298,58.0890665719024,237.645324707031
13.8234042553192,58.0890665719024,233.135330200195
13.8909574468085,58.0890665719024,284.595336914062
13.9585106382979,58.0890665719024,298.025329589844
14.0260638297872,58.0890665719024,253.225326538086
14.0936170212766,58.0890665719024,236.495330810547
14.161170212766,58.0890665719024,149.009750366211
14.2287234042553,58.0890665719024,87.5097579956055
14.2962765957447,58.0890665719024,93.6897583007812
14.363829787234,58.0890665719024,93.619758605957
14.4313829787234,58.0890665719024,94.379753112793
14.4989361702128,58.0890665719024,215.559753417969
14.5664893617021,58.0890665719024,260.869750976562
14.6340425531915,58.0890665719024,225.369750976562
14.7015957446809,58.0890665719024,209.289962768555
14.7691489361702,58.0890665719024,202.409973144531
14.8367021276596,58.0890665719024,189.359970092773
14.9042553191489,58.0890665719024,204.039962768555
14.9718085106383,58.0890665719024,184.419967651367
15.0393617021277,58.0890665719024,168.019973754883
15.106914893617,58.0890665719024,166.539962768555
15.1744680851064,58.0890665719024,165.159973144531
15.2420212765957,58.0890665719024,162.742492675781
15.3095744680851,58.0890665719024,171.342498779297
15.3771276595745,58.0890665719024,174.402496337891
15.4446808510638,58.0890665719024,174.252502441406
15.5122340425532,58.0890665719024,163.262496948242
15.5797872340426,58.0890665719024,178.152496337891
15.6473404255319,58.0890665719024,139.302505493164
15.7148936170213,58.0890665719024,117.502494812012
15.7824468085106,58.0890665719024,102.013343811035
15.85,58.0890665719024,111.113349914551
15.9175531914894,58.0890665719024,142.123352050781
15.9851063829787,58.0890665719024,142.753341674805
16.0526595744681,58.0890665719024,145.713348388672
16.1202127659574,58.0890665719024,126.813346862793
16.1877659574468,58.0890665719024,123.473350524902
16.2553191489362,58.0890665719024,95.3433456420898
16.3228723404255,58.0890665719024,78.9349975585938
16.3904255319149,58.0890665719024,45.7449989318848
16.4579787234043,58.0890665719024,36.7350006103516
16.5255319148936,58.0890665719024,42.7449989318848
16.593085106383,58.0890665719024,29.3250007629395
16.6606382978723,58.0890665719024,18.1650009155273
16.7281914893617,58.0890665719024,12.0150003433228
16.7957446808511,58.0890665719024,1.52500081062317
16.8632978723404,58.0890665719024,-14.1701412200928
16.9308510638298,58.0890665719024,-23.3901424407959
16.9984042553192,58.0890665719024,-35.9201431274414
17.0659574468085,58.0890665719024,-47.6601409912109
17.1335106382979,58.0890665719024,-64.9901428222656
17.2010638297872,58.0890665719024,-66.3401412963867
17.2686170212766,58.0890665719024,-77.760139465332
17.336170212766,58.0890665719024,-81.0201416015625
17.4037234042553,58.0890665719024,-83.7696228027344
17.4712765957447,58.0890665719024,-90.1496276855469
17.538829787234,58.0890665719024,-103.10962677002
17.6063829787234,58.0890665719024,-123.999626159668
17.6739361702128,58.0890665719024,-129.719619750977
17.7414893617021,58.0890665719024,-132.639617919922
17.8090425531915,58.0890665719024,-148.169631958008
17.8765957446809,58.0890665719024,-160.349624633789
17.9441489361702,58.0890665719024,-173.253829956055
18.0117021276596,58.0890665719024,-132.153839111328
18.0792553191489,58.0890665719024,-93.3238372802734
18.1468085106383,58.0890665719024,-97.6438369750977
18.2143617021277,58.0890665719024,-110.243835449219
18.281914893617,58.0890665719024,-106.203834533691
18.3494680851064,58.0890665719024,-100.903839111328
18.4170212765957,58.0890665719024,-93.3977966308594
18.4845744680851,58.0890665719024,-99.6877975463867
18.5521276595745,58.0890665719024,-95.73779296875
18.6196808510638,58.0890665719024,-101.427795410156
18.6872340425532,58.0890665719024,-102.057792663574
18.7547872340426,58.0890665719024,-101.407791137695
18.8223404255319,58.0890665719024,-109.087791442871
18.8898936170213,58.0890665719024,-110.957794189453
18.9574468085106,58.0890665719024,-112.99755859375
19.025,58.0890665719024,-103.99755859375
19.0925531914894,58.0890665719024,-87.1575546264648
19.1601063829787,58.0890665719024,-69.9375534057617
19.2276595744681,58.0890665719024,-57.9475555419922
19.2952127659575,58.0890665719024,-55.4175567626953
19.3627659574468,58.0890665719024,-15.6875562667847
19.4303191489362,58.0890665719024,-50.5775566101074
19.4978723404255,58.0890665719024,-75.3834075927734
19.5654255319149,58.0890665719024,-119.32341003418
19.6329787234043,58.0890665719024,-147.043411254883
19.7005319148936,58.0890665719024,-162.553405761719
19.768085106383,58.0890665719024,-169.733413696289
19.8356382978723,58.0890665719024,-187.633407592773
19.9031914893617,58.0890665719024,-190.383407592773
19.9707446808511,58.0890665719024,-174.433410644531
20.0382978723404,58.0890665719024,-160.019821166992
20.1058510638298,58.0890665719024,-136.059829711914
20.1734042553191,58.0890665719024,-125.479827880859
20.2409574468085,58.0890665719024,-126.159828186035
20.3085106382979,58.0890665719024,-117.169830322266
20.3760638297872,58.0890665719024,-101.07982635498
20.4436170212766,58.0890665719024,-99.0998306274414
20.511170212766,58.0890665719024,-101.339828491211
20.5787234042553,58.0890665719024,-88.637077331543
20.6462765957447,58.0890665719024,-87.137077331543
20.713829787234,58.0890665719024,-100.077072143555
20.7813829787234,58.0890665719024,-90.5770721435547
20.8489361702128,58.0890665719024,-85.9470748901367
20.9164893617021,58.0890665719024,-80.1570739746094
20.9840425531915,58.0890665719024,-77.9570770263672
21.0515957446809,58.0890665719024,-75.0570755004883
21.1191489361702,58.0890665719024,-71.3321075439453
21.1867021276596,58.0890665719024,-67.1021041870117
21.2542553191489,58.0890665719024,-61.6821060180664
21.3218085106383,58.0890665719024,-54.792106628418
21.3893617021277,58.0890665719024,-53.042106628418
21.456914893617,58.0890665719024,-50.6221084594727
21.5244680851064,58.0890665719024,-48.9221076965332
21.5920212765957,58.0890665719024,-47.0621070861816
21.6595744680851,58.0890665719024,-44.8029174804688
21.7271276595745,58.0890665719024,-41.3529167175293
21.7946808510638,58.0890665719024,-37.0729179382324
21.8622340425532,58.0890665719024,-31.1929168701172
21.9297872340426,58.0890665719024,-24.2729167938232
21.9973404255319,58.0890665719024,-14.7429170608521
22.0648936170213,58.0890665719024,-3.00291752815247
22.1324468085106,58.0890665719024,20.297082901001
22.2,58.0890665719024,14.7412853240967
9.5,58.0208678828082,-212.218063354492
9.56755319148936,58.0208678828082,-179.318069458008
9.63510638297872,58.0208678828082,-146.168075561523
9.70265957446808,58.0208678828082,-111.638069152832
9.77021276595745,58.0208678828082,-95.1580657958984
9.83776595744681,58.0208678828082,-88.5060806274414
9.90531914893617,58.0208678828082,-84.7160797119141
9.97287234042553,58.0208678828082,-80.1360778808594
10.0404255319149,58.0208678828082,-79.0060806274414
10.1079787234043,58.0208678828082,-81.866081237793
10.1755319148936,58.0208678828082,-83.5160827636719
10.243085106383,58.0208678828082,-88.2460784912109
10.3106382978723,58.0208678828082,-95.0060806274414
10.3781914893617,58.0208678828082,-98.2099609375
10.4457446808511,58.0208678828082,-102.19995880127
10.5132978723404,58.0208678828082,-122.4599609375
10.5808510638298,58.0208678828082,-146.489959716797
10.6484042553192,58.0208678828082,-166.289962768555
10.7159574468085,58.0208678828082,-187.949951171875
10.7835106382979,58.0208678828082,-194.549957275391
10.8510638297872,58.0208678828082,-176.839950561523
10.9186170212766,58.0208678828082,-141.453430175781
10.986170212766,58.0208678828082,-110.84342956543
11.0537234042553,58.0208678828082,-96.8334274291992
11.1212765957447,58.0208678828082,-96.1534271240234
11.188829787234,58.0208678828082,-89.9934310913086
11.2563829787234,58.0208678828082,-63.2234306335449
11.3239361702128,58.0208678828082,-47.2934303283691
11.3914893617021,58.0208678828082,-32.1634292602539
11.4590425531915,58.0208678828082,-17.2504348754883
11.5265957446809,58.0208678828082,15.3195657730103
11.5941489361702,58.0208678828082,24.1095657348633
11.6617021276596,58.0208678828082,-4.07043409347534
11.7292553191489,58.0208678828082,3.15956592559814
11.7968085106383,58.0208678828082,27.2195663452148
11.8643617021277,58.0208678828082,73.3395690917969
11.931914893617,58.0208678828082,98.8095626831055
11.9994680851064,58.0208678828082,99.494743347168
12.0670212765957,58.0208678828082,37.0147438049316
12.1345744680851,58.0208678828082,42.1947441101074
12.2021276595745,58.0208678828082,72.5947418212891
12.2696808510638,58.0208678828082,118.374740600586
12.3372340425532,58.0208678828082,118.094741821289
12.4047872340426,58.0208678828082,90.9447402954102
12.4723404255319,58.0208678828082,134.344741821289
12.5398936170213,58.0208678828082,106.575759887695
12.6074468085106,58.0208678828082,95.8657608032227
12.675,58.0208678828082,118.475761413574
12.7425531914894,58.0208678828082,138.385757446289
12.8101063829787,58.0208678828082,154.195755004883
12.8776595744681,58.0208678828082,166.485763549805
12.9452127659574,58.0208678828082,173.425765991211
13.0127659574468,58.0208678828082,172.075759887695
13.0803191489362,58.0208678828082,196.949447631836
13.1478723404255,58.0208678828082,197.159439086914
13.2154255319149,58.0208678828082,202.999450683594
13.2829787234043,58.0208678828082,206.429443359375
13.3505319148936,58.0208678828082,208.939453125
13.418085106383,58.0208678828082,215.919448852539
13.4856382978723,58.0208678828082,211.519439697266
13.5531914893617,58.0208678828082,240.469451904297
13.6207446808511,58.0208678828082,243.820953369141
13.6882978723404,58.0208678828082,251.590957641602
13.7558510638298,58.0208678828082,256.750946044922
13.8234042553192,58.0208678828082,256.120941162109
13.8909574468085,58.0208678828082,291.650939941406
13.9585106382979,58.0208678828082,285.850952148438
14.0260638297872,58.0208678828082,227.320953369141
14.0936170212766,58.0208678828082,163.340957641602
14.161170212766,58.0208678828082,89.0199737548828
14.2287234042553,58.0208678828082,87.4999771118164
14.2962765957447,58.0208678828082,88.9699783325195
14.363829787234,58.0208678828082,163.639984130859
14.4313829787234,58.0208678828082,197.399978637695
14.4989361702128,58.0208678828082,215.259979248047
14.5664893617021,58.0208678828082,211.969970703125
14.6340425531915,58.0208678828082,253.359970092773
14.7015957446809,58.0208678828082,227.125732421875
14.7691489361702,58.0208678828082,207.715744018555
14.8367021276596,58.0208678828082,191.855743408203
14.9042553191489,58.0208678828082,219.29573059082
14.9718085106383,58.0208678828082,237.435745239258
15.0393617021277,58.0208678828082,231.70573425293
15.106914893617,58.0208678828082,187.20573425293
15.1744680851064,58.0208678828082,167.615737915039
15.2420212765957,58.0208678828082,183.213119506836
15.3095744680851,58.0208678828082,160.713119506836
15.3771276595745,58.0208678828082,169.743118286133
15.4446808510638,58.0208678828082,187.103118896484
15.5122340425532,58.0208678828082,176.623123168945
15.5797872340426,58.0208678828082,164.313110351562
15.6473404255319,58.0208678828082,150.843124389648
15.7148936170213,58.0208678828082,166.183120727539
15.7824468085106,58.0208678828082,141.673385620117
15.85,58.0208678828082,101.243385314941
15.9175531914894,58.0208678828082,133.89338684082
15.9851063829787,58.0208678828082,137.783386230469
16.0526595744681,58.0208678828082,151.533386230469
16.1202127659574,58.0208678828082,115.88338470459
16.1877659574468,58.0208678828082,109.783386230469
16.2553191489362,58.0208678828082,89.3633880615234
16.3228723404255,58.0208678828082,74.8057174682617
16.3904255319149,58.0208678828082,54.4157180786133
16.4579787234043,58.0208678828082,33.2057189941406
16.5255319148936,58.0208678828082,15.0757188796997
16.593085106383,58.0208678828082,12.4457187652588
16.6606382978723,58.0208678828082,18.4857177734375
16.7281914893617,58.0208678828082,9.6057186126709
16.7957446808511,58.0208678828082,8.1057186126709
16.8632978723404,58.0208678828082,-9.64961528778076
16.9308510638298,58.0208678828082,-29.2696151733398
16.9984042553192,58.0208678828082,-42.3096160888672
17.0659574468085,58.0208678828082,-53.7896156311035
17.1335106382979,58.0208678828082,-61.3696136474609
17.2010638297872,58.0208678828082,-75.489616394043
17.2686170212766,58.0208678828082,-85.9596176147461
17.336170212766,58.0208678828082,-95.1296157836914
17.4037234042553,58.0208678828082,-99.8662414550781
17.4712765957447,58.0208678828082,-106.666236877441
17.538829787234,58.0208678828082,-120.446235656738
17.6063829787234,58.0208678828082,-130.596237182617
17.6739361702128,58.0208678828082,-130.866241455078
17.7414893617021,58.0208678828082,-149.926239013672
17.8090425531915,58.0208678828082,-159.136245727539
17.8765957446809,58.0208678828082,-172.276245117188
17.9441489361702,58.0208678828082,-185.327789306641
18.0117021276596,58.0208678828082,-104.117790222168
18.0792553191489,58.0208678828082,-87.3177871704102
18.1468085106383,58.0208678828082,-96.4177856445312
18.2143617021277,58.0208678828082,-110.97779083252
18.281914893617,58.0208678828082,-98.3077926635742
18.3494680851064,58.0208678828082,-103.587791442871
18.4170212765957,58.0208678828082,-96.4157638549805
18.4845744680851,58.0208678828082,-97.8857650756836
18.5521276595745,58.0208678828082,-102.795761108398
18.6196808510638,58.0208678828082,-104.305763244629
18.6872340425532,58.0208678828082,-81.025764465332
18.7547872340426,58.0208678828082,-93.3757629394531
18.8223404255319,58.0208678828082,-104.595764160156
18.8898936170213,58.0208678828082,-96.7857666015625
18.9574468085106,58.0208678828082,-94.0722122192383
19.025,58.0208678828082,-86.9122085571289
19.0925531914894,58.0208678828082,-22.9622116088867
19.1601063829787,58.0208678828082,0.817787766456604
19.2276595744681,58.0208678828082,0.517787754535675
19.2952127659575,58.0208678828082,-0.382212221622467
19.3627659574468,58.0208678828082,-8.8922119140625
19.4303191489362,58.0208678828082,-22.4122123718262
19.4978723404255,58.0208678828082,-44.7679595947266
19.5654255319149,58.0208678828082,-67.5779647827148
19.6329787234043,58.0208678828082,-114.077964782715
19.7005319148936,58.0208678828082,-132.207962036133
19.768085106383,58.0208678828082,-182.297958374023
19.8356382978723,58.0208678828082,-182.91796875
19.9031914893617,58.0208678828082,-185.597961425781
19.9707446808511,58.0208678828082,-167.347961425781
20.0382978723404,58.0208678828082,-154.58610534668
20.1058510638298,58.0208678828082,-133.246109008789
20.1734042553191,58.0208678828082,-127.226104736328
20.2409574468085,58.0208678828082,-124.486106872559
20.3085106382979,58.0208678828082,-109.696105957031
20.3760638297872,58.0208678828082,-103.046104431152
20.4436170212766,58.0208678828082,-102.356101989746
20.511170212766,58.0208678828082,-99.6561050415039
20.5787234042553,58.0208678828082,-95.7997283935547
20.6462765957447,58.0208678828082,-99.0097274780273
20.713829787234,58.0208678828082,-98.6697235107422
20.7813829787234,58.0208678828082,-97.5597305297852
20.8489361702128,58.0208678828082,-93.6297302246094
20.9164893617021,58.0208678828082,-89.0697250366211
20.9840425531915,58.0208678828082,-87.0197296142578
21.0515957446809,58.0208678828082,-85.2797241210938
21.1191489361702,58.0208678828082,-80.7486953735352
21.1867021276596,58.0208678828082,-76.0086898803711
21.2542553191489,58.0208678828082,-71.5886917114258
21.3218085106383,58.0208678828082,-67.4186935424805
21.3893617021277,58.0208678828082,-62.40869140625
21.456914893617,58.0208678828082,-56.8286933898926
21.5244680851064,58.0208678828082,-54.8086929321289
21.5920212765957,58.0208678828082,-50.9586906433105
21.6595744680851,58.0208678828082,-46.2499847412109
21.7271276595745,58.0208678828082,-40.1399841308594
21.7946808510638,58.0208678828082,-33.2699851989746
21.8622340425532,58.0208678828082,-27.4899845123291
21.9297872340426,58.0208678828082,-17.7599849700928
21.9973404255319,58.0208678828082,-5.60998487472534
22.0648936170213,58.0208678828082,8.99001502990723
22.1324468085106,58.0208678828082,16.0800151824951
22.2,58.0208678828082,4.06117343902588
9.5,57.952669193714,-115.158065795898
9.56755319148936,57.952669193714,-97.6880722045898
9.63510638297872,57.952669193714,-87.0880661010742
9.70265957446808,57.952669193714,-72.7280654907227
9.77021276595745,57.952669193714,-63.3080673217773
9.83776595744681,57.952669193714,-60.1560821533203
9.90531914893617,57.952669193714,-62.4960823059082
9.97287234042553,57.952669193714,-64.0460815429688
10.0404255319149,57.952669193714,-64.4060821533203
10.1079787234043,57.952669193714,-67.8560791015625
10.1755319148936,57.952669193714,-75.5060806274414
10.243085106383,57.952669193714,-84.8160781860352
10.3106382978723,57.952669193714,-94.3760833740234
10.3781914893617,57.952669193714,-98.8799591064453
10.4457446808511,57.952669193714,-102.049957275391
10.5132978723404,57.952669193714,-112.749954223633
10.5808510638298,57.952669193714,-128.009963989258
10.6484042553192,57.952669193714,-141.499954223633
10.7159574468085,57.952669193714,-145.629959106445
10.7835106382979,57.952669193714,-138.599960327148
10.8510638297872,57.952669193714,-128.429962158203
10.9186170212766,57.952669193714,-105.923431396484
10.986170212766,57.952669193714,-81.2834320068359
11.0537234042553,57.952669193714,-68.9434280395508
11.1212765957447,57.952669193714,-65.6634292602539
11.188829787234,57.952669193714,-82.7134323120117
11.2563829787234,57.952669193714,-82.3134307861328
11.3239361702128,57.952669193714,-59.5334320068359
11.3914893617021,57.952669193714,-37.2334289550781
11.4590425531915,57.952669193714,-27.8404331207275
11.5265957446809,57.952669193714,-15.1804342269897
11.5941489361702,57.952669193714,-2.17043399810791
11.6617021276596,57.952669193714,2.98956608772278
11.7292553191489,57.952669193714,27.4795665740967
11.7968085106383,57.952669193714,38.5495643615723
11.8643617021277,57.952669193714,33.1395645141602
11.931914893617,57.952669193714,46.979564666748
11.9994680851064,57.952669193714,36.1247444152832
12.0670212765957,57.952669193714,59.2647438049316
12.1345744680851,57.952669193714,81.6247406005859
12.2021276595745,57.952669193714,99.0047454833984
12.2696808510638,57.952669193714,104.674743652344
12.3372340425532,57.952669193714,65.5547409057617
12.4047872340426,57.952669193714,61.6147422790527
12.4723404255319,57.952669193714,81.9847412109375
12.5398936170213,57.952669193714,103.285758972168
12.6074468085106,57.952669193714,155.685760498047
12.675,57.952669193714,202.845764160156
12.7425531914894,57.952669193714,213.495758056641
12.8101063829787,57.952669193714,198.365753173828
12.8776595744681,57.952669193714,170.335754394531
12.9452127659574,57.952669193714,191.195755004883
13.0127659574468,57.952669193714,205.325759887695
13.0803191489362,57.952669193714,235.909439086914
13.1478723404255,57.952669193714,224.339447021484
13.2154255319149,57.952669193714,229.069442749023
13.2829787234043,57.952669193714,228.939453125
13.3505319148936,57.952669193714,228.119445800781
13.418085106383,57.952669193714,221.879440307617
13.4856382978723,57.952669193714,247.75944519043
13.5531914893617,57.952669193714,271.609436035156
13.6207446808511,57.952669193714,257.290954589844
13.6882978723404,57.952669193714,276.490966796875
13.7558510638298,57.952669193714,264.710968017578
13.8234042553192,57.952669193714,245.030960083008
13.8909574468085,57.952669193714,257.540954589844
13.9585106382979,57.952669193714,247.950958251953
14.0260638297872,57.952669193714,216.05094909668
14.0936170212766,57.952669193714,146.540954589844
14.161170212766,57.952669193714,87.609977722168
14.2287234042553,57.952669193714,87.4999771118164
14.2962765957447,57.952669193714,150.29997253418
14.363829787234,57.952669193714,215.389984130859
14.4313829787234,57.952669193714,257.099975585938
14.4989361702128,57.952669193714,256.289978027344
14.5664893617021,57.952669193714,271.319976806641
14.6340425531915,57.952669193714,269.849975585938
14.7015957446809,57.952669193714,249.815734863281
14.7691489361702,57.952669193714,218.945739746094
14.8367021276596,57.952669193714,200.45573425293
14.9042553191489,57.952669193714,250.975738525391
14.9718085106383,57.952669193714,273.735748291016
15.0393617021277,57.952669193714,246.905731201172
15.106914893617,57.952669193714,259.305725097656
15.1744680851064,57.952669193714,231.025741577148
15.2420212765957,57.952669193714,190.163116455078
15.3095744680851,57.952669193714,193.073120117188
15.3771276595745,57.952669193714,174.303115844727
15.4446808510638,57.952669193714,207.993118286133
15.5122340425532,57.952669193714,213.723114013672
15.5797872340426,57.952669193714,198.993118286133
15.6473404255319,57.952669193714,166.403121948242
15.7148936170213,57.952669193714,161.963119506836
15.7824468085106,57.952669193714,133.293380737305
15.85,57.952669193714,107.703384399414
15.9175531914894,57.952669193714,116.353385925293
15.9851063829787,57.952669193714,138.003387451172
16.0526595744681,57.952669193714,133.273391723633
16.1202127659574,57.952669193714,121.783386230469
16.1877659574468,57.952669193714,99.9033813476562
16.2553191489362,57.952669193714,89.8433837890625
16.3228723404255,57.952669193714,65.2557220458984
16.3904255319149,57.952669193714,45.5757179260254
16.4579787234043,57.952669193714,22.6357192993164
16.5255319148936,57.952669193714,10.7357187271118
16.593085106383,57.952669193714,1.02571845054626
16.6606382978723,57.952669193714,8.12571811676025
16.7281914893617,57.952669193714,9.93571853637695
16.7957446808511,57.952669193714,9.96571826934814
16.8632978723404,57.952669193714,-16.069616317749
16.9308510638298,57.952669193714,-31.0796146392822
16.9984042553192,57.952669193714,-43.429615020752
17.0659574468085,57.952669193714,-55.3196144104004
17.1335106382979,57.952669193714,-68.5696182250977
17.2010638297872,57.952669193714,-76.3096160888672
17.2686170212766,57.952669193714,-93.3096160888672
17.336170212766,57.952669193714,-110.02961730957
17.4037234042553,57.952669193714,-114.786239624023
17.4712765957447,57.952669193714,-122.356239318848
17.538829787234,57.952669193714,-133.486236572266
17.6063829787234,57.952669193714,-149.266235351562
17.6739361702128,57.952669193714,-155.606231689453
17.7414893617021,57.952669193714,-159.446243286133
17.8090425531915,57.952669193714,-166.076232910156
17.8765957446809,57.952669193714,-176.926239013672
17.9441489361702,57.952669193714,-152.717788696289
18.0117021276596,57.952669193714,-93.0577926635742
18.0792553191489,57.952669193714,-92.5877914428711
18.1468085106383,57.952669193714,-85.8277893066406
18.2143617021277,57.952669193714,-109.787788391113
18.281914893617,57.952669193714,-102.107788085938
18.3494680851064,57.952669193714,-101.007789611816
18.4170212765957,57.952669193714,-98.9857635498047
18.4845744680851,57.952669193714,-96.7557678222656
18.5521276595745,57.952669193714,-86.2157669067383
18.6196808510638,57.952669193714,-26.2357635498047
18.6872340425532,57.952669193714,15.7842359542847
18.7547872340426,57.952669193714,-11.6357641220093
18.8223404255319,57.952669193714,-22.9157638549805
18.8898936170213,57.952669193714,9.514235496521
18.9574468085106,57.952669193714,9.23778820037842
19.025,57.952669193714,-1.69221222400665
19.0925531914894,57.952669193714,9.42778778076172
19.1601063829787,57.952669193714,-3.67221212387085
19.2276595744681,57.952669193714,-10.5822124481201
19.2952127659575,57.952669193714,-13.462212562561
19.3627659574468,57.952669193714,-20.2322120666504
19.4303191489362,57.952669193714,-44.2022132873535
19.4978723404255,57.952669193714,-60.5979614257812
19.5654255319149,57.952669193714,-64.657958984375
19.6329787234043,57.952669193714,-92.777961730957
19.7005319148936,57.952669193714,-108.157958984375
19.768085106383,57.952669193714,-172.067962646484
19.8356382978723,57.952669193714,-179.427963256836
19.9031914893617,57.952669193714,-157.287963867188
19.9707446808511,57.952669193714,-144.857955932617
20.0382978723404,57.952669193714,-153.796096801758
20.1058510638298,57.952669193714,-134.236099243164
20.1734042553191,57.952669193714,-131.686111450195
20.2409574468085,57.952669193714,-122.016105651855
20.3085106382979,57.952669193714,-106.976104736328
20.3760638297872,57.952669193714,-103.306106567383
20.4436170212766,57.952669193714,-104.526107788086
20.511170212766,57.952669193714,-100.396102905273
20.5787234042553,57.952669193714,-97.3897247314453
20.6462765957447,57.952669193714,-97.6097259521484
20.713829787234,57.952669193714,-101.749725341797
20.7813829787234,57.952669193714,-100.529724121094
20.8489361702128,57.952669193714,-89.8297271728516
20.9164893617021,57.952669193714,-81.9697265625
20.9840425531915,57.952669193714,-77.7897262573242
21.0515957446809,57.952669193714,-80.2397308349609
21.1191489361702,57.952669193714,-81.4486923217773
21.1867021276596,57.952669193714,-78.4686889648438
21.2542553191489,57.952669193714,-75.1986923217773
21.3218085106383,57.952669193714,-70.6986923217773
21.3893617021277,57.952669193714,-65.65869140625
21.456914893617,57.952669193714,-60.5086936950684
21.5244680851064,57.952669193714,-59.3786926269531
21.5920212765957,57.952669193714,-52.1386909484863
21.6595744680851,57.952669193714,-41.3999862670898
21.7271276595745,57.952669193714,-33.8899841308594
21.7946808510638,57.952669193714,-19.1899852752686
21.8622340425532,57.952669193714,-17.6799850463867
21.9297872340426,57.952669193714,-15.36998462677
21.9973404255319,57.952669193714,-7.86998462677002
22.0648936170213,57.952669193714,-2.56998467445374
22.1324468085106,57.952669193714,-8.49998474121094
22.2,57.952669193714,-15.6888265609741
9.5,57.8844705046198,-65.2580718994141
9.56755319148936,57.8844705046198,-50.7780685424805
9.63510638297872,57.8844705046198,-47.2580680847168
9.70265957446808,57.8844705046198,-46.328067779541
9.77021276595745,57.8844705046198,-45.1680679321289
9.83776595744681,57.8844705046198,-47.866081237793
9.90531914893617,57.8844705046198,-52.2360801696777
9.97287234042553,57.8844705046198,-56.8960800170898
10.0404255319149,57.8844705046198,-60.2660789489746
10.1079787234043,57.8844705046198,-65.9760818481445
10.1755319148936,57.8844705046198,-73.8160781860352
10.243085106383,57.8844705046198,-78.7060775756836
10.3106382978723,57.8844705046198,-85.1260833740234
10.3781914893617,57.8844705046198,-92.3999557495117
10.4457446808511,57.8844705046198,-99.0399551391602
10.5132978723404,57.8844705046198,-104.009956359863
10.5808510638298,57.8844705046198,-104.519958496094
10.6484042553192,57.8844705046198,-100.179954528809
10.7159574468085,57.8844705046198,-93.7799606323242
10.7835106382979,57.8844705046198,-84.339958190918
10.8510638297872,57.8844705046198,-73.839958190918
10.9186170212766,57.8844705046198,-65.5334320068359
10.986170212766,57.8844705046198,-53.7734298706055
11.0537234042553,57.8844705046198,-49.8134307861328
11.1212765957447,57.8844705046198,-51.2334289550781
11.188829787234,57.8844705046198,-61.1734313964844
11.2563829787234,57.8844705046198,-87.0634307861328
11.3239361702128,57.8844705046198,-63.7934303283691
11.3914893617021,57.8844705046198,-54.1134300231934
11.4590425531915,57.8844705046198,-39.120433807373
11.5265957446809,57.8844705046198,-16.7204341888428
11.5941489361702,57.8844705046198,-8.55043411254883
11.6617021276596,57.8844705046198,5.07956600189209
11.7292553191489,57.8844705046198,29.4395656585693
11.7968085106383,57.8844705046198,28.9895668029785
11.8643617021277,57.8844705046198,22.5495662689209
11.931914893617,57.8844705046198,46.2495651245117
11.9994680851064,57.8844705046198,65.7547454833984
12.0670212765957,57.8844705046198,103.36474609375
12.1345744680851,57.8844705046198,99.4247436523438
12.2021276595745,57.8844705046198,91.6547470092773
12.2696808510638,57.8844705046198,85.2947463989258
12.3372340425532,57.8844705046198,77.3147430419922
12.4047872340426,57.8844705046198,93.2947463989258
12.4723404255319,57.8844705046198,129.724746704102
12.5398936170213,57.8844705046198,151.15576171875
12.6074468085106,57.8844705046198,173.495758056641
12.675,57.8844705046198,210.825759887695
12.7425531914894,57.8844705046198,220.515762329102
12.8101063829787,57.8844705046198,201.415756225586
12.8776595744681,57.8844705046198,186.275756835938
12.9452127659574,57.8844705046198,188.545761108398
13.0127659574468,57.8844705046198,191.375762939453
13.0803191489362,57.8844705046198,217.75944519043
13.1478723404255,57.8844705046198,216.079452514648
13.2154255319149,57.8844705046198,225.159439086914
13.2829787234043,57.8844705046198,229.019439697266
13.3505319148936,57.8844705046198,225.25944519043
13.418085106383,57.8844705046198,217.209442138672
13.4856382978723,57.8844705046198,289.479431152344
13.5531914893617,57.8844705046198,282.709442138672
13.6207446808511,57.8844705046198,291.98095703125
13.6882978723404,57.8844705046198,312.010955810547
13.7558510638298,57.8844705046198,279.910949707031
13.8234042553192,57.8844705046198,266.160949707031
13.8909574468085,57.8844705046198,244.500961303711
13.9585106382979,57.8844705046198,241.830947875977
14.0260638297872,57.8844705046198,221.640960693359
14.0936170212766,57.8844705046198,169.240951538086
14.161170212766,57.8844705046198,105.769973754883
14.2287234042553,57.8844705046198,87.5099792480469
14.2962765957447,57.8844705046198,219.399978637695
14.363829787234,57.8844705046198,274.299987792969
14.4313829787234,57.8844705046198,248.54997253418
14.4989361702128,57.8844705046198,264.309967041016
14.5664893617021,57.8844705046198,271.349975585938
14.6340425531915,57.8844705046198,287.829986572266
14.7015957446809,57.8844705046198,287.955749511719
14.7691489361702,57.8844705046198,243.065734863281
14.8367021276596,57.8844705046198,202.785736083984
14.9042553191489,57.8844705046198,258.465728759766
14.9718085106383,57.8844705046198,268.835723876953
15.0393617021277,57.8844705046198,243.1357421875
15.106914893617,57.8844705046198,222.535736083984
15.1744680851064,57.8844705046198,209.845733642578
15.2420212765957,57.8844705046198,206.723114013672
15.3095744680851,57.8844705046198,219.153121948242
15.3771276595745,57.8844705046198,205.013122558594
15.4446808510638,57.8844705046198,196.463119506836
15.5122340425532,57.8844705046198,185.053115844727
15.5797872340426,57.8844705046198,196.063110351562
15.6473404255319,57.8844705046198,185.943115234375
15.7148936170213,57.8844705046198,145.633117675781
15.7824468085106,57.8844705046198,117.113388061523
15.85,57.8844705046198,132.113388061523
15.9175531914894,57.8844705046198,154.293380737305
15.9851063829787,57.8844705046198,156.103378295898
16.0526595744681,57.8844705046198,135.763381958008
16.1202127659574,57.8844705046198,123.413383483887
16.1877659574468,57.8844705046198,107.803382873535
16.2553191489362,57.8844705046198,88.8433837890625
16.3228723404255,57.8844705046198,86.2957153320312
16.3904255319149,57.8844705046198,64.5357208251953
16.4579787234043,57.8844705046198,28.7857189178467
16.5255319148936,57.8844705046198,16.2957191467285
16.593085106383,57.8844705046198,2.01571846008301
16.6606382978723,57.8844705046198,-8.80428123474121
16.7281914893617,57.8844705046198,3.40571856498718
16.7957446808511,57.8844705046198,-3.62428164482117
16.8632978723404,57.8844705046198,-19.7496147155762
16.9308510638298,57.8844705046198,-39.1096153259277
16.9984042553192,57.8844705046198,-47.5296173095703
17.0659574468085,57.8844705046198,-58.8896141052246
17.1335106382979,57.8844705046198,-68.5096130371094
17.2010638297872,57.8844705046198,-81.469612121582
17.2686170212766,57.8844705046198,-90.6896133422852
17.336170212766,57.8844705046198,-105.349617004395
17.4037234042553,57.8844705046198,-118.80623626709
17.4712765957447,57.8844705046198,-131.336242675781
17.538829787234,57.8844705046198,-150.906234741211
17.6063829787234,57.8844705046198,-164.936233520508
17.6739361702128,57.8844705046198,-169.926239013672
17.7414893617021,57.8844705046198,-136.106231689453
17.8090425531915,57.8844705046198,-129.81623840332
17.8765957446809,57.8844705046198,-131.866241455078
17.9441489361702,57.8844705046198,-104.497787475586
18.0117021276596,57.8844705046198,-92.0177917480469
18.0792553191489,57.8844705046198,-87.5077896118164
18.1468085106383,57.8844705046198,-96.867790222168
18.2143617021277,57.8844705046198,-107.947792053223
18.281914893617,57.8844705046198,-103.787788391113
18.3494680851064,57.8844705046198,-103.517791748047
18.4170212765957,57.8844705046198,-68.9157638549805
18.4845744680851,57.8844705046198,-12.6057643890381
18.5521276595745,57.8844705046198,11.3842353820801
18.6196808510638,57.8844705046198,26.0642356872559
18.6872340425532,57.8844705046198,21.1042366027832
18.7547872340426,57.8844705046198,12.8842353820801
18.8223404255319,57.8844705046198,22.4142360687256
18.8898936170213,57.8844705046198,28.3942356109619
18.9574468085106,57.8844705046198,24.7477874755859
19.025,57.8844705046198,6.21778774261475
19.0925531914894,57.8844705046198,-3.9522123336792
19.1601063829787,57.8844705046198,-20.3822116851807
19.2276595744681,57.8844705046198,-25.1322116851807
19.2952127659575,57.8844705046198,-31.0222129821777
19.3627659574468,57.8844705046198,-37.5822105407715
19.4303191489362,57.8844705046198,-58.5722122192383
19.4978723404255,57.8844705046198,-73.7979583740234
19.5654255319149,57.8844705046198,-79.7579650878906
19.6329787234043,57.8844705046198,-85.5479583740234
19.7005319148936,57.8844705046198,-99.3879623413086
19.768085106383,57.8844705046198,-154.23796081543
19.8356382978723,57.8844705046198,-160.197967529297
19.9031914893617,57.8844705046198,-128.297958374023
19.9707446808511,57.8844705046198,-122.427963256836
20.0382978723404,57.8844705046198,-134.956100463867
20.1058510638298,57.8844705046198,-141.406097412109
20.1734042553191,57.8844705046198,-135.446105957031
20.2409574468085,57.8844705046198,-120.526107788086
20.3085106382979,57.8844705046198,-117.08610534668
20.3760638297872,57.8844705046198,-113.08610534668
20.4436170212766,57.8844705046198,-108.546104431152
20.511170212766,57.8844705046198,-107.526107788086
20.5787234042553,57.8844705046198,-106.439727783203
20.6462765957447,57.8844705046198,-102.429725646973
20.713829787234,57.8844705046198,-106.169723510742
20.7813829787234,57.8844705046198,-100.809730529785
20.8489361702128,57.8844705046198,-89.0197296142578
20.9164893617021,57.8844705046198,-75.8797302246094
20.9840425531915,57.8844705046198,-62.6597290039062
21.0515957446809,57.8844705046198,-66.3297271728516
21.1191489361702,57.8844705046198,-74.7686920166016
21.1867021276596,57.8844705046198,-70.6786956787109
21.2542553191489,57.8844705046198,-71.3686904907227
21.3218085106383,57.8844705046198,-72.0986938476562
21.3893617021277,57.8844705046198,-68.0186920166016
21.456914893617,57.8844705046198,-60.468692779541
21.5244680851064,57.8844705046198,-56.7286911010742
21.5920212765957,57.8844705046198,-37.5086936950684
21.6595744680851,57.8844705046198,-25.829984664917
21.7271276595745,57.8844705046198,-24.4699840545654
21.7946808510638,57.8844705046198,-18.4899845123291
21.8622340425532,57.8844705046198,-12.2599849700928
21.9297872340426,57.8844705046198,-8.83998489379883
21.9973404255319,57.8844705046198,-7.19998455047607
22.0648936170213,57.8844705046198,-12.4599847793579
22.1324468085106,57.8844705046198,-22.9799842834473
22.2,57.8844705046198,-26.1988258361816
9.5,57.8162718155255,-31.4780693054199
9.56755319148936,57.8162718155255,-29.2880687713623
9.63510638297872,57.8162718155255,-33.2080688476562
9.70265957446808,57.8162718155255,-36.6180686950684
9.77021276595745,57.8162718155255,-40.0080680847168
9.83776595744681,57.8162718155255,-50.806079864502
9.90531914893617,57.8162718155255,-59.0960807800293
9.97287234042553,57.8162718155255,-64.3060836791992
10.0404255319149,57.8162718155255,-71.6560821533203
10.1079787234043,57.8162718155255,-75.0060806274414
10.1755319148936,57.8162718155255,-75.9060821533203
10.243085106383,57.8162718155255,-76.2960815429688
10.3106382978723,57.8162718155255,-78.2260818481445
10.3781914893617,57.8162718155255,-81.7999572753906
10.4457446808511,57.8162718155255,-70.0399551391602
10.5132978723404,57.8162718155255,-47.2399559020996
10.5808510638298,57.8162718155255,-35.7499580383301
10.6484042553192,57.8162718155255,-35.8199577331543
10.7159574468085,57.8162718155255,-41.7899589538574
10.7835106382979,57.8162718155255,-43.5999565124512
10.8510638297872,57.8162718155255,-42.9299583435059
10.9186170212766,57.8162718155255,-41.3434295654297
10.986170212766,57.8162718155255,-41.5434303283691
11.0537234042553,57.8162718155255,-42.5334320068359
11.1212765957447,57.8162718155255,-44.7734298706055
11.188829787234,57.8162718155255,-50.4734306335449
11.2563829787234,57.8162718155255,-75.1934280395508
11.3239361702128,57.8162718155255,-77.9234313964844
11.3914893617021,57.8162718155255,-52.9234313964844
11.4590425531915,57.8162718155255,-45.270435333252
11.5265957446809,57.8162718155255,-24.8404331207275
11.5941489361702,57.8162718155255,-6.86043405532837
11.6617021276596,57.8162718155255,-4.32043409347534
11.7292553191489,57.8162718155255,6.03956604003906
11.7968085106383,57.8162718155255,14.709566116333
11.8643617021277,57.8162718155255,27.209566116333
11.931914893617,57.8162718155255,31.8195667266846
11.9994680851064,57.8162718155255,50.3747444152832
12.0670212765957,57.8162718155255,73.3547439575195
12.1345744680851,57.8162718155255,79.5447463989258
12.2021276595745,57.8162718155255,62.0947418212891
12.2696808510638,57.8162718155255,80.4747467041016
12.3372340425532,57.8162718155255,108.304740905762
12.4047872340426,57.8162718155255,137.674743652344
12.4723404255319,57.8162718155255,145.064743041992
12.5398936170213,57.8162718155255,177.325759887695
12.6074468085106,57.8162718155255,151.445755004883
12.675,57.8162718155255,189.685760498047
12.7425531914894,57.8162718155255,204.645767211914
12.8101063829787,57.8162718155255,245.495758056641
12.8776595744681,57.8162718155255,247.555755615234
12.9452127659574,57.8162718155255,192.695755004883
13.0127659574468,57.8162718155255,264.795745849609
13.0803191489362,57.8162718155255,237.379440307617
13.1478723404255,57.8162718155255,281.099456787109
13.2154255319149,57.8162718155255,252.299453735352
13.2829787234043,57.8162718155255,276.649444580078
13.3505319148936,57.8162718155255,215.679443359375
13.418085106383,57.8162718155255,244.929443359375
13.4856382978723,57.8162718155255,314.139434814453
13.5531914893617,57.8162718155255,319.039459228516
13.6207446808511,57.8162718155255,306.970947265625
13.6882978723404,57.8162718155255,311.430969238281
13.7558510638298,57.8162718155255,270.450958251953
13.8234042553192,57.8162718155255,235.670959472656
13.8909574468085,57.8162718155255,231.620956420898
13.9585106382979,57.8162718155255,239.120956420898
14.0260638297872,57.8162718155255,225.600952148438
14.0936170212766,57.8162718155255,203.500961303711
14.161170212766,57.8162718155255,110.829978942871
14.2287234042553,57.8162718155255,179.709976196289
14.2962765957447,57.8162718155255,202.379974365234
14.363829787234,57.8162718155255,228.109970092773
14.4313829787234,57.8162718155255,242.429977416992
14.4989361702128,57.8162718155255,268.169982910156
14.5664893617021,57.8162718155255,262.159973144531
14.6340425531915,57.8162718155255,271.739990234375
14.7015957446809,57.8162718155255,291.36572265625
14.7691489361702,57.8162718155255,248.645736694336
14.8367021276596,57.8162718155255,225.775741577148
14.9042553191489,57.8162718155255,259.055725097656
14.9718085106383,57.8162718155255,277.045745849609
15.0393617021277,57.8162718155255,271.465728759766
15.106914893617,57.8162718155255,249.775741577148
15.1744680851064,57.8162718155255,251.195739746094
15.2420212765957,57.8162718155255,267.623107910156
15.3095744680851,57.8162718155255,254.403121948242
15.3771276595745,57.8162718155255,261.243103027344
15.4446808510638,57.8162718155255,225.073120117188
15.5122340425532,57.8162718155255,217.343124389648
15.5797872340426,57.8162718155255,170.913116455078
15.6473404255319,57.8162718155255,216.873123168945
15.7148936170213,57.8162718155255,180.963119506836
15.7824468085106,57.8162718155255,125.833381652832
15.85,57.8162718155255,124.89338684082
15.9175531914894,57.8162718155255,149.883377075195
15.9851063829787,57.8162718155255,139.773391723633
16.0526595744681,57.8162718155255,132.123382568359
16.1202127659574,57.8162718155255,114.993385314941
16.1877659574468,57.8162718155255,107.22338104248
16.2553191489362,57.8162718155255,97.1233825683594
16.3228723404255,57.8162718155255,79.0957183837891
16.3904255319149,57.8162718155255,63.2257194519043
16.4579787234043,57.8162718155255,42.6457176208496
16.5255319148936,57.8162718155255,36.5557174682617
16.593085106383,57.8162718155255,23.9557189941406
16.6606382978723,57.8162718155255,9.39571857452393
16.7281914893617,57.8162718155255,-1.76428151130676
16.7957446808511,57.8162718155255,-12.2942819595337
16.8632978723404,57.8162718155255,-21.009614944458
16.9308510638298,57.8162718155255,-31.6096153259277
16.9984042553192,57.8162718155255,-52.1996154785156
17.0659574468085,57.8162718155255,-64.6896133422852
17.1335106382979,57.8162718155255,-76.5796127319336
17.2010638297872,57.8162718155255,-89.0896148681641
17.2686170212766,57.8162718155255,-101.149612426758
17.336170212766,57.8162718155255,-114.069618225098
17.4037234042553,57.8162718155255,-126.956237792969
17.4712765957447,57.8162718155255,-135.186233520508
17.538829787234,57.8162718155255,-148.966232299805
17.6063829787234,57.8162718155255,-148.556243896484
17.6739361702128,57.8162718155255,-108.966239929199
17.7414893617021,57.8162718155255,-86.2562408447266
17.8090425531915,57.8162718155255,-92.7062377929688
17.8765957446809,57.8162718155255,-99.1162414550781
17.9441489361702,57.8162718155255,-99.0277862548828
18.0117021276596,57.8162718155255,-101.98779296875
18.0792553191489,57.8162718155255,-101.377792358398
18.1468085106383,57.8162718155255,-101.627792358398
18.2143617021277,57.8162718155255,-105.367790222168
18.281914893617,57.8162718155255,-104.057792663574
18.3494680851064,57.8162718155255,-74.1977920532227
18.4170212765957,57.8162718155255,20.804235458374
18.4845744680851,57.8162718155255,46.7542343139648
18.5521276595745,57.8162718155255,40.5542373657227
18.6196808510638,57.8162718155255,32.3942375183105
18.6872340425532,57.8162718155255,34.034236907959
18.7547872340426,57.8162718155255,26.1542358398438
18.8223404255319,57.8162718155255,18.0742359161377
18.8898936170213,57.8162718155255,14.474235534668
18.9574468085106,57.8162718155255,4.09778785705566
19.025,57.8162718155255,-4.26221227645874
19.0925531914894,57.8162718155255,-18.7322120666504
19.1601063829787,57.8162718155255,-36.1122131347656
19.2276595744681,57.8162718155255,-40.942211151123
19.2952127659575,57.8162718155255,-44.7522125244141
19.3627659574468,57.8162718155255,-55.1822128295898
19.4303191489362,57.8162718155255,-65.7722091674805
19.4978723404255,57.8162718155255,-81.9579620361328
19.5654255319149,57.8162718155255,-91.5379638671875
19.6329787234043,57.8162718155255,-98.2879638671875
19.7005319148936,57.8162718155255,-104.267959594727
19.768085106383,57.8162718155255,-140.187957763672
19.8356382978723,57.8162718155255,-130.227966308594
19.9031914893617,57.8162718155255,-109.977958679199
19.9707446808511,57.8162718155255,-102.047958374023
20.0382978723404,57.8162718155255,-117.59610748291
20.1058510638298,57.8162718155255,-139.896102905273
20.1734042553191,57.8162718155255,-137.526107788086
20.2409574468085,57.8162718155255,-133.58610534668
20.3085106382979,57.8162718155255,-134.646102905273
20.3760638297872,57.8162718155255,-131.476104736328
20.4436170212766,57.8162718155255,-125.456100463867
20.511170212766,57.8162718155255,-126.066101074219
20.5787234042553,57.8162718155255,-118.149726867676
20.6462765957447,57.8162718155255,-119.119728088379
20.713829787234,57.8162718155255,-128.159729003906
20.7813829787234,57.8162718155255,-119.599723815918
20.8489361702128,57.8162718155255,-87.0697250366211
20.9164893617021,57.8162718155255,-51.4697265625
20.9840425531915,57.8162718155255,-42.4297256469727
21.0515957446809,57.8162718155255,-46.4897270202637
21.1191489361702,57.8162718155255,-57.3386917114258
21.1867021276596,57.8162718155255,-54.8186912536621
21.2542553191489,57.8162718155255,-46.90869140625
21.3218085106383,57.8162718155255,-45.3386917114258
21.3893617021277,57.8162718155255,-54.2886924743652
21.456914893617,57.8162718155255,-57.3786926269531
21.5244680851064,57.8162718155255,-44.5486907958984
21.5920212765957,57.8162718155255,-29.3686923980713
21.6595744680851,57.8162718155255,-16.7299842834473
21.7271276595745,57.8162718155255,-16.6799850463867
21.7946808510638,57.8162718155255,-18.0699844360352
21.8622340425532,57.8162718155255,-15.7399845123291
21.9297872340426,57.8162718155255,-14.5199851989746
21.9973404255319,57.8162718155255,-15.0999851226807
22.0648936170213,57.8162718155255,-19.4499855041504
22.1324468085106,57.8162718155255,-24.6799850463867
22.2,57.8162718155255,-27.9188270568848
9.5,57.7480731264313,-30.638069152832
9.56755319148936,57.7480731264313,-33.4780693054199
9.63510638297872,57.7480731264313,-42.0380706787109
9.70265957446808,57.7480731264313,-52.1780700683594
9.77021276595745,57.7480731264313,-54.7880706787109
9.83776595744681,57.7480731264313,-54.5160789489746
9.90531914893617,57.7480731264313,-47.2360801696777
9.97287234042553,57.7480731264313,-37.4860801696777
10.0404255319149,57.7480731264313,-27.7460803985596
10.1079787234043,57.7480731264313,-21.3760814666748
10.1755319148936,57.7480731264313,-21.7260799407959
10.243085106383,57.7480731264313,-23.4360809326172
10.3106382978723,57.7480731264313,-22.116081237793
10.3781914893617,57.7480731264313,-7.45995712280273
10.4457446808511,57.7480731264313,2.58004283905029
10.5132978723404,57.7480731264313,-5.21995735168457
10.5808510638298,57.7480731264313,-14.4099569320679
10.6484042553192,57.7480731264313,-20.8199577331543
10.7159574468085,57.7480731264313,-24.5399570465088
10.7835106382979,57.7480731264313,-27.5799579620361
10.8510638297872,57.7480731264313,-30.419958114624
10.9186170212766,57.7480731264313,-32.4734306335449
10.986170212766,57.7480731264313,-34.5034294128418
11.0537234042553,57.7480731264313,-36.2434310913086
11.1212765957447,57.7480731264313,-39.7234306335449
11.188829787234,57.7480731264313,-44.2134284973145
11.2563829787234,57.7480731264313,-53.7234306335449
11.3239361702128,57.7480731264313,-80.2034301757812
11.3914893617021,57.7480731264313,-72.0234298706055
11.4590425531915,57.7480731264313,-53.7904357910156
11.5265957446809,57.7480731264313,-34.2004356384277
11.5941489361702,57.7480731264313,-3.44043397903442
11.6617021276596,57.7480731264313,-6.4004340171814
11.7292553191489,57.7480731264313,7.03956604003906
11.7968085106383,57.7480731264313,7.60956621170044
11.8643617021277,57.7480731264313,28.6595668792725
11.931914893617,57.7480731264313,25.5095653533936
11.9994680851064,57.7480731264313,50.6147422790527
12.0670212765957,57.7480731264313,94.3947448730469
12.1345744680851,57.7480731264313,108.784744262695
12.2021276595745,57.7480731264313,100.014739990234
12.2696808510638,57.7480731264313,110.224746704102
12.3372340425532,57.7480731264313,114.394744873047
12.4047872340426,57.7480731264313,154.484741210938
12.4723404255319,57.7480731264313,130.154739379883
12.5398936170213,57.7480731264313,131.755767822266
12.6074468085106,57.7480731264313,156.665756225586
12.675,57.7480731264313,182.745758056641
12.7425531914894,57.7480731264313,194.615753173828
12.8101063829787,57.7480731264313,176.485763549805
12.8776595744681,57.7480731264313,163.615753173828
12.9452127659574,57.7480731264313,172.245758056641
13.0127659574468,57.7480731264313,226.305755615234
13.0803191489362,57.7480731264313,247.359451293945
13.1478723404255,57.7480731264313,245.629440307617
13.2154255319149,57.7480731264313,221.989440917969
13.2829787234043,57.7480731264313,204.559448242188
13.3505319148936,57.7480731264313,178.519439697266
13.418085106383,57.7480731264313,243.649444580078
13.4856382978723,57.7480731264313,286.829437255859
13.5531914893617,57.7480731264313,301.129455566406
13.6207446808511,57.7480731264313,312.23095703125
13.6882978723404,57.7480731264313,334.470947265625
13.7558510638298,57.7480731264313,297.100952148438
13.8234042553192,57.7480731264313,213.890960693359
13.8909574468085,57.7480731264313,258.280944824219
13.9585106382979,57.7480731264313,266.540954589844
14.0260638297872,57.7480731264313,251.830947875977
14.0936170212766,57.7480731264313,211.020950317383
14.161170212766,57.7480731264313,208.869979858398
14.2287234042553,57.7480731264313,227.589981079102
14.2962765957447,57.7480731264313,236.679977416992
14.363829787234,57.7480731264313,253.069976806641
14.4313829787234,57.7480731264313,268.559967041016
14.4989361702128,57.7480731264313,292.519989013672
14.5664893617021,57.7480731264313,299.149963378906
14.6340425531915,57.7480731264313,273.799987792969
14.7015957446809,57.7480731264313,292.165740966797
14.7691489361702,57.7480731264313,283.205749511719
14.8367021276596,57.7480731264313,254.505737304688
14.9042553191489,57.7480731264313,234.1357421875
14.9718085106383,57.7480731264313,236.315734863281
15.0393617021277,57.7480731264313,252.655731201172
15.106914893617,57.7480731264313,266.145751953125
15.1744680851064,57.7480731264313,276.245727539062
15.2420212765957,57.7480731264313,279.493103027344
15.3095744680851,57.7480731264313,246.403121948242
15.3771276595745,57.7480731264313,211.873123168945
15.4446808510638,57.7480731264313,202.033111572266
15.5122340425532,57.7480731264313,188.77311706543
15.5797872340426,57.7480731264313,165.383117675781
15.6473404255319,57.7480731264313,163.353118896484
15.7148936170213,57.7480731264313,161.913116455078
15.7824468085106,57.7480731264313,144.483383178711
15.85,57.7480731264313,126.843383789062
15.9175531914894,57.7480731264313,149.993377685547
15.9851063829787,57.7480731264313,140.21337890625
16.0526595744681,57.7480731264313,115.573387145996
16.1202127659574,57.7480731264313,98.2533874511719
16.1877659574468,57.7480731264313,101.433387756348
16.2553191489362,57.7480731264313,95.4833831787109
16.3228723404255,57.7480731264313,73.6657180786133
16.3904255319149,57.7480731264313,64.0557174682617
16.4579787234043,57.7480731264313,49.8057174682617
16.5255319148936,57.7480731264313,31.1157188415527
16.593085106383,57.7480731264313,20.5857181549072
16.6606382978723,57.7480731264313,14.3157186508179
16.7281914893617,57.7480731264313,4.76571846008301
16.7957446808511,57.7480731264313,-11.6642818450928
16.8632978723404,57.7480731264313,-22.2896156311035
16.9308510638298,57.7480731264313,-29.0596160888672
16.9984042553192,57.7480731264313,-43.9796142578125
17.0659574468085,57.7480731264313,-61.5696144104004
17.1335106382979,57.7480731264313,-69.8396148681641
17.2010638297872,57.7480731264313,-84.8996124267578
17.2686170212766,57.7480731264313,-103.709617614746
17.336170212766,57.7480731264313,-124.189613342285
17.4037234042553,57.7480731264313,-138.72624206543
17.4712765957447,57.7480731264313,-128.986236572266
17.538829787234,57.7480731264313,-143.306243896484
17.6063829787234,57.7480731264313,-131.06623840332
17.6739361702128,57.7480731264313,-92.0962371826172
17.7414893617021,57.7480731264313,-92.4862365722656
17.8090425531915,57.7480731264313,-98.9562377929688
17.8765957446809,57.7480731264313,-100.47624206543
17.9441489361702,57.7480731264313,-102.347785949707
18.0117021276596,57.7480731264313,-91.0877914428711
18.0792553191489,57.7480731264313,-96.3277893066406
18.1468085106383,57.7480731264313,-101.547790527344
18.2143617021277,57.7480731264313,-99.8977890014648
18.281914893617,57.7480731264313,-73.7277908325195
18.3494680851064,57.7480731264313,6.70221090316772
18.4170212765957,57.7480731264313,46.3742370605469
18.4845744680851,57.7480731264313,45.6742362976074
18.5521276595745,57.7480731264313,47.5242347717285
18.6196808510638,57.7480731264313,51.0742340087891
18.6872340425532,57.7480731264313,34.2442359924316
18.7547872340426,57.7480731264313,7.11423587799072
18.8223404255319,57.7480731264313,-4.05576419830322
18.8898936170213,57.7480731264313,-11.1657638549805
18.9574468085106,57.7480731264313,-19.0422115325928
19.025,57.7480731264313,-25.342212677002
19.0925531914894,57.7480731264313,-33.6622123718262
19.1601063829787,57.7480731264313,-43.2322120666504
19.2276595744681,57.7480731264313,-48.0522117614746
19.2952127659575,57.7480731264313,-55.0622138977051
19.3627659574468,57.7480731264313,-69.2622146606445
19.4303191489362,57.7480731264313,-74.5122146606445
19.4978723404255,57.7480731264313,-88.2679595947266
19.5654255319149,57.7480731264313,-93.3279647827148
19.6329787234043,57.7480731264313,-95.6279602050781
19.7005319148936,57.7480731264313,-97.9279632568359
19.768085106383,57.7480731264313,-109.837959289551
19.8356382978723,57.7480731264313,-121.667961120605
19.9031914893617,57.7480731264313,-120.037963867188
19.9707446808511,57.7480731264313,-118.98796081543
20.0382978723404,57.7480731264313,-123.146102905273
20.1058510638298,57.7480731264313,-128.796096801758
20.1734042553191,57.7480731264313,-131.306106567383
20.2409574468085,57.7480731264313,-134.006103515625
20.3085106382979,57.7480731264313,-139.376098632812
20.3760638297872,57.7480731264313,-140.296096801758
20.4436170212766,57.7480731264313,-135.546096801758
20.511170212766,57.7480731264313,-118.776107788086
20.5787234042553,57.7480731264313,-121.399726867676
20.6462765957447,57.7480731264313,-129.799728393555
20.713829787234,57.7480731264313,-135.339721679688
20.7813829787234,57.7480731264313,-99.1897277832031
20.8489361702128,57.7480731264313,-77.2997283935547
20.9164893617021,57.7480731264313,-59.1397285461426
20.9840425531915,57.7480731264313,-25.2297267913818
21.0515957446809,57.7480731264313,-29.2997264862061
21.1191489361702,57.7480731264313,-38.0886917114258
21.1867021276596,57.7480731264313,-44.3686904907227
21.2542553191489,57.7480731264313,-33.3286933898926
21.3218085106383,57.7480731264313,-19.6786918640137
21.3893617021277,57.7480731264313,-22.1786918640137
21.456914893617,57.7480731264313,-32.778694152832
21.5244680851064,57.7480731264313,-35.90869140625
21.5920212765957,57.7480731264313,-24.9486923217773
21.6595744680851,57.7480731264313,-12.5599851608276
21.7271276595745,57.7480731264313,-11.039984703064
21.7946808510638,57.7480731264313,-17.0199851989746
21.8622340425532,57.7480731264313,-23.079984664917
21.9297872340426,57.7480731264313,-23.3699855804443
21.9973404255319,57.7480731264313,-20.3499851226807
22.0648936170213,57.7480731264313,-22.9699840545654
22.1324468085106,57.7480731264313,-23.2399845123291
22.2,57.7480731264313,-19.5188274383545
9.5,57.6798744373371,-37.138069152832
9.56755319148936,57.6798744373371,-35.1180686950684
9.63510638297872,57.6798744373371,-35.1680679321289
9.70265957446808,57.6798744373371,-28.9080696105957
9.77021276595745,57.6798744373371,-25.3780689239502
9.83776595744681,57.6798744373371,-21.886079788208
9.90531914893617,57.6798744373371,-17.2760810852051
9.97287234042553,57.6798744373371,-12.9760808944702
10.0404255319149,57.6798744373371,-11.1860809326172
10.1079787234043,57.6798744373371,-11.5960807800293
10.1755319148936,57.6798744373371,-9.0960807800293
10.243085106383,57.6798744373371,0.293919384479523
10.3106382978723,57.6798744373371,11.9839191436768
10.3781914893617,57.6798744373371,7.630042552948
10.4457446808511,57.6798744373371,-7.55995750427246
10.5132978723404,57.6798744373371,-13.5699577331543
10.5808510638298,57.6798744373371,-19.1799564361572
10.6484042553192,57.6798744373371,-22.3999576568604
10.7159574468085,57.6798744373371,-24.6899566650391
10.7835106382979,57.6798744373371,-24.8999576568604
10.8510638297872,57.6798744373371,-26.8099575042725
10.9186170212766,57.6798744373371,-30.0834293365479
10.986170212766,57.6798744373371,-32.323429107666
11.0537234042553,57.6798744373371,-34.9934310913086
11.1212765957447,57.6798744373371,-38.9734306335449
11.188829787234,57.6798744373371,-43.8934288024902
11.2563829787234,57.6798744373371,-48.133430480957
11.3239361702128,57.6798744373371,-55.9234313964844
11.3914893617021,57.6798744373371,-77.1934280395508
11.4590425531915,57.6798744373371,-70.2104339599609
11.5265957446809,57.6798744373371,-45.1104354858398
11.5941489361702,57.6798744373371,-21.3904342651367
11.6617021276596,57.6798744373371,-20.7004337310791
11.7292553191489,57.6798744373371,1.51956605911255
11.7968085106383,57.6798744373371,-2.92043399810791
11.8643617021277,57.6798744373371,13.4295663833618
11.931914893617,57.6798744373371,44.9295654296875
11.9994680851064,57.6798744373371,49.1247444152832
12.0670212765957,57.6798744373371,66.4547424316406
12.1345744680851,57.6798744373371,76.744743347168
12.2021276595745,57.6798744373371,98.0747451782227
12.2696808510638,57.6798744373371,120.85474395752
12.3372340425532,57.6798744373371,112.094741821289
12.4047872340426,57.6798744373371,110.374740600586
12.4723404255319,57.6798744373371,93.9047470092773
12.5398936170213,57.6798744373371,134.865753173828
12.6074468085106,57.6798744373371,141.095764160156
12.675,57.6798744373371,149.255767822266
12.7425531914894,57.6798744373371,162.40576171875
12.8101063829787,57.6798744373371,141.815765380859
12.8776595744681,57.6798744373371,133.775756835938
12.9452127659574,57.6798744373371,150.22575378418
13.0127659574468,57.6798744373371,198.415756225586
13.0803191489362,57.6798744373371,196.439453125
13.1478723404255,57.6798744373371,181.359451293945
13.2154255319149,57.6798744373371,174.809448242188
13.2829787234043,57.6798744373371,171.209442138672
13.3505319148936,57.6798744373371,177.09944152832
13.418085106383,57.6798744373371,209.859451293945
13.4856382978723,57.6798744373371,239.909439086914
13.5531914893617,57.6798744373371,248.219451904297
13.6207446808511,57.6798744373371,293.070953369141
13.6882978723404,57.6798744373371,302.950958251953
13.7558510638298,57.6798744373371,234.310958862305
13.8234042553192,57.6798744373371,221.330947875977
13.8909574468085,57.6798744373371,244.970947265625
13.9585106382979,57.6798744373371,281.680969238281
14.0260638297872,57.6798744373371,258.330963134766
14.0936170212766,57.6798744373371,236.270950317383
14.161170212766,57.6798744373371,223.539978027344
14.2287234042553,57.6798744373371,218.879974365234
14.2962765957447,57.6798744373371,230.889984130859
14.363829787234,57.6798744373371,271.989990234375
14.4313829787234,57.6798744373371,300.449981689453
14.4989361702128,57.6798744373371,309.119964599609
14.5664893617021,57.6798744373371,325.629974365234
14.6340425531915,57.6798744373371,304.159973144531
14.7015957446809,57.6798744373371,302.8857421875
14.7691489361702,57.6798744373371,283.3857421875
14.8367021276596,57.6798744373371,267.035736083984
14.9042553191489,57.6798744373371,216.575744628906
14.9718085106383,57.6798744373371,205.8857421875
15.0393617021277,57.6798744373371,227.105743408203
15.106914893617,57.6798744373371,230.04573059082
15.1744680851064,57.6798744373371,227.765731811523
15.2420212765957,57.6798744373371,236.223114013672
15.3095744680851,57.6798744373371,230.753112792969
15.3771276595745,57.6798744373371,197.973114013672
15.4446808510638,57.6798744373371,193.913116455078
15.5122340425532,57.6798744373371,173.733123779297
15.5797872340426,57.6798744373371,160.053115844727
15.6473404255319,57.6798744373371,191.743118286133
15.7148936170213,57.6798744373371,186.323120117188
15.7824468085106,57.6798744373371,153.343383789062
15.85,57.6798744373371,121.903381347656
15.9175531914894,57.6798744373371,133.813385009766
15.9851063829787,57.6798744373371,137.263381958008
16.0526595744681,57.6798744373371,120.753387451172
16.1202127659574,57.6798744373371,107.403381347656
16.1877659574468,57.6798744373371,91.8633880615234
16.2553191489362,57.6798744373371,88.0333862304688
16.3228723404255,57.6798744373371,70.1857147216797
16.3904255319149,57.6798744373371,60.3357200622559
16.4579787234043,57.6798744373371,45.3357200622559
16.5255319148936,57.6798744373371,24.2557182312012
16.593085106383,57.6798744373371,14.4057188034058
16.6606382978723,57.6798744373371,8.49571800231934
16.7281914893617,57.6798744373371,-5.36428165435791
16.7957446808511,57.6798744373371,-15.984281539917
16.8632978723404,57.6798744373371,-29.7796154022217
16.9308510638298,57.6798744373371,-47.239616394043
16.9984042553192,57.6798744373371,-53.6396141052246
17.0659574468085,57.6798744373371,-64.3196182250977
17.1335106382979,57.6798744373371,-73.0996170043945
17.2010638297872,57.6798744373371,-88.4396133422852
17.2686170212766,57.6798744373371,-103.719612121582
17.336170212766,57.6798744373371,-128.949615478516
17.4037234042553,57.6798744373371,-144.576232910156
17.4712765957447,57.6798744373371,-104.906242370605
17.538829787234,57.6798744373371,-115.946235656738
17.6063829787234,57.6798744373371,-118.466239929199
17.6739361702128,57.6798744373371,-99.0362396240234
17.7414893617021,57.6798744373371,-98.2062377929688
17.8090425531915,57.6798744373371,-101.866241455078
17.8765957446809,57.6798744373371,-100.446235656738
17.9441489361702,57.6798744373371,-102.677787780762
18.0117021276596,57.6798744373371,-97.9177856445312
18.0792553191489,57.6798744373371,-105.877792358398
18.1468085106383,57.6798744373371,-93.9377899169922
18.2143617021277,57.6798744373371,-50.6977882385254
18.281914893617,57.6798744373371,25.0322113037109
18.3494680851064,57.6798744373371,59.1222114562988
18.4170212765957,57.6798744373371,56.0242347717285
18.4845744680851,57.6798744373371,49.7342376708984
18.5521276595745,57.6798744373371,37.2742347717285
18.6196808510638,57.6798744373371,28.6442356109619
18.6872340425532,57.6798744373371,16.2142353057861
18.7547872340426,57.6798744373371,4.8742356300354
18.8223404255319,57.6798744373371,-16.6057643890381
18.8898936170213,57.6798744373371,-26.4657649993896
18.9574468085106,57.6798744373371,-29.172212600708
19.025,57.6798744373371,-32.652214050293
19.0925531914894,57.6798744373371,-41.4522132873535
19.1601063829787,57.6798744373371,-45.2822113037109
19.2276595744681,57.6798744373371,-51.9322128295898
19.2952127659575,57.6798744373371,-62.5422134399414
19.3627659574468,57.6798744373371,-75.9422149658203
19.4303191489362,57.6798744373371,-82.8922119140625
19.4978723404255,57.6798744373371,-95.2879638671875
19.5654255319149,57.6798744373371,-97.7379608154297
19.6329787234043,57.6798744373371,-102.597961425781
19.7005319148936,57.6798744373371,-108.697959899902
19.768085106383,57.6798744373371,-114.707962036133
19.8356382978723,57.6798744373371,-121.507965087891
19.9031914893617,57.6798744373371,-124.127960205078
19.9707446808511,57.6798744373371,-128.907958984375
20.0382978723404,57.6798744373371,-133.326110839844
20.1058510638298,57.6798744373371,-135.736099243164
20.1734042553191,57.6798744373371,-140.646102905273
20.2409574468085,57.6798744373371,-145.896102905273
20.3085106382979,57.6798744373371,-149.206100463867
20.3760638297872,57.6798744373371,-150.236099243164
20.4436170212766,57.6798744373371,-150.516098022461
20.511170212766,57.6798744373371,-121.896102905273
20.5787234042553,57.6798744373371,-139.059722900391
20.6462765957447,57.6798744373371,-137.419723510742
20.713829787234,57.6798744373371,-116.909729003906
20.7813829787234,57.6798744373371,-60.1797256469727
20.8489361702128,57.6798744373371,-55.9797286987305
20.9164893617021,57.6798744373371,-54.6797256469727
20.9840425531915,57.6798744373371,-48.4997253417969
21.0515957446809,57.6798744373371,-49.4897270202637
21.1191489361702,57.6798744373371,-47.5986938476562
21.1867021276596,57.6798744373371,-56.4886932373047
21.2542553191489,57.6798744373371,-46.5986938476562
21.3218085106383,57.6798744373371,-35.5986938476562
21.3893617021277,57.6798744373371,-23.2986927032471
21.456914893617,57.6798744373371,-27.0186920166016
21.5244680851064,57.6798744373371,-32.5386924743652
21.5920212765957,57.6798744373371,-24.4886932373047
21.6595744680851,57.6798744373371,-12.4899845123291
21.7271276595745,57.6798744373371,-13.079984664917
21.7946808510638,57.6798744373371,-12.7599849700928
21.8622340425532,57.6798744373371,-11.0199851989746
21.9297872340426,57.6798744373371,-10.7299842834473
21.9973404255319,57.6798744373371,-10.4799842834473
22.0648936170213,57.6798744373371,-7.74998474121094
22.1324468085106,57.6798744373371,-2.74998474121094
22.2,57.6798744373371,6.39117336273193
9.5,57.6116757482429,-22.9980697631836
9.56755319148936,57.6116757482429,-25.0680694580078
9.63510638297872,57.6116757482429,-23.1180686950684
9.70265957446808,57.6116757482429,-20.6580696105957
9.77021276595745,57.6116757482429,-14.848069190979
9.83776595744681,57.6116757482429,-3.59608054161072
9.90531914893617,57.6116757482429,26.4339199066162
9.97287234042553,57.6116757482429,20.3339195251465
10.0404255319149,57.6116757482429,13.7839193344116
10.1079787234043,57.6116757482429,11.9439191818237
10.1755319148936,57.6116757482429,15.3739194869995
10.243085106383,57.6116757482429,12.5539197921753
10.3106382978723,57.6116757482429,9.44391918182373
10.3781914893617,57.6116757482429,-1.89995729923248
10.4457446808511,57.6116757482429,-10.6899576187134
10.5132978723404,57.6116757482429,-14.0999574661255
10.5808510638298,57.6116757482429,-20.4299564361572
10.6484042553192,57.6116757482429,-25.2699565887451
10.7159574468085,57.6116757482429,-27.3899574279785
10.7835106382979,57.6116757482429,-28.0799579620361
10.8510638297872,57.6116757482429,-29.4399566650391
10.9186170212766,57.6116757482429,-32.1834297180176
10.986170212766,57.6116757482429,-36.0634307861328
11.0537234042553,57.6116757482429,-40.1634292602539
11.1212765957447,57.6116757482429,-43.943431854248
11.188829787234,57.6116757482429,-47.8034286499023
11.2563829787234,57.6116757482429,-48.5434303283691
11.3239361702128,57.6116757482429,-49.8634300231934
11.3914893617021,57.6116757482429,-54.7034301757812
11.4590425531915,57.6116757482429,-71.2104339599609
11.5265957446809,57.6116757482429,-56.9004325866699
11.5941489361702,57.6116757482429,-40.9704322814941
11.6617021276596,57.6116757482429,-27.0704345703125
11.7292553191489,57.6116757482429,-8.05043411254883
11.7968085106383,57.6116757482429,-13.33043384552
11.8643617021277,57.6116757482429,-3.51043391227722
11.931914893617,57.6116757482429,41.9195671081543
11.9994680851064,57.6116757482429,59.554744720459
12.0670212765957,57.6116757482429,43.8647422790527
12.1345744680851,57.6116757482429,70.994743347168
12.2021276595745,57.6116757482429,104.004745483398
12.2696808510638,57.6116757482429,130.064743041992
12.3372340425532,57.6116757482429,117.36474609375
12.4047872340426,57.6116757482429,58.3947448730469
12.4723404255319,57.6116757482429,84.244743347168
12.5398936170213,57.6116757482429,105.90576171875
12.6074468085106,57.6116757482429,117.255760192871
12.675,57.6116757482429,104.045761108398
12.7425531914894,57.6116757482429,98.0557632446289
12.8101063829787,57.6116757482429,119.675758361816
12.8776595744681,57.6116757482429,128.815765380859
12.9452127659574,57.6116757482429,142.445755004883
13.0127659574468,57.6116757482429,187.375762939453
13.0803191489362,57.6116757482429,178.289443969727
13.1478723404255,57.6116757482429,181.899444580078
13.2154255319149,57.6116757482429,167.049453735352
13.2829787234043,57.6116757482429,179.629440307617
13.3505319148936,57.6116757482429,182.629440307617
13.418085106383,57.6116757482429,196.339447021484
13.4856382978723,57.6116757482429,196.669448852539
13.5531914893617,57.6116757482429,207.249450683594
13.6207446808511,57.6116757482429,211.05094909668
13.6882978723404,57.6116757482429,200.590957641602
13.7558510638298,57.6116757482429,218.890960693359
13.8234042553192,57.6116757482429,250.210952758789
13.8909574468085,57.6116757482429,264.250946044922
13.9585106382979,57.6116757482429,277.970947265625
14.0260638297872,57.6116757482429,247.910949707031
14.0936170212766,57.6116757482429,227.270950317383
14.161170212766,57.6116757482429,226.249969482422
14.2287234042553,57.6116757482429,214.159973144531
14.2962765957447,57.6116757482429,241.989974975586
14.363829787234,57.6116757482429,279.779968261719
14.4313829787234,57.6116757482429,288.179962158203
14.4989361702128,57.6116757482429,327.659973144531
14.5664893617021,57.6116757482429,326.819976806641
14.6340425531915,57.6116757482429,314.72998046875
14.7015957446809,57.6116757482429,291.065734863281
14.7691489361702,57.6116757482429,268.055725097656
14.8367021276596,57.6116757482429,230.595733642578
14.9042553191489,57.6116757482429,217.345733642578
14.9718085106383,57.6116757482429,205.515731811523
15.0393617021277,57.6116757482429,203.805740356445
15.106914893617,57.6116757482429,199.775741577148
15.1744680851064,57.6116757482429,205.875732421875
15.2420212765957,57.6116757482429,219.433120727539
15.3095744680851,57.6116757482429,224.883117675781
15.3771276595745,57.6116757482429,236.193115234375
15.4446808510638,57.6116757482429,236.513122558594
15.5122340425532,57.6116757482429,228.323120117188
15.5797872340426,57.6116757482429,225.603118896484
15.6473404255319,57.6116757482429,199.623123168945
15.7148936170213,57.6116757482429,168.973114013672
15.7824468085106,57.6116757482429,162.953384399414
15.85,57.6116757482429,133.323379516602
15.9175531914894,57.6116757482429,135.033386230469
15.9851063829787,57.6116757482429,127.513381958008
16.0526595744681,57.6116757482429,117.653381347656
16.1202127659574,57.6116757482429,113.813385009766
16.1877659574468,57.6116757482429,95.3233871459961
16.2553191489362,57.6116757482429,82.3033828735352
16.3228723404255,57.6116757482429,66.7357177734375
16.3904255319149,57.6116757482429,58.2257194519043
16.4579787234043,57.6116757482429,42.3557167053223
16.5255319148936,57.6116757482429,23.9257183074951
16.593085106383,57.6116757482429,3.31571841239929
16.6606382978723,57.6116757482429,5.41571855545044
16.7281914893617,57.6116757482429,-1.20428156852722
16.7957446808511,57.6116757482429,-6.17428159713745
16.8632978723404,57.6116757482429,-22.7296161651611
16.9308510638298,57.6116757482429,-46.1596145629883
16.9984042553192,57.6116757482429,-62.1296157836914
17.0659574468085,57.6116757482429,-69.6396179199219
17.1335106382979,57.6116757482429,-77.469612121582
17.2010638297872,57.6116757482429,-91.8696136474609
17.2686170212766,57.6116757482429,-106.579612731934
17.336170212766,57.6116757482429,-113.819618225098
17.4037234042553,57.6116757482429,-124.786239624023
17.4712765957447,57.6116757482429,-86.5062408447266
17.538829787234,57.6116757482429,-82.9262390136719
17.6063829787234,57.6116757482429,-97.0362396240234
17.6739361702128,57.6116757482429,-97.5762405395508
17.7414893617021,57.6116757482429,-105.046241760254
17.8090425531915,57.6116757482429,-102.756240844727
17.8765957446809,57.6116757482429,-102.536239624023
17.9441489361702,57.6116757482429,-105.037788391113
18.0117021276596,57.6116757482429,-102.777786254883
18.0792553191489,57.6116757482429,-79.7177886962891
18.1468085106383,57.6116757482429,19.3922100067139
18.2143617021277,57.6116757482429,46.8622093200684
18.281914893617,57.6116757482429,56.2422103881836
18.3494680851064,57.6116757482429,51.1622123718262
18.4170212765957,57.6116757482429,36.0042343139648
18.4845744680851,57.6116757482429,30.9842357635498
18.5521276595745,57.6116757482429,20.7742366790771
18.6196808510638,57.6116757482429,16.474235534668
18.6872340425532,57.6116757482429,13.9842357635498
18.7547872340426,57.6116757482429,6.71423578262329
18.8223404255319,57.6116757482429,-12.9657640457153
18.8898936170213,57.6116757482429,-27.4057636260986
18.9574468085106,57.6116757482429,-30.2122116088867
19.025,57.6116757482429,-34.5522117614746
19.0925531914894,57.6116757482429,-39.5022125244141
19.1601063829787,57.6116757482429,-47.6222114562988
19.2276595744681,57.6116757482429,-53.5522117614746
19.2952127659575,57.6116757482429,-64.1022109985352
19.3627659574468,57.6116757482429,-76.6922149658203
19.4303191489362,57.6116757482429,-84.652214050293
19.4978723404255,57.6116757482429,-99.5179595947266
19.5654255319149,57.6116757482429,-104.927963256836
19.6329787234043,57.6116757482429,-77.0179595947266
19.7005319148936,57.6116757482429,-110.927963256836
19.768085106383,57.6116757482429,-122.537963867188
19.8356382978723,57.6116757482429,-129.727966308594
19.9031914893617,57.6116757482429,-134.107955932617
19.9707446808511,57.6116757482429,-141.757965087891
20.0382978723404,57.6116757482429,-148.566101074219
20.1058510638298,57.6116757482429,-152.716110229492
20.1734042553191,57.6116757482429,-156.666107177734
20.2409574468085,57.6116757482429,-162.026107788086
20.3085106382979,57.6116757482429,-167.506103515625
20.3760638297872,57.6116757482429,-164.366104125977
20.4436170212766,57.6116757482429,-158.316101074219
20.511170212766,57.6116757482429,-144.306106567383
20.5787234042553,57.6116757482429,-147.079727172852
20.6462765957447,57.6116757482429,-106.589729309082
20.713829787234,57.6116757482429,-64.0797271728516
20.7813829787234,57.6116757482429,-53.8897285461426
20.8489361702128,57.6116757482429,-54.3597259521484
20.9164893617021,57.6116757482429,-44.4397277832031
20.9840425531915,57.6116757482429,-47.1197280883789
21.0515957446809,57.6116757482429,-59.9097290039062
21.1191489361702,57.6116757482429,-64.788688659668
21.1867021276596,57.6116757482429,-65.1986923217773
21.2542553191489,57.6116757482429,-56.1986923217773
21.3218085106383,57.6116757482429,-40.6986923217773
21.3893617021277,57.6116757482429,-31.1786918640137
21.456914893617,57.6116757482429,-31.1686916351318
21.5244680851064,57.6116757482429,-24.5886917114258
21.5920212765957,57.6116757482429,-17.1686916351318
21.6595744680851,57.6116757482429,-8.10998439788818
21.7271276595745,57.6116757482429,-0.0999847427010536
21.7946808510638,57.6116757482429,5.52001523971558
21.8622340425532,57.6116757482429,8.2600154876709
21.9297872340426,57.6116757482429,8.63001537322998
21.9973404255319,57.6116757482429,10.670015335083
22.0648936170213,57.6116757482429,11.960015296936
22.1324468085106,57.6116757482429,13.7200155258179
22.2,57.6116757482429,22.7911739349365
9.5,57.5434770591487,-19.1780681610107
9.56755319148936,57.5434770591487,-17.5880680084229
9.63510638297872,57.5434770591487,-14.1480684280396
9.70265957446808,57.5434770591487,-11.7380685806274
9.77021276595745,57.5434770591487,5.67193126678467
9.83776595744681,57.5434770591487,16.5139198303223
9.90531914893617,57.5434770591487,28.6439189910889
9.97287234042553,57.5434770591487,34.9939193725586
10.0404255319149,57.5434770591487,44.3739204406738
10.1079787234043,57.5434770591487,34.9139175415039
10.1755319148936,57.5434770591487,23.4639186859131
10.243085106383,57.5434770591487,33.3639183044434
10.3106382978723,57.5434770591487,18.6539192199707
10.3781914893617,57.5434770591487,7.42004251480103
10.4457446808511,57.5434770591487,-1.48995733261108
10.5132978723404,57.5434770591487,-7.52995729446411
10.5808510638298,57.5434770591487,-15.8299570083618
10.6484042553192,57.5434770591487,-28.2199573516846
10.7159574468085,57.5434770591487,-30.9399566650391
10.7835106382979,57.5434770591487,-33.4499588012695
10.8510638297872,57.5434770591487,-36.3999557495117
10.9186170212766,57.5434770591487,-38.4834289550781
10.986170212766,57.5434770591487,-38.0534286499023
11.0537234042553,57.5434770591487,-36.5534286499023
11.1212765957447,57.5434770591487,-33.3034286499023
11.188829787234,57.5434770591487,-29.4734306335449
11.2563829787234,57.5434770591487,-31.8234310150146
11.3239361702128,57.5434770591487,-43.4034309387207
11.3914893617021,57.5434770591487,-49.6534309387207
11.4590425531915,57.5434770591487,-61.3204345703125
11.5265957446809,57.5434770591487,-62.0704345703125
11.5941489361702,57.5434770591487,-47.7204322814941
11.6617021276596,57.5434770591487,-33.2204322814941
11.7292553191489,57.5434770591487,-26.2804336547852
11.7968085106383,57.5434770591487,-24.290433883667
11.8643617021277,57.5434770591487,-5.25043392181396
11.931914893617,57.5434770591487,19.0195655822754
11.9994680851064,57.5434770591487,42.054744720459
12.0670212765957,57.5434770591487,20.9247436523438
12.1345744680851,57.5434770591487,42.1047439575195
12.2021276595745,57.5434770591487,59.5747451782227
12.2696808510638,57.5434770591487,63.4447441101074
12.3372340425532,57.5434770591487,61.9147453308105
12.4047872340426,57.5434770591487,64.5047454833984
12.4723404255319,57.5434770591487,80.4047470092773
12.5398936170213,57.5434770591487,85.1457595825195
12.6074468085106,57.5434770591487,81.40576171875
12.675,57.5434770591487,72.7557601928711
12.7425531914894,57.5434770591487,124.91576385498
12.8101063829787,57.5434770591487,158.625762939453
12.8776595744681,57.5434770591487,177.295761108398
12.9452127659574,57.5434770591487,178.565765380859
13.0127659574468,57.5434770591487,164.745758056641
13.0803191489362,57.5434770591487,160.479446411133
13.1478723404255,57.5434770591487,167.169448852539
13.2154255319149,57.5434770591487,192.389450073242
13.2829787234043,57.5434770591487,187.979446411133
13.3505319148936,57.5434770591487,179.709442138672
13.418085106383,57.5434770591487,195.329452514648
13.4856382978723,57.5434770591487,216.729446411133
13.5531914893617,57.5434770591487,203.659439086914
13.6207446808511,57.5434770591487,185.510955810547
13.6882978723404,57.5434770591487,196.940948486328
13.7558510638298,57.5434770591487,245.780960083008
13.8234042553192,57.5434770591487,266.280944824219
13.8909574468085,57.5434770591487,284.220947265625
13.9585106382979,57.5434770591487,272.540954589844
14.0260638297872,57.5434770591487,251.150955200195
14.0936170212766,57.5434770591487,204.670959472656
14.161170212766,57.5434770591487,209.339981079102
14.2287234042553,57.5434770591487,222.029983520508
14.2962765957447,57.5434770591487,213.429977416992
14.363829787234,57.5434770591487,242.47998046875
14.4313829787234,57.5434770591487,286.959991455078
14.4989361702128,57.5434770591487,327.959991455078
14.5664893617021,57.5434770591487,326.759979248047
14.6340425531915,57.5434770591487,289.47998046875
14.7015957446809,57.5434770591487,275.955749511719
14.7691489361702,57.5434770591487,237.065734863281
14.8367021276596,57.5434770591487,231.445739746094
14.9042553191489,57.5434770591487,229.70573425293
14.9718085106383,57.5434770591487,235.005737304688
15.0393617021277,57.5434770591487,232.075744628906
15.106914893617,57.5434770591487,208.355743408203
15.1744680851064,57.5434770591487,216.925735473633
15.2420212765957,57.5434770591487,228.233123779297
15.3095744680851,57.5434770591487,253.763122558594
15.3771276595745,57.5434770591487,236.333114624023
15.4446808510638,57.5434770591487,212.793121337891
15.5122340425532,57.5434770591487,201.873123168945
15.5797872340426,57.5434770591487,201.203125
15.6473404255319,57.5434770591487,184.133117675781
15.7148936170213,57.5434770591487,178.813110351562
15.7824468085106,57.5434770591487,153.30339050293
15.85,57.5434770591487,114.763381958008
15.9175531914894,57.5434770591487,117.713386535645
15.9851063829787,57.5434770591487,123.353385925293
16.0526595744681,57.5434770591487,106.803382873535
16.1202127659574,57.5434770591487,107.043380737305
16.1877659574468,57.5434770591487,94.9233856201172
16.2553191489362,57.5434770591487,79.7033843994141
16.3228723404255,57.5434770591487,57.6457176208496
16.3904255319149,57.5434770591487,50.995719909668
16.4579787234043,57.5434770591487,40.1657180786133
16.5255319148936,57.5434770591487,28.2157192230225
16.593085106383,57.5434770591487,16.6257190704346
16.6606382978723,57.5434770591487,11.7757186889648
16.7281914893617,57.5434770591487,-0.354281544685364
16.7957446808511,57.5434770591487,-11.8342819213867
16.8632978723404,57.5434770591487,-23.7696151733398
16.9308510638298,57.5434770591487,-41.0896148681641
16.9984042553192,57.5434770591487,-56.6496162414551
17.0659574468085,57.5434770591487,-65.2596130371094
17.1335106382979,57.5434770591487,-55.929615020752
17.2010638297872,57.5434770591487,-68.4996185302734
17.2686170212766,57.5434770591487,-82.9996185302734
17.336170212766,57.5434770591487,-84.0796127319336
17.4037234042553,57.5434770591487,-94.0862426757812
17.4712765957447,57.5434770591487,-59.7562408447266
17.538829787234,57.5434770591487,-41.1862373352051
17.6063829787234,57.5434770591487,-64.4762420654297
17.6739361702128,57.5434770591487,-95.4762420654297
17.7414893617021,57.5434770591487,-107.276237487793
17.8090425531915,57.5434770591487,-100.076240539551
17.8765957446809,57.5434770591487,-99.4862365722656
17.9441489361702,57.5434770591487,-104.877792358398
18.0117021276596,57.5434770591487,-92.8377914428711
18.0792553191489,57.5434770591487,-13.4277896881104
18.1468085106383,57.5434770591487,17.5922107696533
18.2143617021277,57.5434770591487,26.802209854126
18.281914893617,57.5434770591487,37.4122123718262
18.3494680851064,57.5434770591487,35.8022117614746
18.4170212765957,57.5434770591487,33.224235534668
18.4845744680851,57.5434770591487,33.6742362976074
18.5521276595745,57.5434770591487,28.7442359924316
18.6196808510638,57.5434770591487,21.7642364501953
18.6872340425532,57.5434770591487,14.3142356872559
18.7547872340426,57.5434770591487,0.624235868453979
18.8223404255319,57.5434770591487,-10.5357637405396
18.8898936170213,57.5434770591487,-21.3957633972168
18.9574468085106,57.5434770591487,-29.1622123718262
19.025,57.5434770591487,-34.0522117614746
19.0925531914894,57.5434770591487,-43.7022132873535
19.1601063829787,57.5434770591487,-48.8022117614746
19.2276595744681,57.5434770591487,-61.1222114562988
19.2952127659575,57.5434770591487,-68.4722137451172
19.3627659574468,57.5434770591487,-77.3522109985352
19.4303191489362,57.5434770591487,-88.2722091674805
19.4978723404255,57.5434770591487,-102.447959899902
19.5654255319149,57.5434770591487,-104.127960205078
19.6329787234043,57.5434770591487,-57.467960357666
19.7005319148936,57.5434770591487,-112.797958374023
19.768085106383,57.5434770591487,-134.867965698242
19.8356382978723,57.5434770591487,-145.177963256836
19.9031914893617,57.5434770591487,-147.497955322266
19.9707446808511,57.5434770591487,-157.787963867188
20.0382978723404,57.5434770591487,-167.856109619141
20.1058510638298,57.5434770591487,-175.266098022461
20.1734042553191,57.5434770591487,-180.496109008789
20.2409574468085,57.5434770591487,-186.076110839844
20.3085106382979,57.5434770591487,-190.866104125977
20.3760638297872,57.5434770591487,-184.33610534668
20.4436170212766,57.5434770591487,-169.106109619141
20.511170212766,57.5434770591487,-149.296096801758
20.5787234042553,57.5434770591487,-134.259719848633
20.6462765957447,57.5434770591487,-74.8997268676758
20.713829787234,57.5434770591487,-51.3397254943848
20.7813829787234,57.5434770591487,-53.4497261047363
20.8489361702128,57.5434770591487,-52.9897270202637
20.9164893617021,57.5434770591487,-50.3097267150879
20.9840425531915,57.5434770591487,-46.279727935791
21.0515957446809,57.5434770591487,-62.1097259521484
21.1191489361702,57.5434770591487,-67.6786956787109
21.1867021276596,57.5434770591487,-68.7586898803711
21.2542553191489,57.5434770591487,-61.4586906433105
21.3218085106383,57.5434770591487,-42.1486930847168
21.3893617021277,57.5434770591487,-32.3486938476562
21.456914893617,57.5434770591487,-24.6486930847168
21.5244680851064,57.5434770591487,-17.968692779541
21.5920212765957,57.5434770591487,-11.7086925506592
21.6595744680851,57.5434770591487,-1.70998477935791
21.7271276595745,57.5434770591487,15.38001537323
21.7946808510638,57.5434770591487,16.4900150299072
21.8622340425532,57.5434770591487,16.7300148010254
21.9297872340426,57.5434770591487,17.3600158691406
21.9973404255319,57.5434770591487,19.0800151824951
22.0648936170213,57.5434770591487,14.5400152206421
22.1324468085106,57.5434770591487,15.210015296936
22.2,57.5434770591487,18.6311740875244
9.5,57.4752783700545,-15.4143505096436
9.56755319148936,57.4752783700545,-13.264349937439
9.63510638297872,57.4752783700545,-13.3143501281738
9.70265957446808,57.4752783700545,12.0056495666504
9.77021276595745,57.4752783700545,23.635648727417
9.83776595744681,57.4752783700545,17.0926170349121
9.90531914893617,57.4752783700545,23.4626178741455
9.97287234042553,57.4752783700545,24.5526180267334
10.0404255319149,57.4752783700545,26.742618560791
10.1079787234043,57.4752783700545,36.9526176452637
10.1755319148936,57.4752783700545,40.0526161193848
10.243085106383,57.4752783700545,61.0526161193848
10.3106382978723,57.4752783700545,45.7326164245605
10.3781914893617,57.4752783700545,49.2554016113281
10.4457446808511,57.4752783700545,27.8454036712646
10.5132978723404,57.4752783700545,-5.62459707260132
10.5808510638298,57.4752783700545,-13.1445970535278
10.6484042553192,57.4752783700545,-24.8245964050293
10.7159574468085,57.4752783700545,-31.844596862793
10.7835106382979,57.4752783700545,-35.6845970153809
10.8510638297872,57.4752783700545,-26.844596862793
10.9186170212766,57.4752783700545,-18.0876369476318
10.986170212766,57.4752783700545,-14.4276371002197
11.0537234042553,57.4752783700545,-15.4976377487183
11.1212765957447,57.4752783700545,-14.2076377868652
11.188829787234,57.4752783700545,-16.5376377105713
11.2563829787234,57.4752783700545,-23.4076366424561
11.3239361702128,57.4752783700545,-47.2776374816895
11.3914893617021,57.4752783700545,-53.387638092041
11.4590425531915,57.4752783700545,-63.1231231689453
11.5265957446809,57.4752783700545,-55.1931228637695
11.5941489361702,57.4752783700545,-49.9331207275391
11.6617021276596,57.4752783700545,-43.9031219482422
11.7292553191489,57.4752783700545,-38.5031204223633
11.7968085106383,57.4752783700545,-26.083122253418
11.8643617021277,57.4752783700545,-8.37312126159668
11.931914893617,57.4752783700545,22.9968795776367
11.9994680851064,57.4752783700545,17.4617691040039
12.0670212765957,57.4752783700545,10.5017690658569
12.1345744680851,57.4752783700545,28.5617694854736
12.2021276595745,57.4752783700545,52.6317710876465
12.2696808510638,57.4752783700545,71.9517669677734
12.3372340425532,57.4752783700545,95.3717727661133
12.4047872340426,57.4752783700545,97.8317718505859
12.4723404255319,57.4752783700545,65.9017715454102
12.5398936170213,57.4752783700545,64.5298767089844
12.6074468085106,57.4752783700545,78.8598785400391
12.675,57.4752783700545,97.3798751831055
12.7425531914894,57.4752783700545,151.659881591797
12.8101063829787,57.4752783700545,173.409881591797
12.8776595744681,57.4752783700545,185.189880371094
12.9452127659574,57.4752783700545,176.679870605469
13.0127659574468,57.4752783700545,189.509872436523
13.0803191489362,57.4752783700545,158.148574829102
13.1478723404255,57.4752783700545,167.53857421875
13.2154255319149,57.4752783700545,192.228576660156
13.2829787234043,57.4752783700545,195.208587646484
13.3505319148936,57.4752783700545,201.178573608398
13.418085106383,57.4752783700545,218.278579711914
13.4856382978723,57.4752783700545,240.278579711914
13.5531914893617,57.4752783700545,225.668579101562
13.6207446808511,57.4752783700545,188.487503051758
13.6882978723404,57.4752783700545,214.467498779297
13.7558510638298,57.4752783700545,250.497497558594
13.8234042553192,57.4752783700545,276.177490234375
13.8909574468085,57.4752783700545,252.50749206543
13.9585106382979,57.4752783700545,234.497497558594
14.0260638297872,57.4752783700545,227.707489013672
14.0936170212766,57.4752783700545,198.567489624023
14.161170212766,57.4752783700545,205.78971862793
14.2287234042553,57.4752783700545,239.759719848633
14.2962765957447,57.4752783700545,197.449722290039
14.363829787234,57.4752783700545,228.729721069336
14.4313829787234,57.4752783700545,256.699737548828
14.4989361702128,57.4752783700545,265.479736328125
14.5664893617021,57.4752783700545,261.679718017578
14.6340425531915,57.4752783700545,245.2197265625
14.7015957446809,57.4752783700545,242.500213623047
14.7691489361702,57.4752783700545,233.930206298828
14.8367021276596,57.4752783700545,237.850204467773
14.9042553191489,57.4752783700545,214.100204467773
14.9718085106383,57.4752783700545,207.780212402344
15.0393617021277,57.4752783700545,201.200210571289
15.106914893617,57.4752783700545,196.700210571289
15.1744680851064,57.4752783700545,190.140213012695
15.2420212765957,57.4752783700545,171.126846313477
15.3095744680851,57.4752783700545,187.616851806641
15.3771276595745,57.4752783700545,193.176849365234
15.4446808510638,57.4752783700545,178.77685546875
15.5122340425532,57.4752783700545,163.02685546875
15.5797872340426,57.4752783700545,151.756851196289
15.6473404255319,57.4752783700545,149.68684387207
15.7148936170213,57.4752783700545,168.176849365234
15.7824468085106,57.4752783700545,160.144332885742
15.85,57.4752783700545,119.394332885742
15.9175531914894,57.4752783700545,114.454330444336
15.9851063829787,57.4752783700545,127.714332580566
16.0526595744681,57.4752783700545,119.114334106445
16.1202127659574,57.4752783700545,104.02433013916
16.1877659574468,57.4752783700545,92.9743347167969
16.2553191489362,57.4752783700545,72.7543334960938
16.3228723404255,57.4752783700545,60.4539108276367
16.3904255319149,57.4752783700545,49.9839134216309
16.4579787234043,57.4752783700545,39.6339111328125
16.5255319148936,57.4752783700545,29.1439113616943
16.593085106383,57.4752783700545,17.3739128112793
16.6606382978723,57.4752783700545,10.3539123535156
16.7281914893617,57.4752783700545,-3.05608820915222
16.7957446808511,57.4752783700545,-18.9660873413086
16.8632978723404,57.4752783700545,-34.6251258850098
16.9308510638298,57.4752783700545,-41.2251243591309
16.9984042553192,57.4752783700545,-46.6651268005371
17.0659574468085,57.4752783700545,-47.8151245117188
17.1335106382979,57.4752783700545,-41.005126953125
17.2010638297872,57.4752783700545,-22.5751266479492
17.2686170212766,57.4752783700545,-27.5351257324219
17.336170212766,57.4752783700545,-42.0751266479492
17.4037234042553,57.4752783700545,-57.9750328063965
17.4712765957447,57.4752783700545,-50.1550331115723
17.538829787234,57.4752783700545,-61.8450317382812
17.6063829787234,57.4752783700545,-82.4850311279297
17.6739361702128,57.4752783700545,-92.2650299072266
17.7414893617021,57.4752783700545,-102.115036010742
17.8090425531915,57.4752783700545,-99.4950332641602
17.8765957446809,57.4752783700545,-101.375030517578
17.9441489361702,57.4752783700545,-106.120040893555
18.0117021276596,57.4752783700545,-35.7700424194336
18.0792553191489,57.4752783700545,-9.0900411605835
18.1468085106383,57.4752783700545,5.77995920181274
18.2143617021277,57.4752783700545,18.7699584960938
18.281914893617,57.4752783700545,32.1699600219727
18.3494680851064,57.4752783700545,40.7999572753906
18.4170212765957,57.4752783700545,42.4924926757812
18.4845744680851,57.4752783700545,41.6824913024902
18.5521276595745,57.4752783700545,37.5124931335449
18.6196808510638,57.4752783700545,29.5424919128418
18.6872340425532,57.4752783700545,26.0124912261963
18.7547872340426,57.4752783700545,13.8324918746948
18.8223404255319,57.4752783700545,5.89249229431152
18.8898936170213,57.4752783700545,-2.12750792503357
18.9574468085106,57.4752783700545,-17.0166797637939
19.025,57.4752783700545,-27.1666793823242
19.0925531914894,57.4752783700545,-45.3466796875
19.1601063829787,57.4752783700545,-56.5566787719727
19.2276595744681,57.4752783700545,-77.9866790771484
19.2952127659575,57.4752783700545,-83.466682434082
19.3627659574468,57.4752783700545,-98.9466781616211
19.4303191489362,57.4752783700545,-105.976676940918
19.4978723404255,57.4752783700545,-115.087089538574
19.5654255319149,57.4752783700545,-91.7970886230469
19.6329787234043,57.4752783700545,-47.01708984375
19.7005319148936,57.4752783700545,-123.377090454102
19.768085106383,57.4752783700545,-154.26708984375
19.8356382978723,57.4752783700545,-169.137084960938
19.9031914893617,57.4752783700545,-176.587097167969
19.9707446808511,57.4752783700545,-191.667083740234
20.0382978723404,57.4752783700545,-195.996231079102
20.1058510638298,57.4752783700545,-210.076217651367
20.1734042553191,57.4752783700545,-211.626220703125
20.2409574468085,57.4752783700545,-214.466217041016
20.3085106382979,57.4752783700545,-213.116226196289
20.3760638297872,57.4752783700545,-201.156219482422
20.4436170212766,57.4752783700545,-185.916229248047
20.511170212766,57.4752783700545,-163.866226196289
20.5787234042553,57.4752783700545,-115.151885986328
20.6462765957447,57.4752783700545,-66.1518859863281
20.713829787234,57.4752783700545,-60.8718872070312
20.7813829787234,57.4752783700545,-58.6618843078613
20.8489361702128,57.4752783700545,-54.741886138916
20.9164893617021,57.4752783700545,-50.7118873596191
20.9840425531915,57.4752783700545,-48.3818855285645
21.0515957446809,57.4752783700545,-63.6018867492676
21.1191489361702,57.4752783700545,-65.3150939941406
21.1867021276596,57.4752783700545,-69.3950958251953
21.2542553191489,57.4752783700545,-68.9550933837891
21.3218085106383,57.4752783700545,-47.97509765625
21.3893617021277,57.4752783700545,-28.2350959777832
21.456914893617,57.4752783700545,-20.165096282959
21.5244680851064,57.4752783700545,-14.2150955200195
21.5920212765957,57.4752783700545,-4.04509592056274
21.6595744680851,57.4752783700545,10.5424871444702
21.7271276595745,57.4752783700545,14.682487487793
21.7946808510638,57.4752783700545,20.2324867248535
21.8622340425532,57.4752783700545,26.8624877929688
21.9297872340426,57.4752783700545,21.1424884796143
21.9973404255319,57.4752783700545,24.4624881744385
22.0648936170213,57.4752783700545,20.4924869537354
22.1324468085106,57.4752783700545,24.3624877929688
22.2,57.4752783700545,24.6200008392334
9.5,57.4070796809603,-13.304349899292
9.56755319148936,57.4070796809603,-11.9343500137329
9.63510638297872,57.4070796809603,-0.574350357055664
9.70265957446808,57.4070796809603,11.8356494903564
9.77021276595745,57.4070796809603,14.9756498336792
9.83776595744681,57.4070796809603,15.0426177978516
9.90531914893617,57.4070796809603,22.3026180267334
9.97287234042553,57.4070796809603,29.2326183319092
10.0404255319149,57.4070796809603,40.7126197814941
10.1079787234043,57.4070796809603,54.6826171875
10.1755319148936,57.4070796809603,54.7126197814941
10.243085106383,57.4070796809603,46.8726196289062
10.3106382978723,57.4070796809603,54.1526184082031
10.3781914893617,57.4070796809603,40.8354034423828
10.4457446808511,57.4070796809603,28.5954036712646
10.5132978723404,57.4070796809603,-5.95459699630737
10.5808510638298,57.4070796809603,-12.5345973968506
10.6484042553192,57.4070796809603,-19.3945960998535
10.7159574468085,57.4070796809603,-31.5845966339111
10.7835106382979,57.4070796809603,-16.5245971679688
10.8510638297872,57.4070796809603,-8.45459747314453
10.9186170212766,57.4070796809603,-8.1976375579834
10.986170212766,57.4070796809603,-9.4476375579834
11.0537234042553,57.4070796809603,-11.9976377487183
11.1212765957447,57.4070796809603,-11.2476377487183
11.188829787234,57.4070796809603,-15.0176372528076
11.2563829787234,57.4070796809603,-37.3676376342773
11.3239361702128,57.4070796809603,-44.1476364135742
11.3914893617021,57.4070796809603,-59.3576354980469
11.4590425531915,57.4070796809603,-70.1831207275391
11.5265957446809,57.4070796809603,-58.8531227111816
11.5941489361702,57.4070796809603,-55.9931221008301
11.6617021276596,57.4070796809603,-49.3431205749512
11.7292553191489,57.4070796809603,-36.333122253418
11.7968085106383,57.4070796809603,-28.1831207275391
11.8643617021277,57.4070796809603,-20.1531219482422
11.931914893617,57.4070796809603,2.27687859535217
11.9994680851064,57.4070796809603,-7.15823078155518
12.0670212765957,57.4070796809603,2.85176944732666
12.1345744680851,57.4070796809603,34.5517692565918
12.2021276595745,57.4070796809603,60.2217712402344
12.2696808510638,57.4070796809603,61.9417686462402
12.3372340425532,57.4070796809603,83.3217697143555
12.4047872340426,57.4070796809603,74.7217712402344
12.4723404255319,57.4070796809603,41.8817710876465
12.5398936170213,57.4070796809603,77.9498748779297
12.6074468085106,57.4070796809603,104.969879150391
12.675,57.4070796809603,123.589874267578
12.7425531914894,57.4070796809603,142.829879760742
12.8101063829787,57.4070796809603,177.499877929688
12.8776595744681,57.4070796809603,172.959884643555
12.9452127659574,57.4070796809603,194.959884643555
13.0127659574468,57.4070796809603,178.239883422852
13.0803191489362,57.4070796809603,168.548583984375
13.1478723404255,57.4070796809603,157.428573608398
13.2154255319149,57.4070796809603,172.558578491211
13.2829787234043,57.4070796809603,182.168579101562
13.3505319148936,57.4070796809603,216.278579711914
13.418085106383,57.4070796809603,218.96858215332
13.4856382978723,57.4070796809603,240.308578491211
13.5531914893617,57.4070796809603,185.53857421875
13.6207446808511,57.4070796809603,179.567489624023
13.6882978723404,57.4070796809603,189.747497558594
13.7558510638298,57.4070796809603,213.00749206543
13.8234042553192,57.4070796809603,240.4375
13.8909574468085,57.4070796809603,188.75749206543
13.9585106382979,57.4070796809603,181.737503051758
14.0260638297872,57.4070796809603,191.227493286133
14.0936170212766,57.4070796809603,190.25749206543
14.161170212766,57.4070796809603,192.03971862793
14.2287234042553,57.4070796809603,189.349731445312
14.2962765957447,57.4070796809603,186.619720458984
14.363829787234,57.4070796809603,218.399719238281
14.4313829787234,57.4070796809603,214.499725341797
14.4989361702128,57.4070796809603,218.119720458984
14.5664893617021,57.4070796809603,223.209732055664
14.6340425531915,57.4070796809603,221.199722290039
14.7015957446809,57.4070796809603,239.580200195312
14.7691489361702,57.4070796809603,240.100204467773
14.8367021276596,57.4070796809603,238.580200195312
14.9042553191489,57.4070796809603,215.900207519531
14.9718085106383,57.4070796809603,221.480209350586
15.0393617021277,57.4070796809603,215.980209350586
15.106914893617,57.4070796809603,223.730209350586
15.1744680851064,57.4070796809603,235.840209960938
15.2420212765957,57.4070796809603,218.09684753418
15.3095744680851,57.4070796809603,177.486846923828
15.3771276595745,57.4070796809603,163.006851196289
15.4446808510638,57.4070796809603,157.766845703125
15.5122340425532,57.4070796809603,148.966842651367
15.5797872340426,57.4070796809603,151.43684387207
15.6473404255319,57.4070796809603,133.18684387207
15.7148936170213,57.4070796809603,120.526847839355
15.7824468085106,57.4070796809603,105.824333190918
15.85,57.4070796809603,99.9943313598633
15.9175531914894,57.4070796809603,131.434326171875
15.9851063829787,57.4070796809603,131.774337768555
16.0526595744681,57.4070796809603,124.924331665039
16.1202127659574,57.4070796809603,119.104331970215
16.1877659574468,57.4070796809603,96.6843338012695
16.2553191489362,57.4070796809603,69.3143310546875
16.3228723404255,57.4070796809603,63.3139114379883
16.3904255319149,57.4070796809603,50.433910369873
16.4579787234043,57.4070796809603,38.5339126586914
16.5255319148936,57.4070796809603,24.4639110565186
16.593085106383,57.4070796809603,6.38391208648682
16.6606382978723,57.4070796809603,-2.85608816146851
16.7281914893617,57.4070796809603,-13.7660884857178
16.7957446808511,57.4070796809603,-21.7060890197754
16.8632978723404,57.4070796809603,-32.6751251220703
16.9308510638298,57.4070796809603,-40.1151275634766
16.9984042553192,57.4070796809603,-39.2651252746582
17.0659574468085,57.4070796809603,-24.4851264953613
17.1335106382979,57.4070796809603,-11.0751256942749
17.2010638297872,57.4070796809603,-12.5251264572144
17.2686170212766,57.4070796809603,-19.4951267242432
17.336170212766,57.4070796809603,-40.7251243591309
17.4037234042553,57.4070796809603,-55.6750335693359
17.4712765957447,57.4070796809603,-66.9350357055664
17.538829787234,57.4070796809603,-80.155029296875
17.6063829787234,57.4070796809603,-84.045036315918
17.6739361702128,57.4070796809603,-91.2050323486328
17.7414893617021,57.4070796809603,-95.5050354003906
17.8090425531915,57.4070796809603,-102.725036621094
17.8765957446809,57.4070796809603,-103.695030212402
17.9441489361702,57.4070796809603,-99.9300384521484
18.0117021276596,57.4070796809603,-35.3200416564941
18.0792553191489,57.4070796809603,-18.8800411224365
18.1468085106383,57.4070796809603,-2.22004079818726
18.2143617021277,57.4070796809603,32.8899574279785
18.281914893617,57.4070796809603,54.3799591064453
18.3494680851064,57.4070796809603,57.2699584960938
18.4170212765957,57.4070796809603,52.7924919128418
18.4845744680851,57.4070796809603,49.9724922180176
18.5521276595745,57.4070796809603,46.9324913024902
18.6196808510638,57.4070796809603,36.4524917602539
18.6872340425532,57.4070796809603,25.4524917602539
18.7547872340426,57.4070796809603,4.51249217987061
18.8223404255319,57.4070796809603,-6.62750816345215
18.8898936170213,57.4070796809603,-19.6575088500977
18.9574468085106,57.4070796809603,-33.6866798400879
19.025,57.4070796809603,-45.4266815185547
19.0925531914894,57.4070796809603,-59.8266792297363
19.1601063829787,57.4070796809603,-77.5066833496094
19.2276595744681,57.4070796809603,-94.9266815185547
19.2952127659575,57.4070796809603,-107.896682739258
19.3627659574468,57.4070796809603,-123.066680908203
19.4303191489362,57.4070796809603,-127.756683349609
19.4978723404255,57.4070796809603,-124.097091674805
19.5654255319149,57.4070796809603,-85.6070938110352
19.6329787234043,57.4070796809603,-66.4170913696289
19.7005319148936,57.4070796809603,-119.647087097168
19.768085106383,57.4070796809603,-177.457092285156
19.8356382978723,57.4070796809603,-195.617095947266
19.9031914893617,57.4070796809603,-209.077087402344
19.9707446808511,57.4070796809603,-218.347091674805
20.0382978723404,57.4070796809603,-230.776229858398
20.1058510638298,57.4070796809603,-234.976226806641
20.1734042553191,57.4070796809603,-233.346221923828
20.2409574468085,57.4070796809603,-232.786224365234
20.3085106382979,57.4070796809603,-225.70622253418
20.3760638297872,57.4070796809603,-207.786224365234
20.4436170212766,57.4070796809603,-187.646224975586
20.511170212766,57.4070796809603,-149.356216430664
20.5787234042553,57.4070796809603,-107.611885070801
20.6462765957447,57.4070796809603,-61.8318862915039
20.713829787234,57.4070796809603,-65.8918838500977
20.7813829787234,57.4070796809603,-53.9018859863281
20.8489361702128,57.4070796809603,-53.3218841552734
20.9164893617021,57.4070796809603,-58.3918876647949
20.9840425531915,57.4070796809603,-57.7218856811523
21.0515957446809,57.4070796809603,-65.301887512207
21.1191489361702,57.4070796809603,-65.0650939941406
21.1867021276596,57.4070796809603,-63.2950973510742
21.2542553191489,57.4070796809603,-60.2850952148438
21.3218085106383,57.4070796809603,-36.4650955200195
21.3893617021277,57.4070796809603,-18.855094909668
21.456914893617,57.4070796809603,-13.5450954437256
21.5244680851064,57.4070796809603,-0.645095825195312
21.5920212765957,57.4070796809603,4.36490440368652
21.6595744680851,57.4070796809603,3.37248754501343
21.7271276595745,57.4070796809603,7.1924877166748
21.7946808510638,57.4070796809603,16.8324871063232
21.8622340425532,57.4070796809603,28.3524875640869
21.9297872340426,57.4070796809603,28.5324878692627
21.9973404255319,57.4070796809603,27.762487411499
22.0648936170213,57.4070796809603,30.762487411499
22.1324468085106,57.4070796809603,26.0824871063232
22.2,57.4070796809603,37.8199996948242
9.5,57.3388809918661,-11.554349899292
9.56755319148936,57.3388809918661,4.32564973831177
9.63510638297872,57.3388809918661,16.4556503295898
9.70265957446808,57.3388809918661,6.07564973831177
9.77021276595745,57.3388809918661,12.3956499099731
9.83776595744681,57.3388809918661,16.7226181030273
9.90531914893617,57.3388809918661,23.6826171875
9.97287234042553,57.3388809918661,29.5026187896729
10.0404255319149,57.3388809918661,46.2626190185547
10.1079787234043,57.3388809918661,67.8926162719727
10.1755319148936,57.3388809918661,44.1026191711426
10.243085106383,57.3388809918661,28.1826171875
10.3106382978723,57.3388809918661,30.6026172637939
10.3781914893617,57.3388809918661,22.2754020690918
10.4457446808511,57.3388809918661,17.7354030609131
10.5132978723404,57.3388809918661,-3.9945969581604
10.5808510638298,57.3388809918661,-10.7845973968506
10.6484042553192,57.3388809918661,-18.1245975494385
10.7159574468085,57.3388809918661,-20.2045974731445
10.7835106382979,57.3388809918661,-6.7445969581604
10.8510638297872,57.3388809918661,-2.91459703445435
10.9186170212766,57.3388809918661,2.11236262321472
10.986170212766,57.3388809918661,3.58236265182495
11.0537234042553,57.3388809918661,-0.0776373296976089
11.1212765957447,57.3388809918661,-0.107637330889702
11.188829787234,57.3388809918661,-8.02763748168945
11.2563829787234,57.3388809918661,-45.0376358032227
11.3239361702128,57.3388809918661,-49.57763671875
11.3914893617021,57.3388809918661,-76.1876373291016
11.4590425531915,57.3388809918661,-70.5431213378906
11.5265957446809,57.3388809918661,-68.4831237792969
11.5941489361702,57.3388809918661,-64.7431182861328
11.6617021276596,57.3388809918661,-56.083122253418
11.7292553191489,57.3388809918661,-53.3731231689453
11.7968085106383,57.3388809918661,-44.4031219482422
11.8643617021277,57.3388809918661,-33.7031211853027
11.931914893617,57.3388809918661,-32.523120880127
11.9994680851064,57.3388809918661,-23.5182304382324
12.0670212765957,57.3388809918661,-8.79823017120361
12.1345744680851,57.3388809918661,8.83176898956299
12.2021276595745,57.3388809918661,47.5217704772949
12.2696808510638,57.3388809918661,58.5217704772949
12.3372340425532,57.3388809918661,72.7517700195312
12.4047872340426,57.3388809918661,71.2417678833008
12.4723404255319,57.3388809918661,49.3417701721191
12.5398936170213,57.3388809918661,65.0298767089844
12.6074468085106,57.3388809918661,118.079879760742
12.675,57.3388809918661,163.059875488281
12.7425531914894,57.3388809918661,159.839874267578
12.8101063829787,57.3388809918661,160.639877319336
12.8776595744681,57.3388809918661,164.279876708984
12.9452127659574,57.3388809918661,175.389877319336
13.0127659574468,57.3388809918661,142.239883422852
13.0803191489362,57.3388809918661,148.228576660156
13.1478723404255,57.3388809918661,145.208587646484
13.2154255319149,57.3388809918661,157.758575439453
13.2829787234043,57.3388809918661,171.368576049805
13.3505319148936,57.3388809918661,185.488586425781
13.418085106383,57.3388809918661,189.328582763672
13.4856382978723,57.3388809918661,175.088577270508
13.5531914893617,57.3388809918661,159.978576660156
13.6207446808511,57.3388809918661,166.917495727539
13.6882978723404,57.3388809918661,170.167495727539
13.7558510638298,57.3388809918661,214.487503051758
13.8234042553192,57.3388809918661,178.487503051758
13.8909574468085,57.3388809918661,167.407501220703
13.9585106382979,57.3388809918661,167.447494506836
14.0260638297872,57.3388809918661,170.127502441406
14.0936170212766,57.3388809918661,167.607498168945
14.161170212766,57.3388809918661,176.669723510742
14.2287234042553,57.3388809918661,174.799728393555
14.2962765957447,57.3388809918661,183.559722900391
14.363829787234,57.3388809918661,195.129730224609
14.4313829787234,57.3388809918661,200.589721679688
14.4989361702128,57.3388809918661,205.529724121094
14.5664893617021,57.3388809918661,223.779724121094
14.6340425531915,57.3388809918661,234.429718017578
14.7015957446809,57.3388809918661,232.910202026367
14.7691489361702,57.3388809918661,228.850204467773
14.8367021276596,57.3388809918661,223.670211791992
14.9042553191489,57.3388809918661,248.980209350586
14.9718085106383,57.3388809918661,247.910202026367
15.0393617021277,57.3388809918661,240.700210571289
15.106914893617,57.3388809918661,233.220199584961
15.1744680851064,57.3388809918661,236.690200805664
15.2420212765957,57.3388809918661,237.156845092773
15.3095744680851,57.3388809918661,215.536849975586
15.3771276595745,57.3388809918661,210.396850585938
15.4446808510638,57.3388809918661,190.786849975586
15.5122340425532,57.3388809918661,165.386840820312
15.5797872340426,57.3388809918661,163.226852416992
15.6473404255319,57.3388809918661,172.726852416992
15.7148936170213,57.3388809918661,155.646850585938
15.7824468085106,57.3388809918661,130.934326171875
15.85,57.3388809918661,103.294334411621
15.9175531914894,57.3388809918661,97.5243301391602
15.9851063829787,57.3388809918661,123.704330444336
16.0526595744681,57.3388809918661,118.504333496094
16.1202127659574,57.3388809918661,103.714332580566
16.1877659574468,57.3388809918661,82.3643341064453
16.2553191489362,57.3388809918661,68.6143341064453
16.3228723404255,57.3388809918661,64.4639129638672
16.3904255319149,57.3388809918661,48.8239135742188
16.4579787234043,57.3388809918661,34.333911895752
16.5255319148936,57.3388809918661,9.23391151428223
16.593085106383,57.3388809918661,-8.94608783721924
16.6606382978723,57.3388809918661,-15.7560882568359
16.7281914893617,57.3388809918661,-27.8460884094238
16.7957446808511,57.3388809918661,-26.6060886383057
16.8632978723404,57.3388809918661,-34.8451271057129
16.9308510638298,57.3388809918661,-28.445125579834
16.9984042553192,57.3388809918661,-8.78512573242188
17.0659574468085,57.3388809918661,8.45487403869629
17.1335106382979,57.3388809918661,-0.845126032829285
17.2010638297872,57.3388809918661,-13.4951257705688
17.2686170212766,57.3388809918661,-30.2151260375977
17.336170212766,57.3388809918661,-48.8351249694824
17.4037234042553,57.3388809918661,-61.5150337219238
17.4712765957447,57.3388809918661,-75.8550338745117
17.538829787234,57.3388809918661,-83.7350311279297
17.6063829787234,57.3388809918661,-83.2450332641602
17.6739361702128,57.3388809918661,-98.0550308227539
17.7414893617021,57.3388809918661,-102.645034790039
17.8090425531915,57.3388809918661,-104.005035400391
17.8765957446809,57.3388809918661,-100.565032958984
17.9441489361702,57.3388809918661,-77.8800430297852
18.0117021276596,57.3388809918661,-31.8800411224365
18.0792553191489,57.3388809918661,-8.91004085540771
18.1468085106383,57.3388809918661,12.9099588394165
18.2143617021277,57.3388809918661,27.479959487915
18.281914893617,57.3388809918661,38.9899597167969
18.3494680851064,57.3388809918661,43.1799583435059
18.4170212765957,57.3388809918661,37.9624938964844
18.4845744680851,57.3388809918661,29.8024921417236
18.5521276595745,57.3388809918661,20.1224918365479
18.6196808510638,57.3388809918661,11.1324920654297
18.6872340425532,57.3388809918661,-2.79750800132751
18.7547872340426,57.3388809918661,-10.3575077056885
18.8223404255319,57.3388809918661,-21.7575073242188
18.8898936170213,57.3388809918661,-35.2775077819824
18.9574468085106,57.3388809918661,-48.2666778564453
19.025,57.3388809918661,-60.5166778564453
19.0925531914894,57.3388809918661,-77.3466796875
19.1601063829787,57.3388809918661,-97.4866790771484
19.2276595744681,57.3388809918661,-111.066680908203
19.2952127659575,57.3388809918661,-127.116676330566
19.3627659574468,57.3388809918661,-140.476684570312
19.4303191489362,57.3388809918661,-144.3466796875
19.4978723404255,57.3388809918661,-134.247085571289
19.5654255319149,57.3388809918661,-111.177093505859
19.6329787234043,57.3388809918661,-104.387092590332
19.7005319148936,57.3388809918661,-136.847091674805
19.768085106383,57.3388809918661,-195.827087402344
19.8356382978723,57.3388809918661,-210.867095947266
19.9031914893617,57.3388809918661,-221.907089233398
19.9707446808511,57.3388809918661,-231.877090454102
20.0382978723404,57.3388809918661,-240.236221313477
20.1058510638298,57.3388809918661,-242.176223754883
20.1734042553191,57.3388809918661,-239.406219482422
20.2409574468085,57.3388809918661,-234.916229248047
20.3085106382979,57.3388809918661,-210.396224975586
20.3760638297872,57.3388809918661,-174.716217041016
20.4436170212766,57.3388809918661,-147.806228637695
20.511170212766,57.3388809918661,-121.136222839355
20.5787234042553,57.3388809918661,-114.411888122559
20.6462765957447,57.3388809918661,-74.4418869018555
20.713829787234,57.3388809918661,-70.0218887329102
20.7813829787234,57.3388809918661,-54.2318878173828
20.8489361702128,57.3388809918661,-49.0218849182129
20.9164893617021,57.3388809918661,-53.7518844604492
20.9840425531915,57.3388809918661,-58.181884765625
21.0515957446809,57.3388809918661,-63.991886138916
21.1191489361702,57.3388809918661,-62.605094909668
21.1867021276596,57.3388809918661,-53.1150970458984
21.2542553191489,57.3388809918661,-40.7850952148438
21.3218085106383,57.3388809918661,-29.0850963592529
21.3893617021277,57.3388809918661,-14.9050960540771
21.456914893617,57.3388809918661,4.39490413665771
21.5244680851064,57.3388809918661,10.0949039459229
21.5920212765957,57.3388809918661,6.07490396499634
21.6595744680851,57.3388809918661,5.36248731613159
21.7271276595745,57.3388809918661,9.62248802185059
21.7946808510638,57.3388809918661,14.4424877166748
21.8622340425532,57.3388809918661,21.1924877166748
21.9297872340426,57.3388809918661,29.8124866485596
21.9973404255319,57.3388809918661,26.7724876403809
22.0648936170213,57.3388809918661,29.8624877929688
22.1324468085106,57.3388809918661,24.3224868774414
22.2,57.3388809918661,29.7500019073486
9.5,57.2706823027719,3.92564964294434
9.56755319148936,57.2706823027719,10.2856492996216
9.63510638297872,57.2706823027719,5.57564973831177
9.70265957446808,57.2706823027719,4.10564947128296
9.77021276595745,57.2706823027719,5.42564964294434
9.83776595744681,57.2706823027719,6.50261783599854
9.90531914893617,57.2706823027719,11.7126178741455
9.97287234042553,57.2706823027719,22.3626174926758
10.0404255319149,57.2706823027719,25.6326179504395
10.1079787234043,57.2706823027719,34.9326171875
10.1755319148936,57.2706823027719,57.0226173400879
10.243085106383,57.2706823027719,23.3826179504395
10.3106382978723,57.2706823027719,12.2326183319092
10.3781914893617,57.2706823027719,26.155403137207
10.4457446808511,57.2706823027719,13.9454030990601
10.5132978723404,57.2706823027719,-4.29459714889526
10.5808510638298,57.2706823027719,-7.57459688186646
10.6484042553192,57.2706823027719,-17.174596786499
10.7159574468085,57.2706823027719,-15.5545969009399
10.7835106382979,57.2706823027719,-5.91459703445435
10.8510638297872,57.2706823027719,-0.774596989154816
10.9186170212766,57.2706823027719,0.982362687587738
10.986170212766,57.2706823027719,1.05236268043518
11.0537234042553,57.2706823027719,-0.487637341022491
11.1212765957447,57.2706823027719,-2.66763734817505
11.188829787234,57.2706823027719,-5.50763750076294
11.2563829787234,57.2706823027719,-25.7876377105713
11.3239361702128,57.2706823027719,-72.3476409912109
11.3914893617021,57.2706823027719,-63.5376358032227
11.4590425531915,57.2706823027719,-56.523120880127
11.5265957446809,57.2706823027719,-61.0531196594238
11.5941489361702,57.2706823027719,-68.2631225585938
11.6617021276596,57.2706823027719,-47.4731216430664
11.7292553191489,57.2706823027719,-34.2931213378906
11.7968085106383,57.2706823027719,-43.5931205749512
11.8643617021277,57.2706823027719,-62.773120880127
11.931914893617,57.2706823027719,-50.7231216430664
11.9994680851064,57.2706823027719,-32.9582290649414
12.0670212765957,57.2706823027719,-4.93823051452637
12.1345744680851,57.2706823027719,7.15176963806152
12.2021276595745,57.2706823027719,23.2017688751221
12.2696808510638,57.2706823027719,31.8817691802979
12.3372340425532,57.2706823027719,53.811767578125
12.4047872340426,57.2706823027719,63.8617706298828
12.4723404255319,57.2706823027719,83.5017700195312
12.5398936170213,57.2706823027719,86.8998794555664
12.6074468085106,57.2706823027719,118.179878234863
12.675,57.2706823027719,138.179870605469
12.7425531914894,57.2706823027719,143.159881591797
12.8101063829787,57.2706823027719,133.909881591797
12.8776595744681,57.2706823027719,151.349884033203
12.9452127659574,57.2706823027719,150.459884643555
13.0127659574468,57.2706823027719,147.359878540039
13.0803191489362,57.2706823027719,140.048583984375
13.1478723404255,57.2706823027719,138.298583984375
13.2154255319149,57.2706823027719,153.498580932617
13.2829787234043,57.2706823027719,159.348587036133
13.3505319148936,57.2706823027719,170.518585205078
13.418085106383,57.2706823027719,164.928573608398
13.4856382978723,57.2706823027719,152.958587646484
13.5531914893617,57.2706823027719,152.998580932617
13.6207446808511,57.2706823027719,169.50749206543
13.6882978723404,57.2706823027719,182.447494506836
13.7558510638298,57.2706823027719,175.637496948242
13.8234042553192,57.2706823027719,165.907501220703
13.8909574468085,57.2706823027719,164.967498779297
13.9585106382979,57.2706823027719,189.767501831055
14.0260638297872,57.2706823027719,168.517501831055
14.0936170212766,57.2706823027719,165.107498168945
14.161170212766,57.2706823027719,186.78971862793
14.2287234042553,57.2706823027719,198.699722290039
14.2962765957447,57.2706823027719,202.7197265625
14.363829787234,57.2706823027719,185.049728393555
14.4313829787234,57.2706823027719,221.529724121094
14.4989361702128,57.2706823027719,217.459732055664
14.5664893617021,57.2706823027719,215.869720458984
14.6340425531915,57.2706823027719,222.659729003906
14.7015957446809,57.2706823027719,235.750213623047
14.7691489361702,57.2706823027719,223.850204467773
14.8367021276596,57.2706823027719,236.480209350586
14.9042553191489,57.2706823027719,251.710205078125
14.9718085106383,57.2706823027719,221.63020324707
15.0393617021277,57.2706823027719,262.7001953125
15.106914893617,57.2706823027719,279.500213623047
15.1744680851064,57.2706823027719,277.4501953125
15.2420212765957,57.2706823027719,281.046844482422
15.3095744680851,57.2706823027719,250.906845092773
15.3771276595745,57.2706823027719,230.516845703125
15.4446808510638,57.2706823027719,216.696853637695
15.5122340425532,57.2706823027719,202.34684753418
15.5797872340426,57.2706823027719,195.046844482422
15.6473404255319,57.2706823027719,178.456848144531
15.7148936170213,57.2706823027719,163.756851196289
15.7824468085106,57.2706823027719,145.9443359375
15.85,57.2706823027719,126.014335632324
15.9175531914894,57.2706823027719,101.414329528809
15.9851063829787,57.2706823027719,100.884330749512
16.0526595744681,57.2706823027719,98.9143295288086
16.1202127659574,57.2706823027719,85.324333190918
16.1877659574468,57.2706823027719,75.3343353271484
16.2553191489362,57.2706823027719,61.2143325805664
16.3228723404255,57.2706823027719,41.6939125061035
16.3904255319149,57.2706823027719,28.5339126586914
16.4579787234043,57.2706823027719,17.1339111328125
16.5255319148936,57.2706823027719,-2.98608803749084
16.593085106383,57.2706823027719,-20.9660873413086
16.6606382978723,57.2706823027719,-28.9960880279541
16.7281914893617,57.2706823027719,-31.1060886383057
16.7957446808511,57.2706823027719,-32.3760871887207
16.8632978723404,57.2706823027719,-34.0351257324219
16.9308510638298,57.2706823027719,-24.2651252746582
16.9984042553192,57.2706823027719,4.33487415313721
17.0659574468085,57.2706823027719,8.23487377166748
17.1335106382979,57.2706823027719,-8.71512603759766
17.2010638297872,57.2706823027719,-26.0951251983643
17.2686170212766,57.2706823027719,-41.9751243591309
17.336170212766,57.2706823027719,-59.9851264953613
17.4037234042553,57.2706823027719,-71.3650360107422
17.4712765957447,57.2706823027719,-78.5050354003906
17.538829787234,57.2706823027719,-83.3450317382812
17.6063829787234,57.2706823027719,-92.7250366210938
17.6739361702128,57.2706823027719,-102.375030517578
17.7414893617021,57.2706823027719,-108.035034179688
17.8090425531915,57.2706823027719,-103.945030212402
17.8765957446809,57.2706823027719,-85.2350311279297
17.9441489361702,57.2706823027719,-71.1900405883789
18.0117021276596,57.2706823027719,-24.1700401306152
18.0792553191489,57.2706823027719,-8.81004047393799
18.1468085106383,57.2706823027719,5.70995903015137
18.2143617021277,57.2706823027719,15.5599594116211
18.281914893617,57.2706823027719,15.229959487915
18.3494680851064,57.2706823027719,20.7699584960938
18.4170212765957,57.2706823027719,21.6024913787842
18.4845744680851,57.2706823027719,15.8424921035767
18.5521276595745,57.2706823027719,8.00249195098877
18.6196808510638,57.2706823027719,1.82249212265015
18.6872340425532,57.2706823027719,-4.54750776290894
18.7547872340426,57.2706823027719,-18.1875076293945
18.8223404255319,57.2706823027719,-33.5575065612793
18.8898936170213,57.2706823027719,-49.4275093078613
18.9574468085106,57.2706823027719,-62.9566802978516
19.025,57.2706823027719,-74.9566802978516
19.0925531914894,57.2706823027719,-90.5966796875
19.1601063829787,57.2706823027719,-108.85668182373
19.2276595744681,57.2706823027719,-123.766677856445
19.2952127659575,57.2706823027719,-138.626678466797
19.3627659574468,57.2706823027719,-149.456680297852
19.4303191489362,57.2706823027719,-155.136672973633
19.4978723404255,57.2706823027719,-147.94709777832
19.5654255319149,57.2706823027719,-137.897094726562
19.6329787234043,57.2706823027719,-140.287094116211
19.7005319148936,57.2706823027719,-158.507095336914
19.768085106383,57.2706823027719,-203.437088012695
19.8356382978723,57.2706823027719,-216.537094116211
19.9031914893617,57.2706823027719,-222.51708984375
19.9707446808511,57.2706823027719,-230.217086791992
20.0382978723404,57.2706823027719,-238.026229858398
20.1058510638298,57.2706823027719,-236.096221923828
20.1734042553191,57.2706823027719,-235.096221923828
20.2409574468085,57.2706823027719,-212.676223754883
20.3085106382979,57.2706823027719,-174.946228027344
20.3760638297872,57.2706823027719,-149.966217041016
20.4436170212766,57.2706823027719,-137.916229248047
20.511170212766,57.2706823027719,-98.626220703125
20.5787234042553,57.2706823027719,-100.311889648438
20.6462765957447,57.2706823027719,-90.5718841552734
20.713829787234,57.2706823027719,-73.0418853759766
20.7813829787234,57.2706823027719,-51.0218849182129
20.8489361702128,57.2706823027719,-44.6218872070312
20.9164893617021,57.2706823027719,-36.7918853759766
20.9840425531915,57.2706823027719,-34.5318870544434
21.0515957446809,57.2706823027719,-45.2618865966797
21.1191489361702,57.2706823027719,-46.665096282959
21.1867021276596,57.2706823027719,-35.7850952148438
21.2542553191489,57.2706823027719,-27.3250961303711
21.3218085106383,57.2706823027719,-21.3850955963135
21.3893617021277,57.2706823027719,-11.915096282959
21.456914893617,57.2706823027719,8.29490375518799
21.5244680851064,57.2706823027719,12.9049043655396
21.5920212765957,57.2706823027719,6.82490396499634
21.6595744680851,57.2706823027719,4.29248762130737
21.7271276595745,57.2706823027719,10.6724872589111
21.7946808510638,57.2706823027719,18.3624877929688
21.8622340425532,57.2706823027719,26.1124877929688
21.9297872340426,57.2706823027719,37.6524887084961
21.9973404255319,57.2706823027719,47.8024864196777
22.0648936170213,57.2706823027719,48.6324882507324
22.1324468085106,57.2706823027719,25.7724876403809
22.2,57.2706823027719,24.1700019836426
9.5,57.2024836136776,7.24564981460571
9.56755319148936,57.2024836136776,5.58564949035645
9.63510638297872,57.2024836136776,3.39564967155457
9.70265957446808,57.2024836136776,5.00564956665039
9.77021276595745,57.2024836136776,7.39564943313599
9.83776595744681,57.2024836136776,5.84261798858643
9.90531914893617,57.2024836136776,14.4026184082031
9.97287234042553,57.2024836136776,20.3826179504395
10.0404255319149,57.2024836136776,13.9826183319092
10.1079787234043,57.2024836136776,22.3726177215576
10.1755319148936,57.2024836136776,34.4526176452637
10.243085106383,57.2024836136776,34.0726165771484
10.3106382978723,57.2024836136776,15.6026182174683
10.3781914893617,57.2024836136776,2.98540306091309
10.4457446808511,57.2024836136776,-5.05459690093994
10.5132978723404,57.2024836136776,-8.07459735870361
10.5808510638298,57.2024836136776,-9.12459659576416
10.6484042553192,57.2024836136776,-15.9945974349976
10.7159574468085,57.2024836136776,-13.7945966720581
10.7835106382979,57.2024836136776,-5.91459703445435
10.8510638297872,57.2024836136776,-3.6045970916748
10.9186170212766,57.2024836136776,-1.93763732910156
10.986170212766,57.2024836136776,-2.23763728141785
11.0537234042553,57.2024836136776,-3.70763731002808
11.1212765957447,57.2024836136776,-3.58763742446899
11.188829787234,57.2024836136776,-5.06763744354248
11.2563829787234,57.2024836136776,-9.92763710021973
11.3239361702128,57.2024836136776,-36.6976356506348
11.3914893617021,57.2024836136776,-62.637638092041
11.4590425531915,57.2024836136776,-39.523120880127
11.5265957446809,57.2024836136776,-41.6931228637695
11.5941489361702,57.2024836136776,-48.3631210327148
11.6617021276596,57.2024836136776,-29.603120803833
11.7292553191489,57.2024836136776,-17.413122177124
11.7968085106383,57.2024836136776,-47.3731231689453
11.8643617021277,57.2024836136776,-54.0931205749512
11.931914893617,57.2024836136776,-56.2531204223633
11.9994680851064,57.2024836136776,-41.3982315063477
12.0670212765957,57.2024836136776,-18.6882305145264
12.1345744680851,57.2024836136776,-3.59823060035706
12.2021276595745,57.2024836136776,15.0617694854736
12.2696808510638,57.2024836136776,26.121768951416
12.3372340425532,57.2024836136776,37.8417701721191
12.4047872340426,57.2024836136776,49.6017684936523
12.4723404255319,57.2024836136776,76.5217666625977
12.5398936170213,57.2024836136776,116.19987487793
12.6074468085106,57.2024836136776,123.939880371094
12.675,57.2024836136776,101.219879150391
12.7425531914894,57.2024836136776,124.519874572754
12.8101063829787,57.2024836136776,141.849884033203
12.8776595744681,57.2024836136776,144.599884033203
12.9452127659574,57.2024836136776,136.659881591797
13.0127659574468,57.2024836136776,150.03987121582
13.0803191489362,57.2024836136776,143.778579711914
13.1478723404255,57.2024836136776,139.688583374023
13.2154255319149,57.2024836136776,147.158584594727
13.2829787234043,57.2024836136776,142.338577270508
13.3505319148936,57.2024836136776,155.188583374023
13.418085106383,57.2024836136776,165.098587036133
13.4856382978723,57.2024836136776,164.21858215332
13.5531914893617,57.2024836136776,158.668579101562
13.6207446808511,57.2024836136776,154.957489013672
13.6882978723404,57.2024836136776,159.497497558594
13.7558510638298,57.2024836136776,155.127502441406
13.8234042553192,57.2024836136776,157.907501220703
13.8909574468085,57.2024836136776,170.797500610352
13.9585106382979,57.2024836136776,184.037490844727
14.0260638297872,57.2024836136776,162.367492675781
14.0936170212766,57.2024836136776,167.567489624023
14.161170212766,57.2024836136776,181.389724731445
14.2287234042553,57.2024836136776,223.089721679688
14.2962765957447,57.2024836136776,195.53971862793
14.363829787234,57.2024836136776,190.129730224609
14.4313829787234,57.2024836136776,210.119720458984
14.4989361702128,57.2024836136776,219.28971862793
14.5664893617021,57.2024836136776,214.439727783203
14.6340425531915,57.2024836136776,216.519729614258
14.7015957446809,57.2024836136776,240.920211791992
14.7691489361702,57.2024836136776,203.38020324707
14.8367021276596,57.2024836136776,220.830200195312
14.9042553191489,57.2024836136776,231.070205688477
14.9718085106383,57.2024836136776,216.090209960938
15.0393617021277,57.2024836136776,232.430206298828
15.106914893617,57.2024836136776,264.570220947266
15.1744680851064,57.2024836136776,249.000213623047
15.2420212765957,57.2024836136776,286.186859130859
15.3095744680851,57.2024836136776,267.666839599609
15.3771276595745,57.2024836136776,245.466842651367
15.4446808510638,57.2024836136776,233.696853637695
15.5122340425532,57.2024836136776,220.056854248047
15.5797872340426,57.2024836136776,203.34684753418
15.6473404255319,57.2024836136776,189.586853027344
15.7148936170213,57.2024836136776,171.426849365234
15.7824468085106,57.2024836136776,153.394332885742
15.85,57.2024836136776,132.374328613281
15.9175531914894,57.2024836136776,118.68433380127
15.9851063829787,57.2024836136776,104.144332885742
16.0526595744681,57.2024836136776,82.7143325805664
16.1202127659574,57.2024836136776,83.9443359375
16.1877659574468,57.2024836136776,71.8743286132812
16.2553191489362,57.2024836136776,54.824333190918
16.3228723404255,57.2024836136776,34.2039108276367
16.3904255319149,57.2024836136776,22.1939125061035
16.4579787234043,57.2024836136776,13.0339117050171
16.5255319148936,57.2024836136776,-3.12608814239502
16.593085106383,57.2024836136776,-11.166088104248
16.6606382978723,57.2024836136776,-28.1460876464844
16.7281914893617,57.2024836136776,-35.1960868835449
16.7957446808511,57.2024836136776,-35.916088104248
16.8632978723404,57.2024836136776,-36.945125579834
16.9308510638298,57.2024836136776,-13.3251256942749
16.9984042553192,57.2024836136776,6.57487392425537
17.0659574468085,57.2024836136776,3.1148738861084
17.1335106382979,57.2024836136776,-14.0551261901855
17.2010638297872,57.2024836136776,-33.005126953125
17.2686170212766,57.2024836136776,-51.255126953125
17.336170212766,57.2024836136776,-64.5451278686523
17.4037234042553,57.2024836136776,-75.5150299072266
17.4712765957447,57.2024836136776,-75.5750350952148
17.538829787234,57.2024836136776,-88.7350311279297
17.6063829787234,57.2024836136776,-98.5350341796875
17.6739361702128,57.2024836136776,-109.555030822754
17.7414893617021,57.2024836136776,-106.455032348633
17.8090425531915,57.2024836136776,-98.6750335693359
17.8765957446809,57.2024836136776,-85.9850311279297
17.9441489361702,57.2024836136776,-74.660041809082
18.0117021276596,57.2024836136776,-37.0700416564941
18.0792553191489,57.2024836136776,-12.9000406265259
18.1468085106383,57.2024836136776,0.439959108829498
18.2143617021277,57.2024836136776,9.09995937347412
18.281914893617,57.2024836136776,14.2099590301514
18.3494680851064,57.2024836136776,21.5299587249756
18.4170212765957,57.2024836136776,7.5424919128418
18.4845744680851,57.2024836136776,0.20249205827713
18.5521276595745,57.2024836136776,-6.23750782012939
18.6196808510638,57.2024836136776,-15.5775079727173
18.6872340425532,57.2024836136776,-20.8175086975098
18.7547872340426,57.2024836136776,-31.6675071716309
18.8223404255319,57.2024836136776,-45.2575073242188
18.8898936170213,57.2024836136776,-56.6275062561035
18.9574468085106,57.2024836136776,-68.3366775512695
19.025,57.2024836136776,-84.7466812133789
19.0925531914894,57.2024836136776,-102.976676940918
19.1601063829787,57.2024836136776,-121.056678771973
19.2276595744681,57.2024836136776,-137.446685791016
19.2952127659575,57.2024836136776,-152.236679077148
19.3627659574468,57.2024836136776,-162.666687011719
19.4303191489362,57.2024836136776,-166.916687011719
19.4978723404255,57.2024836136776,-163.507095336914
19.5654255319149,57.2024836136776,-150.217086791992
19.6329787234043,57.2024836136776,-143.657089233398
19.7005319148936,57.2024836136776,-165.857086181641
19.768085106383,57.2024836136776,-212.977096557617
19.8356382978723,57.2024836136776,-224.497085571289
19.9031914893617,57.2024836136776,-227.927093505859
19.9707446808511,57.2024836136776,-226.137084960938
20.0382978723404,57.2024836136776,-226.746231079102
20.1058510638298,57.2024836136776,-224.406219482422
20.1734042553191,57.2024836136776,-210.066223144531
20.2409574468085,57.2024836136776,-179.54621887207
20.3085106382979,57.2024836136776,-155.686218261719
20.3760638297872,57.2024836136776,-139.446228027344
20.4436170212766,57.2024836136776,-119.656227111816
20.511170212766,57.2024836136776,-92.3662261962891
20.5787234042553,57.2024836136776,-92.5718841552734
20.6462765957447,57.2024836136776,-90.3318862915039
20.713829787234,57.2024836136776,-75.6618881225586
20.7813829787234,57.2024836136776,-55.681884765625
20.8489361702128,57.2024836136776,-44.5018844604492
20.9164893617021,57.2024836136776,-31.2118854522705
20.9840425531915,57.2024836136776,-21.1418857574463
21.0515957446809,57.2024836136776,-19.8618850708008
21.1191489361702,57.2024836136776,-20.6850967407227
21.1867021276596,57.2024836136776,-24.5650959014893
21.2542553191489,57.2024836136776,-29.4250965118408
21.3218085106383,57.2024836136776,-17.8350963592529
21.3893617021277,57.2024836136776,-11.4450960159302
21.456914893617,57.2024836136776,7.68490409851074
21.5244680851064,57.2024836136776,3.3049042224884
21.5920212765957,57.2024836136776,7.07490396499634
21.6595744680851,57.2024836136776,11.8624877929688
21.7271276595745,57.2024836136776,12.8024873733521
21.7946808510638,57.2024836136776,17.8524875640869
21.8622340425532,57.2024836136776,29.5524883270264
21.9297872340426,57.2024836136776,40.6424865722656
21.9973404255319,57.2024836136776,50.622486114502
22.0648936170213,57.2024836136776,34.242488861084
22.1324468085106,57.2024836136776,25.3524875640869
22.2,57.2024836136776,22.480001449585
9.5,57.1342849245834,3.18564963340759
9.56755319148936,57.1342849245834,-0.0843503549695015
9.63510638297872,57.1342849245834,2.37564969062805
9.70265957446808,57.1342849245834,0.635649621486664
9.77021276595745,57.1342849245834,2.13564968109131
9.83776595744681,57.1342849245834,6.25261783599854
9.90531914893617,57.1342849245834,6.83261775970459
9.97287234042553,57.1342849245834,13.9926176071167
10.0404255319149,57.1342849245834,10.7826175689697
10.1079787234043,57.1342849245834,15.1826181411743
10.1755319148936,57.1342849245834,9.23261833190918
10.243085106383,57.1342849245834,7.95261812210083
10.3106382978723,57.1342849245834,4.79261779785156
10.3781914893617,57.1342849245834,-5.34459686279297
10.4457446808511,57.1342849245834,-7.39459705352783
10.5132978723404,57.1342849245834,-7.83459711074829
10.5808510638298,57.1342849245834,-9.1045970916748
10.6484042553192,57.1342849245834,-13.9045972824097
10.7159574468085,57.1342849245834,-13.9445972442627
10.7835106382979,57.1342849245834,-10.2045974731445
10.8510638297872,57.1342849245834,-7.48459720611572
10.9186170212766,57.1342849245834,-6.04763746261597
10.986170212766,57.1342849245834,-5.6376371383667
11.0537234042553,57.1342849245834,-5.33763742446899
11.1212765957447,57.1342849245834,-5.87763738632202
11.188829787234,57.1342849245834,-6.43763732910156
11.2563829787234,57.1342849245834,-8.75763702392578
11.3239361702128,57.1342849245834,-9.62763690948486
11.3914893617021,57.1342849245834,-31.9676380157471
11.4590425531915,57.1342849245834,-46.1231231689453
11.5265957446809,57.1342849245834,-27.3031215667725
11.5941489361702,57.1342849245834,-31.4831218719482
11.6617021276596,57.1342849245834,-34.1531219482422
11.7292553191489,57.1342849245834,-44.0431213378906
11.7968085106383,57.1342849245834,-55.1631202697754
11.8643617021277,57.1342849245834,-52.3731231689453
11.931914893617,57.1342849245834,-55.9731216430664
11.9994680851064,57.1342849245834,-49.6382293701172
12.0670212765957,57.1342849245834,-32.3882293701172
12.1345744680851,57.1342849245834,-18.5082302093506
12.2021276595745,57.1342849245834,-1.62823057174683
12.2696808510638,57.1342849245834,16.7417697906494
12.3372340425532,57.1342849245834,25.4817695617676
12.4047872340426,57.1342849245834,45.0517692565918
12.4723404255319,57.1342849245834,74.7117691040039
12.5398936170213,57.1342849245834,91.1398773193359
12.6074468085106,57.1342849245834,76.239875793457
12.675,57.1342849245834,94.6398773193359
12.7425531914894,57.1342849245834,127.419876098633
12.8101063829787,57.1342849245834,125.059875488281
12.8776595744681,57.1342849245834,132.189880371094
12.9452127659574,57.1342849245834,130.719879150391
13.0127659574468,57.1342849245834,142.569869995117
13.0803191489362,57.1342849245834,142.588577270508
13.1478723404255,57.1342849245834,128.938583374023
13.2154255319149,57.1342849245834,137.148574829102
13.2829787234043,57.1342849245834,150.848587036133
13.3505319148936,57.1342849245834,154.888580322266
13.418085106383,57.1342849245834,168.87858581543
13.4856382978723,57.1342849245834,171.258575439453
13.5531914893617,57.1342849245834,179.708587646484
13.6207446808511,57.1342849245834,167.647491455078
13.6882978723404,57.1342849245834,150.807495117188
13.7558510638298,57.1342849245834,146.997497558594
13.8234042553192,57.1342849245834,156.367492675781
13.8909574468085,57.1342849245834,174.337493896484
13.9585106382979,57.1342849245834,168.127502441406
14.0260638297872,57.1342849245834,145.927490234375
14.0936170212766,57.1342849245834,156.597503662109
14.161170212766,57.1342849245834,170.989730834961
14.2287234042553,57.1342849245834,178.7197265625
14.2962765957447,57.1342849245834,177.029724121094
14.363829787234,57.1342849245834,182.409729003906
14.4313829787234,57.1342849245834,219.649719238281
14.4989361702128,57.1342849245834,232.149719238281
14.5664893617021,57.1342849245834,207.369720458984
14.6340425531915,57.1342849245834,220.419723510742
14.7015957446809,57.1342849245834,214.690200805664
14.7691489361702,57.1342849245834,197.300201416016
14.8367021276596,57.1342849245834,189.190200805664
14.9042553191489,57.1342849245834,198.850204467773
14.9718085106383,57.1342849245834,209.930206298828
15.0393617021277,57.1342849245834,200.980209350586
15.106914893617,57.1342849245834,206.410202026367
15.1744680851064,57.1342849245834,215.440200805664
15.2420212765957,57.1342849245834,270.116851806641
15.3095744680851,57.1342849245834,270.556854248047
15.3771276595745,57.1342849245834,245.696853637695
15.4446808510638,57.1342849245834,233.286849975586
15.5122340425532,57.1342849245834,214.446853637695
15.5797872340426,57.1342849245834,203.546844482422
15.6473404255319,57.1342849245834,189.116851806641
15.7148936170213,57.1342849245834,179.006851196289
15.7824468085106,57.1342849245834,166.034332275391
15.85,57.1342849245834,144.724334716797
15.9175531914894,57.1342849245834,129.954330444336
15.9851063829787,57.1342849245834,111.174331665039
16.0526595744681,57.1342849245834,87.7543334960938
16.1202127659574,57.1342849245834,80.3743286132812
16.1877659574468,57.1342849245834,66.0643310546875
16.2553191489362,57.1342849245834,56.8843307495117
16.3228723404255,57.1342849245834,38.2039108276367
16.3904255319149,57.1342849245834,26.8539123535156
16.4579787234043,57.1342849245834,15.913911819458
16.5255319148936,57.1342849245834,7.07391166687012
16.593085106383,57.1342849245834,-1.10608816146851
16.6606382978723,57.1342849245834,-7.70608806610107
16.7281914893617,57.1342849245834,-27.6260871887207
16.7957446808511,57.1342849245834,-35.7660865783691
16.8632978723404,57.1342849245834,-31.1651268005371
16.9308510638298,57.1342849245834,1.28487396240234
16.9984042553192,57.1342849245834,4.80487394332886
17.0659574468085,57.1342849245834,-10.6751260757446
17.1335106382979,57.1342849245834,-28.6751251220703
17.2010638297872,57.1342849245834,-42.2751274108887
17.2686170212766,57.1342849245834,-57.255126953125
17.336170212766,57.1342849245834,-71.4651260375977
17.4037234042553,57.1342849245834,-75.6750335693359
17.4712765957447,57.1342849245834,-79.155029296875
17.538829787234,57.1342849245834,-94.0150299072266
17.6063829787234,57.1342849245834,-107.675033569336
17.6739361702128,57.1342849245834,-109.815032958984
17.7414893617021,57.1342849245834,-103.805030822754
17.8090425531915,57.1342849245834,-97.4750366210938
17.8765957446809,57.1342849245834,-86.8150329589844
17.9441489361702,57.1342849245834,-73.7100372314453
18.0117021276596,57.1342849245834,-40.910041809082
18.0792553191489,57.1342849245834,-19.2800407409668
18.1468085106383,57.1342849245834,-8.18004131317139
18.2143617021277,57.1342849245834,2.9299590587616
18.281914893617,57.1342849245834,5.09995889663696
18.3494680851064,57.1342849245834,3.15995907783508
18.4170212765957,57.1342849245834,-4.53750801086426
18.4845744680851,57.1342849245834,-9.36750793457031
18.5521276595745,57.1342849245834,-16.0975074768066
18.6196808510638,57.1342849245834,-24.2775077819824
18.6872340425532,57.1342849245834,-25.6475086212158
18.7547872340426,57.1342849245834,-34.9275093078613
18.8223404255319,57.1342849245834,-55.1875076293945
18.8898936170213,57.1342849245834,-77.8775100708008
18.9574468085106,57.1342849245834,-91.966682434082
19.025,57.1342849245834,-106.3466796875
19.0925531914894,57.1342849245834,-126.816680908203
19.1601063829787,57.1342849245834,-145.916687011719
19.2276595744681,57.1342849245834,-155.826675415039
19.2952127659575,57.1342849245834,-168.016677856445
19.3627659574468,57.1342849245834,-174.466674804688
19.4303191489362,57.1342849245834,-175.496673583984
19.4978723404255,57.1342849245834,-169.637084960938
19.5654255319149,57.1342849245834,-157.167083740234
19.6329787234043,57.1342849245834,-156.417083740234
19.7005319148936,57.1342849245834,-193.337097167969
19.768085106383,57.1342849245834,-216.247085571289
19.8356382978723,57.1342849245834,-216.107086181641
19.9031914893617,57.1342849245834,-207.257095336914
19.9707446808511,57.1342849245834,-199.717086791992
20.0382978723404,57.1342849245834,-194.166229248047
20.1058510638298,57.1342849245834,-194.976226806641
20.1734042553191,57.1342849245834,-182.416229248047
20.2409574468085,57.1342849245834,-159.876220703125
20.3085106382979,57.1342849245834,-141.096221923828
20.3760638297872,57.1342849245834,-128.316223144531
20.4436170212766,57.1342849245834,-112.536224365234
20.511170212766,57.1342849245834,-95.1162261962891
20.5787234042553,57.1342849245834,-91.0418853759766
20.6462765957447,57.1342849245834,-85.6218872070312
20.713829787234,57.1342849245834,-71.0918884277344
20.7813829787234,57.1342849245834,-56.741886138916
20.8489361702128,57.1342849245834,-43.8318862915039
20.9164893617021,57.1342849245834,-28.9018859863281
20.9840425531915,57.1342849245834,-21.8018856048584
21.0515957446809,57.1342849245834,-21.91188621521
21.1191489361702,57.1342849245834,-22.0550956726074
21.1867021276596,57.1342849245834,-27.3650951385498
21.2542553191489,57.1342849245834,-23.6350955963135
21.3218085106383,57.1342849245834,-18.2150955200195
21.3893617021277,57.1342849245834,-13.495096206665
21.456914893617,57.1342849245834,4.73490428924561
21.5244680851064,57.1342849245834,8.5149040222168
21.5920212765957,57.1342849245834,11.8249044418335
21.6595744680851,57.1342849245834,16.4024868011475
21.7271276595745,57.1342849245834,29.0324878692627
21.7946808510638,57.1342849245834,22.2224884033203
21.8622340425532,57.1342849245834,19.0024871826172
21.9297872340426,57.1342849245834,26.1424884796143
21.9973404255319,57.1342849245834,31.4424877166748
22.0648936170213,57.1342849245834,25.8924884796143
22.1324468085106,57.1342849245834,30.3524875640869
22.2,57.1342849245834,28.7700023651123
9.5,57.0660862354892,0.94564962387085
9.56755319148936,57.0660862354892,-1.16435039043427
9.63510638297872,57.0660862354892,4.38564968109131
9.70265957446808,57.0660862354892,5.51564979553223
9.77021276595745,57.0660862354892,4.95564985275269
9.83776595744681,57.0660862354892,12.2026176452637
9.90531914893617,57.0660862354892,19.0626182556152
9.97287234042553,57.0660862354892,5.6626181602478
10.0404255319149,57.0660862354892,2.88261795043945
10.1079787234043,57.0660862354892,3.52261805534363
10.1755319148936,57.0660862354892,4.87261772155762
10.243085106383,57.0660862354892,5.73261785507202
10.3106382978723,57.0660862354892,0.452617943286896
10.3781914893617,57.0660862354892,-7.9445972442627
10.4457446808511,57.0660862354892,-8.25459671020508
10.5132978723404,57.0660862354892,-8.634596824646
10.5808510638298,57.0660862354892,-9.27459716796875
10.6484042553192,57.0660862354892,-11.2345972061157
10.7159574468085,57.0660862354892,-11.7445974349976
10.7835106382979,57.0660862354892,-12.1445970535278
10.8510638297872,57.0660862354892,-12.0145969390869
10.9186170212766,57.0660862354892,-7.85763740539551
10.986170212766,57.0660862354892,-6.17763710021973
11.0537234042553,57.0660862354892,-6.08763742446899
11.1212765957447,57.0660862354892,-7.04763746261597
11.188829787234,57.0660862354892,-8.75763702392578
11.2563829787234,57.0660862354892,-10.4476375579834
11.3239361702128,57.0660862354892,-10.5776376724243
11.3914893617021,57.0660862354892,-10.2176370620728
11.4590425531915,57.0660862354892,-17.083122253418
11.5265957446809,57.0660862354892,-43.2231216430664
11.5941489361702,57.0660862354892,-49.6531219482422
11.6617021276596,57.0660862354892,-54.1231231689453
11.7292553191489,57.0660862354892,-52.833122253418
11.7968085106383,57.0660862354892,-45.0731201171875
11.8643617021277,57.0660862354892,-41.9531211853027
11.931914893617,57.0660862354892,-46.7431221008301
11.9994680851064,57.0660862354892,-52.8582305908203
12.0670212765957,57.0660862354892,-47.9882316589355
12.1345744680851,57.0660862354892,-37.878231048584
12.2021276595745,57.0660862354892,-20.4982299804688
12.2696808510638,57.0660862354892,0.68176943063736
12.3372340425532,57.0660862354892,11.1617698669434
12.4047872340426,57.0660862354892,26.8217697143555
12.4723404255319,57.0660862354892,73.0017700195312
12.5398936170213,57.0660862354892,73.1798782348633
12.6074468085106,57.0660862354892,49.9798774719238
12.675,57.0660862354892,68.239875793457
12.7425531914894,57.0660862354892,109.589874267578
12.8101063829787,57.0660862354892,137.059875488281
12.8776595744681,57.0660862354892,143.639877319336
12.9452127659574,57.0660862354892,139.459884643555
13.0127659574468,57.0660862354892,139.839874267578
13.0803191489362,57.0660862354892,121.71858215332
13.1478723404255,57.0660862354892,128.488586425781
13.2154255319149,57.0660862354892,138.438583374023
13.2829787234043,57.0660862354892,148.53857421875
13.3505319148936,57.0660862354892,148.918579101562
13.418085106383,57.0660862354892,158.578582763672
13.4856382978723,57.0660862354892,161.868576049805
13.5531914893617,57.0660862354892,174.388580322266
13.6207446808511,57.0660862354892,167.767501831055
13.6882978723404,57.0660862354892,146.997497558594
13.7558510638298,57.0660862354892,142.467498779297
13.8234042553192,57.0660862354892,148.047500610352
13.8909574468085,57.0660862354892,166.987503051758
13.9585106382979,57.0660862354892,146.887496948242
14.0260638297872,57.0660862354892,149.097503662109
14.0936170212766,57.0660862354892,151.727493286133
14.161170212766,57.0660862354892,157.249725341797
14.2287234042553,57.0660862354892,181.359725952148
14.2962765957447,57.0660862354892,192.549728393555
14.363829787234,57.0660862354892,196.479721069336
14.4313829787234,57.0660862354892,213.279724121094
14.4989361702128,57.0660862354892,210.609725952148
14.5664893617021,57.0660862354892,188.9697265625
14.6340425531915,57.0660862354892,209.139724731445
14.7015957446809,57.0660862354892,191.660202026367
14.7691489361702,57.0660862354892,169.660202026367
14.8367021276596,57.0660862354892,182.350204467773
14.9042553191489,57.0660862354892,180.100204467773
14.9718085106383,57.0660862354892,192.890213012695
15.0393617021277,57.0660862354892,207.900207519531
15.106914893617,57.0660862354892,217.430206298828
15.1744680851064,57.0660862354892,234.010208129883
15.2420212765957,57.0660862354892,277.936859130859
15.3095744680851,57.0660862354892,261.02685546875
15.3771276595745,57.0660862354892,241.606842041016
15.4446808510638,57.0660862354892,230.706848144531
15.5122340425532,57.0660862354892,219.056854248047
15.5797872340426,57.0660862354892,201.176849365234
15.6473404255319,57.0660862354892,195.656845092773
15.7148936170213,57.0660862354892,175.34684753418
15.7824468085106,57.0660862354892,160.874328613281
15.85,57.0660862354892,141.884338378906
15.9175531914894,57.0660862354892,122.074333190918
15.9851063829787,57.0660862354892,100.124328613281
16.0526595744681,57.0660862354892,83.6843338012695
16.1202127659574,57.0660862354892,74.6643295288086
16.1877659574468,57.0660862354892,66.5843353271484
16.2553191489362,57.0660862354892,52.9043312072754
16.3228723404255,57.0660862354892,39.0339126586914
16.3904255319149,57.0660862354892,24.3639125823975
16.4579787234043,57.0660862354892,7.43391180038452
16.5255319148936,57.0660862354892,3.84391188621521
16.593085106383,57.0660862354892,-2.26608800888062
16.6606382978723,57.0660862354892,-11.626088142395
16.7281914893617,57.0660862354892,-18.2360877990723
16.7957446808511,57.0660862354892,-30.5160884857178
16.8632978723404,57.0660862354892,-4.65512609481812
16.9308510638298,57.0660862354892,3.89487385749817
16.9984042553192,57.0660862354892,-3.60512614250183
17.0659574468085,57.0660862354892,-21.0551261901855
17.1335106382979,57.0660862354892,-40.9851264953613
17.2010638297872,57.0660862354892,-47.445125579834
17.2686170212766,57.0660862354892,-52.4751243591309
17.336170212766,57.0660862354892,-58.755126953125
17.4037234042553,57.0660862354892,-71.1150360107422
17.4712765957447,57.0660862354892,-88.9850311279297
17.538829787234,57.0660862354892,-100.705032348633
17.6063829787234,57.0660862354892,-109.585029602051
17.6739361702128,57.0660862354892,-107.675033569336
17.7414893617021,57.0660862354892,-102.695030212402
17.8090425531915,57.0660862354892,-97.5950317382812
17.8765957446809,57.0660862354892,-91.6350326538086
17.9441489361702,57.0660862354892,-79.7500381469727
18.0117021276596,57.0660862354892,-35.8600425720215
18.0792553191489,57.0660862354892,-23.520040512085
18.1468085106383,57.0660862354892,-9.17004108428955
18.2143617021277,57.0660862354892,0.369959115982056
18.281914893617,57.0660862354892,3.91995906829834
18.3494680851064,57.0660862354892,-3.86004090309143
18.4170212765957,57.0660862354892,-13.387508392334
18.4845744680851,57.0660862354892,-21.3375072479248
18.5521276595745,57.0660862354892,-26.7875080108643
18.6196808510638,57.0660862354892,-31.9175071716309
18.6872340425532,57.0660862354892,-37.5875091552734
18.7547872340426,57.0660862354892,-49.5975074768066
18.8223404255319,57.0660862354892,-76.7175064086914
18.8898936170213,57.0660862354892,-102.737510681152
18.9574468085106,57.0660862354892,-116.016677856445
19.025,57.0660862354892,-128.716674804688
19.0925531914894,57.0660862354892,-145.356674194336
19.1601063829787,57.0660862354892,-154.706680297852
19.2276595744681,57.0660862354892,-162.426681518555
19.2952127659575,57.0660862354892,-171.206680297852
19.3627659574468,57.0660862354892,-175.446685791016
19.4303191489362,57.0660862354892,-176.0966796875
19.4978723404255,57.0660862354892,-171.997085571289
19.5654255319149,57.0660862354892,-165.327087402344
19.6329787234043,57.0660862354892,-169.51708984375
19.7005319148936,57.0660862354892,-185.277084350586
19.768085106383,57.0660862354892,-195.907089233398
19.8356382978723,57.0660862354892,-194.537094116211
19.9031914893617,57.0660862354892,-185.94709777832
19.9707446808511,57.0660862354892,-181.817092895508
20.0382978723404,57.0660862354892,-180.366226196289
20.1058510638298,57.0660862354892,-174.816223144531
20.1734042553191,57.0660862354892,-169.466217041016
20.2409574468085,57.0660862354892,-153.126220703125
20.3085106382979,57.0660862354892,-126.71622467041
20.3760638297872,57.0660862354892,-107.596221923828
20.4436170212766,57.0660862354892,-97.3662261962891
20.511170212766,57.0660862354892,-82.4162216186523
20.5787234042553,57.0660862354892,-81.9118881225586
20.6462765957447,57.0660862354892,-72.8518829345703
20.713829787234,57.0660862354892,-51.8918876647949
20.7813829787234,57.0660862354892,-56.1718864440918
20.8489361702128,57.0660862354892,-46.7018852233887
20.9164893617021,57.0660862354892,-30.6918869018555
20.9840425531915,57.0660862354892,-27.1518859863281
21.0515957446809,57.0660862354892,-28.2518863677979
21.1191489361702,57.0660862354892,-25.1250953674316
21.1867021276596,57.0660862354892,-23.4650955200195
21.2542553191489,57.0660862354892,-19.415096282959
21.3218085106383,57.0660862354892,-16.0250949859619
21.3893617021277,57.0660862354892,-6.68509578704834
21.456914893617,57.0660862354892,14.8449039459229
21.5244680851064,57.0660862354892,16.4149036407471
21.5920212765957,57.0660862354892,19.2449035644531
21.6595744680851,57.0660862354892,48.7624893188477
21.7271276595745,57.0660862354892,51.2024879455566
21.7946808510638,57.0660862354892,54.2524871826172
21.8622340425532,57.0660862354892,44.0524864196777
21.9297872340426,57.0660862354892,37.6124877929688
21.9973404255319,57.0660862354892,27.9524879455566
22.0648936170213,57.0660862354892,32.6624870300293
22.1324468085106,57.0660862354892,39.4624862670898
22.2,57.0660862354892,42.9900016784668
9.5,56.997887546395,8.27565002441406
9.56755319148936,56.997887546395,20.9656505584717
9.63510638297872,56.997887546395,41.3256492614746
9.70265957446808,56.997887546395,40.2556495666504
9.77021276595745,56.997887546395,36.5556488037109
9.83776595744681,56.997887546395,24.6526184082031
9.90531914893617,56.997887546395,40.0526161193848
9.97287234042553,56.997887546395,26.912618637085
10.0404255319149,56.997887546395,16.5326175689697
10.1079787234043,56.997887546395,2.21261787414551
10.1755319148936,56.997887546395,3.42261791229248
10.243085106383,56.997887546395,-0.417382061481476
10.3106382978723,56.997887546395,-4.86738204956055
10.3781914893617,56.997887546395,-8.61459732055664
10.4457446808511,56.997887546395,-8.23459720611572
10.5132978723404,56.997887546395,-9.70459747314453
10.5808510638298,56.997887546395,-9.99459743499756
10.6484042553192,56.997887546395,-9.58459663391113
10.7159574468085,56.997887546395,-9.64459705352783
10.7835106382979,56.997887546395,-12.2045974731445
10.8510638297872,56.997887546395,-9.70459747314453
10.9186170212766,56.997887546395,-10.2076377868652
10.986170212766,56.997887546395,-7.81763744354248
11.0537234042553,56.997887546395,-6.1976375579834
11.1212765957447,56.997887546395,-8.71763706207275
11.188829787234,56.997887546395,-9.51763725280762
11.2563829787234,56.997887546395,-11.9776372909546
11.3239361702128,56.997887546395,-12.5076370239258
11.3914893617021,56.997887546395,-11.6176376342773
11.4590425531915,56.997887546395,-12.273120880127
11.5265957446809,56.997887546395,-23.7831211090088
11.5941489361702,56.997887546395,-33.2631225585938
11.6617021276596,56.997887546395,-42.4331207275391
11.7292553191489,56.997887546395,-51.8231201171875
11.7968085106383,56.997887546395,-33.773120880127
11.8643617021277,56.997887546395,-20.6231212615967
11.931914893617,56.997887546395,-25.9331207275391
11.9994680851064,56.997887546395,-40.7782287597656
12.0670212765957,56.997887546395,-36.7582321166992
12.1345744680851,56.997887546395,-37.6082305908203
12.2021276595745,56.997887546395,-26.0582313537598
12.2696808510638,56.997887546395,-13.628231048584
12.3372340425532,56.997887546395,3.61176943778992
12.4047872340426,56.997887546395,16.6617698669434
12.4723404255319,56.997887546395,21.8517684936523
12.5398936170213,56.997887546395,44.6498756408691
12.6074468085106,56.997887546395,34.7298774719238
12.675,56.997887546395,51.1798782348633
12.7425531914894,56.997887546395,100.309875488281
12.8101063829787,56.997887546395,112.839874267578
12.8776595744681,56.997887546395,124.579879760742
12.9452127659574,56.997887546395,149.479873657227
13.0127659574468,56.997887546395,126.019874572754
13.0803191489362,56.997887546395,97.1385803222656
13.1478723404255,56.997887546395,116.448577880859
13.2154255319149,56.997887546395,134.698577880859
13.2829787234043,56.997887546395,149.068572998047
13.3505319148936,56.997887546395,147.62858581543
13.418085106383,56.997887546395,154.748580932617
13.4856382978723,56.997887546395,164.208587646484
13.5531914893617,56.997887546395,158.758575439453
13.6207446808511,56.997887546395,151.657501220703
13.6882978723404,56.997887546395,141.777496337891
13.7558510638298,56.997887546395,149.317489624023
13.8234042553192,56.997887546395,171.4375
13.8909574468085,56.997887546395,170.647491455078
13.9585106382979,56.997887546395,153.307495117188
14.0260638297872,56.997887546395,154.237503051758
14.0936170212766,56.997887546395,159.25749206543
14.161170212766,56.997887546395,174.989730834961
14.2287234042553,56.997887546395,188.799728393555
14.2962765957447,56.997887546395,194.759719848633
14.363829787234,56.997887546395,200.339721679688
14.4313829787234,56.997887546395,177.919723510742
14.4989361702128,56.997887546395,169.999725341797
14.5664893617021,56.997887546395,163.519729614258
14.6340425531915,56.997887546395,168.339721679688
14.7015957446809,56.997887546395,171.210205078125
14.7691489361702,56.997887546395,166.180206298828
14.8367021276596,56.997887546395,169.410202026367
14.9042553191489,56.997887546395,188.520202636719
14.9718085106383,56.997887546395,192.500213623047
15.0393617021277,56.997887546395,204.170211791992
15.106914893617,56.997887546395,215.070205688477
15.1744680851064,56.997887546395,226.340209960938
15.2420212765957,56.997887546395,238.886840820312
15.3095744680851,56.997887546395,257.746856689453
15.3771276595745,56.997887546395,236.356842041016
15.4446808510638,56.997887546395,235.956848144531
15.5122340425532,56.997887546395,219.286849975586
15.5797872340426,56.997887546395,204.666854858398
15.6473404255319,56.997887546395,183.946853637695
15.7148936170213,56.997887546395,167.476852416992
15.7824468085106,56.997887546395,150.394332885742
15.85,56.997887546395,132.834335327148
15.9175531914894,56.997887546395,117.704330444336
15.9851063829787,56.997887546395,98.6943359375
16.0526595744681,56.997887546395,86.8443298339844
16.1202127659574,56.997887546395,81.1143341064453
16.1877659574468,56.997887546395,73.1843338012695
16.2553191489362,56.997887546395,52.0343322753906
16.3228723404255,56.997887546395,34.5939102172852
16.3904255319149,56.997887546395,17.9039115905762
16.4579787234043,56.997887546395,4.83391189575195
16.5255319148936,56.997887546395,-3.66608810424805
16.593085106383,56.997887546395,-12.3860883712769
16.6606382978723,56.997887546395,-17.3860874176025
16.7281914893617,56.997887546395,-19.1260871887207
16.7957446808511,56.997887546395,-2.34608817100525
16.8632978723404,56.997887546395,7.56487417221069
16.9308510638298,56.997887546395,-0.775126039981842
16.9984042553192,56.997887546395,-11.9951257705688
17.0659574468085,56.997887546395,-24.0751266479492
17.1335106382979,56.997887546395,-47.8051261901855
17.2010638297872,56.997887546395,-67.4851226806641
17.2686170212766,56.997887546395,-70.2651290893555
17.336170212766,56.997887546395,-68.4451293945312
17.4037234042553,56.997887546395,-82.9450302124023
17.4712765957447,56.997887546395,-99.3950347900391
17.538829787234,56.997887546395,-102.135032653809
17.6063829787234,56.997887546395,-99.3450317382812
17.6739361702128,56.997887546395,-100.395034790039
17.7414893617021,56.997887546395,-99.1950302124023
17.8090425531915,56.997887546395,-94.1750335693359
17.8765957446809,56.997887546395,-90.8650360107422
17.9441489361702,56.997887546395,-78.3100433349609
18.0117021276596,56.997887546395,-37.3600425720215
18.0792553191489,56.997887546395,-22.5900402069092
18.1468085106383,56.997887546395,-0.320040881633759
18.2143617021277,56.997887546395,13.5399589538574
18.281914893617,56.997887546395,5.23995923995972
18.3494680851064,56.997887546395,-7.76004076004028
18.4170212765957,56.997887546395,-22.327507019043
18.4845744680851,56.997887546395,-32.0475082397461
18.5521276595745,56.997887546395,-36.9675064086914
18.6196808510638,56.997887546395,-38.6675071716309
18.6872340425532,56.997887546395,-46.3675079345703
18.7547872340426,56.997887546395,-62.3375091552734
18.8223404255319,56.997887546395,-89.8575057983398
18.8898936170213,56.997887546395,-118.11750793457
18.9574468085106,56.997887546395,-133.436676025391
19.025,56.997887546395,-144.746673583984
19.0925531914894,56.997887546395,-153.956680297852
19.1601063829787,56.997887546395,-155.306686401367
19.2276595744681,56.997887546395,-165.366683959961
19.2952127659575,56.997887546395,-169.956680297852
19.3627659574468,56.997887546395,-171.926681518555
19.4303191489362,56.997887546395,-170.166687011719
19.4978723404255,56.997887546395,-164.297088623047
19.5654255319149,56.997887546395,-160.867095947266
19.6329787234043,56.997887546395,-167.837097167969
19.7005319148936,56.997887546395,-175.69709777832
19.768085106383,56.997887546395,-179.077087402344
19.8356382978723,56.997887546395,-177.437088012695
19.9031914893617,56.997887546395,-175.067092895508
19.9707446808511,56.997887546395,-172.877090454102
20.0382978723404,56.997887546395,-171.29621887207
20.1058510638298,56.997887546395,-164.166229248047
20.1734042553191,56.997887546395,-158.566223144531
20.2409574468085,56.997887546395,-144.236221313477
20.3085106382979,56.997887546395,-116.736221313477
20.3760638297872,56.997887546395,-91.4562225341797
20.4436170212766,56.997887546395,-80.0662231445312
20.511170212766,56.997887546395,-60.8362236022949
20.5787234042553,56.997887546395,-52.4218864440918
20.6462765957447,56.997887546395,-61.1318855285645
20.713829787234,56.997887546395,-60.681884765625
20.7813829787234,56.997887546395,-52.8118858337402
20.8489361702128,56.997887546395,-46.7718849182129
20.9164893617021,56.997887546395,-34.7218856811523
20.9840425531915,56.997887546395,-28.3118858337402
21.0515957446809,56.997887546395,-25.0818862915039
21.1191489361702,56.997887546395,-23.2350959777832
21.1867021276596,56.997887546395,-19.5550956726074
21.2542553191489,56.997887546395,-13.9850959777832
21.3218085106383,56.997887546395,0.0949041768908501
21.3893617021277,56.997887546395,14.7049045562744
21.456914893617,56.997887546395,18.584903717041
21.5244680851064,56.997887546395,17.6949043273926
21.5920212765957,56.997887546395,32.6049041748047
21.6595744680851,56.997887546395,53.5624885559082
21.7271276595745,56.997887546395,66.9124908447266
21.7946808510638,56.997887546395,74.2024841308594
21.8622340425532,56.997887546395,81.8124847412109
21.9297872340426,56.997887546395,69.5124893188477
21.9973404255319,56.997887546395,34.6724891662598
22.0648936170213,56.997887546395,36.2924880981445
22.1324468085106,56.997887546395,38.1424865722656
22.2,56.997887546395,41.3900032043457
9.5,56.9296888573008,22.2701244354248
9.56755319148936,56.9296888573008,36.4101257324219
9.63510638297872,56.9296888573008,52.0901260375977
9.70265957446808,56.9296888573008,57.3501243591309
9.77021276595745,56.9296888573008,40.6101264953613
9.83776595744681,56.9296888573008,29.9111347198486
9.90531914893617,56.9296888573008,35.9611358642578
9.97287234042553,56.9296888573008,26.2311344146729
10.0404255319149,56.9296888573008,21.8811340332031
10.1079787234043,56.9296888573008,7.36113405227661
10.1755319148936,56.9296888573008,5.0911340713501
10.243085106383,56.9296888573008,-2.92886590957642
10.3106382978723,56.9296888573008,-5.53886604309082
10.3781914893617,56.9296888573008,-6.71308898925781
10.4457446808511,56.9296888573008,-8.8030891418457
10.5132978723404,56.9296888573008,-10.2330884933472
10.5808510638298,56.9296888573008,-10.743088722229
10.6484042553192,56.9296888573008,-10.5530891418457
10.7159574468085,56.9296888573008,-11.783088684082
10.7835106382979,56.9296888573008,-12.5030889511108
10.8510638297872,56.9296888573008,-11.7730884552002
10.9186170212766,56.9296888573008,-11.7627563476562
10.986170212766,56.9296888573008,-10.7327566146851
11.0537234042553,56.9296888573008,-12.9327564239502
11.1212765957447,56.9296888573008,-13.8127565383911
11.188829787234,56.9296888573008,-13.6627569198608
11.2563829787234,56.9296888573008,-13.1327562332153
11.3239361702128,56.9296888573008,-13.2227563858032
11.3914893617021,56.9296888573008,-12.7027568817139
11.4590425531915,56.9296888573008,-13.6261377334595
11.5265957446809,56.9296888573008,-15.0961380004883
11.5941489361702,56.9296888573008,-16.9061374664307
11.6617021276596,56.9296888573008,-33.6361389160156
11.7292553191489,56.9296888573008,-48.0961380004883
11.7968085106383,56.9296888573008,-31.4861373901367
11.8643617021277,56.9296888573008,-28.2661380767822
11.931914893617,56.9296888573008,-34.0461387634277
11.9994680851064,56.9296888573008,-39.2748641967773
12.0670212765957,56.9296888573008,-41.7448616027832
12.1345744680851,56.9296888573008,-41.5148620605469
12.2021276595745,56.9296888573008,-30.7548637390137
12.2696808510638,56.9296888573008,-19.6848621368408
12.3372340425532,56.9296888573008,-9.16486263275146
12.4047872340426,56.9296888573008,0.375137180089951
12.4723404255319,56.9296888573008,12.4851369857788
12.5398936170213,56.9296888573008,20.8737297058105
12.6074468085106,56.9296888573008,27.0537300109863
12.675,56.9296888573008,46.4137306213379
12.7425531914894,56.9296888573008,84.6637268066406
12.8101063829787,56.9296888573008,99.4037322998047
12.8776595744681,56.9296888573008,135.923736572266
12.9452127659574,56.9296888573008,159.673736572266
13.0127659574468,56.9296888573008,117.57373046875
13.0803191489362,56.9296888573008,132.005966186523
13.1478723404255,56.9296888573008,141.925964355469
13.2154255319149,56.9296888573008,144.795974731445
13.2829787234043,56.9296888573008,153.015975952148
13.3505319148936,56.9296888573008,157.755966186523
13.418085106383,56.9296888573008,163.44596862793
13.4856382978723,56.9296888573008,161.055969238281
13.5531914893617,56.9296888573008,152.44596862793
13.6207446808511,56.9296888573008,142.320831298828
13.6882978723404,56.9296888573008,142.390823364258
13.7558510638298,56.9296888573008,144.290832519531
13.8234042553192,56.9296888573008,166.760818481445
13.8909574468085,56.9296888573008,153.110824584961
13.9585106382979,56.9296888573008,151.290832519531
14.0260638297872,56.9296888573008,155.610824584961
14.0936170212766,56.9296888573008,161.140823364258
14.161170212766,56.9296888573008,158.682968139648
14.2287234042553,56.9296888573008,168.272964477539
14.2962765957447,56.9296888573008,182.652969360352
14.363829787234,56.9296888573008,194.272964477539
14.4313829787234,56.9296888573008,167.79296875
14.4989361702128,56.9296888573008,156.582977294922
14.5664893617021,56.9296888573008,154.942962646484
14.6340425531915,56.9296888573008,168.552963256836
14.7015957446809,56.9296888573008,175.657501220703
14.7691489361702,56.9296888573008,169.567504882812
14.8367021276596,56.9296888573008,176.527496337891
14.9042553191489,56.9296888573008,185.517501831055
14.9718085106383,56.9296888573008,198.717498779297
15.0393617021277,56.9296888573008,200.347503662109
15.106914893617,56.9296888573008,222.607498168945
15.1744680851064,56.9296888573008,228.107498168945
15.2420212765957,56.9296888573008,242.263656616211
15.3095744680851,56.9296888573008,242.183654785156
15.3771276595745,56.9296888573008,234.653656005859
15.4446808510638,56.9296888573008,235.253662109375
15.5122340425532,56.9296888573008,232.473663330078
15.5797872340426,56.9296888573008,217.403656005859
15.6473404255319,56.9296888573008,192.323654174805
15.7148936170213,56.9296888573008,178.273666381836
15.7824468085106,56.9296888573008,160.750442504883
15.85,56.9296888573008,136.500442504883
15.9175531914894,56.9296888573008,114.190437316895
15.9851063829787,56.9296888573008,93.700439453125
16.0526595744681,56.9296888573008,83.2804412841797
16.1202127659574,56.9296888573008,74.6604385375977
16.1877659574468,56.9296888573008,67.3704376220703
16.2553191489362,56.9296888573008,46.9304389953613
16.3228723404255,56.9296888573008,26.1474628448486
16.3904255319149,56.9296888573008,14.5374631881714
16.4579787234043,56.9296888573008,4.6174635887146
16.5255319148936,56.9296888573008,-5.91253662109375
16.593085106383,56.9296888573008,-15.6625366210938
16.6606382978723,56.9296888573008,-9.29253673553467
16.7281914893617,56.9296888573008,-2.50253653526306
16.7957446808511,56.9296888573008,17.7974643707275
16.8632978723404,56.9296888573008,9.63173198699951
16.9308510638298,56.9296888573008,-6.98826837539673
16.9984042553192,56.9296888573008,-24.1982688903809
17.0659574468085,56.9296888573008,-41.4882698059082
17.1335106382979,56.9296888573008,-59.6182670593262
17.2010638297872,56.9296888573008,-69.9182662963867
17.2686170212766,56.9296888573008,-72.7782669067383
17.336170212766,56.9296888573008,-81.8782653808594
17.4037234042553,56.9296888573008,-92.9778213500977
17.4712765957447,56.9296888573008,-95.8478240966797
17.538829787234,56.9296888573008,-95.9178237915039
17.6063829787234,56.9296888573008,-93.1678237915039
17.6739361702128,56.9296888573008,-93.7478256225586
17.7414893617021,56.9296888573008,-92.0578231811523
17.8090425531915,56.9296888573008,-90.0778274536133
17.8765957446809,56.9296888573008,-86.4178237915039
17.9441489361702,56.9296888573008,-65.6723251342773
18.0117021276596,56.9296888573008,-34.9123268127441
18.0792553191489,56.9296888573008,-20.4623260498047
18.1468085106383,56.9296888573008,-1.82232511043549
18.2143617021277,56.9296888573008,-7.04232501983643
18.281914893617,56.9296888573008,-16.7623252868652
18.3494680851064,56.9296888573008,-27.1423244476318
18.4170212765957,56.9296888573008,-36.1163139343262
18.4845744680851,56.9296888573008,-41.8263168334961
18.5521276595745,56.9296888573008,-36.9663162231445
18.6196808510638,56.9296888573008,-40.296314239502
18.6872340425532,56.9296888573008,-48.4863166809082
18.7547872340426,56.9296888573008,-60.2363166809082
18.8223404255319,56.9296888573008,-88.7063140869141
18.8898936170213,56.9296888573008,-121.196311950684
18.9574468085106,56.9296888573008,-140.408248901367
19.025,56.9296888573008,-146.998245239258
19.0925531914894,56.9296888573008,-156.228240966797
19.1601063829787,56.9296888573008,-159.178253173828
19.2276595744681,56.9296888573008,-168.828247070312
19.2952127659575,56.9296888573008,-169.298248291016
19.3627659574468,56.9296888573008,-166.398254394531
19.4303191489362,56.9296888573008,-163.028244018555
19.4978723404255,56.9296888573008,-152.355407714844
19.5654255319149,56.9296888573008,-145.475402832031
19.6329787234043,56.9296888573008,-152.86540222168
19.7005319148936,56.9296888573008,-162.315399169922
19.768085106383,56.9296888573008,-167.845397949219
19.8356382978723,56.9296888573008,-167.70539855957
19.9031914893617,56.9296888573008,-168.055404663086
19.9707446808511,56.9296888573008,-165.815399169922
20.0382978723404,56.9296888573008,-160.768249511719
20.1058510638298,56.9296888573008,-160.918243408203
20.1734042553191,56.9296888573008,-151.518249511719
20.2409574468085,56.9296888573008,-135.908248901367
20.3085106382979,56.9296888573008,-102.928245544434
20.3760638297872,56.9296888573008,-68.0282440185547
20.4436170212766,56.9296888573008,-63.3682441711426
20.511170212766,56.9296888573008,-54.7382431030273
20.5787234042553,56.9296888573008,-48.345832824707
20.6462765957447,56.9296888573008,-55.4358329772949
20.713829787234,56.9296888573008,-56.3858337402344
20.7813829787234,56.9296888573008,-53.3358345031738
20.8489361702128,56.9296888573008,-42.8058319091797
20.9164893617021,56.9296888573008,-30.9358329772949
20.9840425531915,56.9296888573008,-24.1758346557617
21.0515957446809,56.9296888573008,-21.5858345031738
21.1191489361702,56.9296888573008,-14.9217948913574
21.1867021276596,56.9296888573008,-4.18179512023926
21.2542553191489,56.9296888573008,6.7582049369812
21.3218085106383,56.9296888573008,16.4982051849365
21.3893617021277,56.9296888573008,20.8082046508789
21.456914893617,56.9296888573008,19.968204498291
21.5244680851064,56.9296888573008,20.4982051849365
21.5920212765957,56.9296888573008,29.9582042694092
21.6595744680851,56.9296888573008,45.1550674438477
21.7271276595745,56.9296888573008,78.9050674438477
21.7946808510638,56.9296888573008,82.3850708007812
21.8622340425532,56.9296888573008,93.6150665283203
21.9297872340426,56.9296888573008,96.7650680541992
21.9973404255319,56.9296888573008,57.695068359375
22.0648936170213,56.9296888573008,33.5150680541992
22.1324468085106,56.9296888573008,37.5150680541992
22.2,56.9296888573008,41.0208778381348
9.5,56.8614901682066,27.1901245117188
9.56755319148936,56.8614901682066,34.0501251220703
9.63510638297872,56.8614901682066,43.070125579834
9.70265957446808,56.8614901682066,65.1701278686523
9.77021276595745,56.8614901682066,56.3901252746582
9.83776595744681,56.8614901682066,57.4511337280273
9.90531914893617,56.8614901682066,47.0611343383789
9.97287234042553,56.8614901682066,28.3811340332031
10.0404255319149,56.8614901682066,29.1011333465576
10.1079787234043,56.8614901682066,12.4511337280273
10.1755319148936,56.8614901682066,5.87113428115845
10.243085106383,56.8614901682066,-2.9088659286499
10.3106382978723,56.8614901682066,-5.67886590957642
10.3781914893617,56.8614901682066,-6.92308855056763
10.4457446808511,56.8614901682066,-8.89308834075928
10.5132978723404,56.8614901682066,-11.0930891036987
10.5808510638298,56.8614901682066,-11.4330883026123
10.6484042553192,56.8614901682066,-11.8830890655518
10.7159574468085,56.8614901682066,-12.6230888366699
10.7835106382979,56.8614901682066,-12.6030883789062
10.8510638297872,56.8614901682066,-12.2530889511108
10.9186170212766,56.8614901682066,-12.5427570343018
10.986170212766,56.8614901682066,-13.4827566146851
11.0537234042553,56.8614901682066,-13.902756690979
11.1212765957447,56.8614901682066,-15.0327568054199
11.188829787234,56.8614901682066,-15.5927562713623
11.2563829787234,56.8614901682066,-12.3527565002441
11.3239361702128,56.8614901682066,-10.5527563095093
11.3914893617021,56.8614901682066,-10.5427570343018
11.4590425531915,56.8614901682066,-13.0461378097534
11.5265957446809,56.8614901682066,-16.6861381530762
11.5941489361702,56.8614901682066,-18.2861385345459
11.6617021276596,56.8614901682066,-29.1461372375488
11.7292553191489,56.8614901682066,-40.9161376953125
11.7968085106383,56.8614901682066,-37.926139831543
11.8643617021277,56.8614901682066,-31.0861377716064
11.931914893617,56.8614901682066,-34.3861389160156
11.9994680851064,56.8614901682066,-40.3848609924316
12.0670212765957,56.8614901682066,-41.9448623657227
12.1345744680851,56.8614901682066,-40.1548614501953
12.2021276595745,56.8614901682066,-37.6648635864258
12.2696808510638,56.8614901682066,-28.8948631286621
12.3372340425532,56.8614901682066,-21.3248634338379
12.4047872340426,56.8614901682066,-17.0548629760742
12.4723404255319,56.8614901682066,-12.6748628616333
12.5398936170213,56.8614901682066,-1.06626987457275
12.6074468085106,56.8614901682066,24.0337295532227
12.675,56.8614901682066,41.7737312316895
12.7425531914894,56.8614901682066,63.1237297058105
12.8101063829787,56.8614901682066,101.293731689453
12.8776595744681,56.8614901682066,92.0537338256836
12.9452127659574,56.8614901682066,85.3637313842773
13.0127659574468,56.8614901682066,92.9937286376953
13.0803191489362,56.8614901682066,144.69596862793
13.1478723404255,56.8614901682066,162.345977783203
13.2154255319149,56.8614901682066,150.635971069336
13.2829787234043,56.8614901682066,158.025970458984
13.3505319148936,56.8614901682066,173.165969848633
13.418085106383,56.8614901682066,165.545974731445
13.4856382978723,56.8614901682066,160.825973510742
13.5531914893617,56.8614901682066,154.145965576172
13.6207446808511,56.8614901682066,141.230819702148
13.6882978723404,56.8614901682066,143.010818481445
13.7558510638298,56.8614901682066,145.400817871094
13.8234042553192,56.8614901682066,150.780822753906
13.8909574468085,56.8614901682066,148.780822753906
13.9585106382979,56.8614901682066,154.27082824707
14.0260638297872,56.8614901682066,157.530822753906
14.0936170212766,56.8614901682066,157.140823364258
14.161170212766,56.8614901682066,146.72297668457
14.2287234042553,56.8614901682066,161.912963867188
14.2962765957447,56.8614901682066,171.012969970703
14.363829787234,56.8614901682066,187.952972412109
14.4313829787234,56.8614901682066,177.172973632812
14.4989361702128,56.8614901682066,153.742965698242
14.5664893617021,56.8614901682066,145.97297668457
14.6340425531915,56.8614901682066,161.132965087891
14.7015957446809,56.8614901682066,170.537506103516
14.7691489361702,56.8614901682066,169.747497558594
14.8367021276596,56.8614901682066,167.827499389648
14.9042553191489,56.8614901682066,167.587493896484
14.9718085106383,56.8614901682066,176.357498168945
15.0393617021277,56.8614901682066,180.027496337891
15.106914893617,56.8614901682066,196.497497558594
15.1744680851064,56.8614901682066,196.337493896484
15.2420212765957,56.8614901682066,203.343658447266
15.3095744680851,56.8614901682066,211.573654174805
15.3771276595745,56.8614901682066,212.483657836914
15.4446808510638,56.8614901682066,218.063659667969
15.5122340425532,56.8614901682066,226.08366394043
15.5797872340426,56.8614901682066,212.273666381836
15.6473404255319,56.8614901682066,192.053665161133
15.7148936170213,56.8614901682066,170.893661499023
15.7824468085106,56.8614901682066,159.340438842773
15.85,56.8614901682066,137.020446777344
15.9175531914894,56.8614901682066,112.880439758301
15.9851063829787,56.8614901682066,93.950439453125
16.0526595744681,56.8614901682066,76.9404373168945
16.1202127659574,56.8614901682066,67.5904388427734
16.1877659574468,56.8614901682066,56.450439453125
16.2553191489362,56.8614901682066,38.3804397583008
16.3228723404255,56.8614901682066,19.2574634552002
16.3904255319149,56.8614901682066,13.1574630737305
16.4579787234043,56.8614901682066,-0.102536469697952
16.5255319148936,56.8614901682066,-10.062536239624
16.593085106383,56.8614901682066,-10.6125364303589
16.6606382978723,56.8614901682066,30.2474632263184
16.7281914893617,56.8614901682066,28.6474628448486
16.7957446808511,56.8614901682066,15.2874631881714
16.8632978723404,56.8614901682066,2.3717315196991
16.9308510638298,56.8614901682066,-15.0782680511475
16.9984042553192,56.8614901682066,-33.4282684326172
17.0659574468085,56.8614901682066,-53.4282684326172
17.1335106382979,56.8614901682066,-72.4382705688477
17.2010638297872,56.8614901682066,-76.3882675170898
17.2686170212766,56.8614901682066,-82.0682678222656
17.336170212766,56.8614901682066,-91.9282684326172
17.4037234042553,56.8614901682066,-92.5478210449219
17.4712765957447,56.8614901682066,-90.8078231811523
17.538829787234,56.8614901682066,-88.4678268432617
17.6063829787234,56.8614901682066,-85.1578216552734
17.6739361702128,56.8614901682066,-88.887825012207
17.7414893617021,56.8614901682066,-86.8178253173828
17.8090425531915,56.8614901682066,-82.2978210449219
17.8765957446809,56.8614901682066,-75.6878204345703
17.9441489361702,56.8614901682066,-60.5723266601562
18.0117021276596,56.8614901682066,-31.8323249816895
18.0792553191489,56.8614901682066,-22.3123245239258
18.1468085106383,56.8614901682066,-23.1223258972168
18.2143617021277,56.8614901682066,-24.38232421875
18.281914893617,56.8614901682066,-27.5823249816895
18.3494680851064,56.8614901682066,-36.3623237609863
18.4170212765957,56.8614901682066,-42.5363159179688
18.4845744680851,56.8614901682066,-43.1963157653809
18.5521276595745,56.8614901682066,-31.7763156890869
18.6196808510638,56.8614901682066,-32.0563163757324
18.6872340425532,56.8614901682066,-50.0563163757324
18.7547872340426,56.8614901682066,-70.1163177490234
18.8223404255319,56.8614901682066,-96.9563140869141
18.8898936170213,56.8614901682066,-127.996315002441
18.9574468085106,56.8614901682066,-143.688247680664
19.025,56.8614901682066,-148.138244628906
19.0925531914894,56.8614901682066,-156.338241577148
19.1601063829787,56.8614901682066,-159.728240966797
19.2276595744681,56.8614901682066,-160.908248901367
19.2952127659575,56.8614901682066,-161.748245239258
19.3627659574468,56.8614901682066,-159.418243408203
19.4303191489362,56.8614901682066,-150.938247680664
19.4978723404255,56.8614901682066,-140.785400390625
19.5654255319149,56.8614901682066,-133.425399780273
19.6329787234043,56.8614901682066,-137.625411987305
19.7005319148936,56.8614901682066,-152.875411987305
19.768085106383,56.8614901682066,-162.675399780273
19.8356382978723,56.8614901682066,-162.11540222168
19.9031914893617,56.8614901682066,-163.875411987305
19.9707446808511,56.8614901682066,-158.825408935547
20.0382978723404,56.8614901682066,-156.018249511719
20.1058510638298,56.8614901682066,-155.848236083984
20.1734042553191,56.8614901682066,-151.278244018555
20.2409574468085,56.8614901682066,-132.018249511719
20.3085106382979,56.8614901682066,-95.8882446289062
20.3760638297872,56.8614901682066,-61.5282440185547
20.4436170212766,56.8614901682066,-56.8582420349121
20.511170212766,56.8614901682066,-49.6482429504395
20.5787234042553,56.8614901682066,-44.6958351135254
20.6462765957447,56.8614901682066,-53.0458335876465
20.713829787234,56.8614901682066,-52.9358329772949
20.7813829787234,56.8614901682066,-50.2558326721191
20.8489361702128,56.8614901682066,-39.0658340454102
20.9164893617021,56.8614901682066,-29.7058334350586
20.9840425531915,56.8614901682066,-22.5358333587646
21.0515957446809,56.8614901682066,-8.79583358764648
21.1191489361702,56.8614901682066,8.24820518493652
21.1867021276596,56.8614901682066,12.0582046508789
21.2542553191489,56.8614901682066,10.7782049179077
21.3218085106383,56.8614901682066,14.2282047271729
21.3893617021277,56.8614901682066,20.6582050323486
21.456914893617,56.8614901682066,26.4882049560547
21.5244680851064,56.8614901682066,28.888204574585
21.5920212765957,56.8614901682066,37.9982032775879
21.6595744680851,56.8614901682066,46.2850685119629
21.7271276595745,56.8614901682066,51.0650672912598
21.7946808510638,56.8614901682066,65.8750686645508
21.8622340425532,56.8614901682066,83.6850662231445
21.9297872340426,56.8614901682066,81.1750717163086
21.9973404255319,56.8614901682066,44.6750679016113
22.0648936170213,56.8614901682066,30.7150688171387
22.1324468085106,56.8614901682066,37.9250679016113
22.2,56.8614901682066,44.1708793640137
9.5,56.7932914791124,27.9301261901855
9.56755319148936,56.7932914791124,42.5901260375977
9.63510638297872,56.7932914791124,57.6601257324219
9.70265957446808,56.7932914791124,65.6201248168945
9.77021276595745,56.7932914791124,78.8601226806641
9.83776595744681,56.7932914791124,49.6811332702637
9.90531914893617,56.7932914791124,41.3511352539062
9.97287234042553,56.7932914791124,36.721134185791
10.0404255319149,56.7932914791124,21.1111335754395
10.1079787234043,56.7932914791124,11.9611339569092
10.1755319148936,56.7932914791124,2.83113408088684
10.243085106383,56.7932914791124,0.921134114265442
10.3106382978723,56.7932914791124,-5.01886606216431
10.3781914893617,56.7932914791124,-7.36308860778809
10.4457446808511,56.7932914791124,-8.50308895111084
10.5132978723404,56.7932914791124,-10.1430883407593
10.5808510638298,56.7932914791124,-12.1830883026123
10.6484042553192,56.7932914791124,-12.953088760376
10.7159574468085,56.7932914791124,-12.5630884170532
10.7835106382979,56.7932914791124,-12.1030883789062
10.8510638297872,56.7932914791124,-10.6130886077881
10.9186170212766,56.7932914791124,-10.5727567672729
10.986170212766,56.7932914791124,-12.0327568054199
11.0537234042553,56.7932914791124,-13.5627565383911
11.1212765957447,56.7932914791124,-15.2227563858032
11.188829787234,56.7932914791124,-18.5227565765381
11.2563829787234,56.7932914791124,-13.8327569961548
11.3239361702128,56.7932914791124,-8.49275684356689
11.3914893617021,56.7932914791124,-5.16275644302368
11.4590425531915,56.7932914791124,-7.28613805770874
11.5265957446809,56.7932914791124,-12.3761377334595
11.5941489361702,56.7932914791124,-14.446138381958
11.6617021276596,56.7932914791124,-20.6361389160156
11.7292553191489,56.7932914791124,-26.4061374664307
11.7968085106383,56.7932914791124,-36.4061393737793
11.8643617021277,56.7932914791124,-38.2861366271973
11.931914893617,56.7932914791124,-37.6561393737793
11.9994680851064,56.7932914791124,-37.23486328125
12.0670212765957,56.7932914791124,-40.0148620605469
12.1345744680851,56.7932914791124,-39.7848625183105
12.2021276595745,56.7932914791124,-38.1448631286621
12.2696808510638,56.7932914791124,-33.8648643493652
12.3372340425532,56.7932914791124,-26.3548622131348
12.4047872340426,56.7932914791124,-21.924861907959
12.4723404255319,56.7932914791124,-18.6648635864258
12.5398936170213,56.7932914791124,-15.3062696456909
12.6074468085106,56.7932914791124,15.3337297439575
12.675,56.7932914791124,27.4737300872803
12.7425531914894,56.7932914791124,40.7737312316895
12.8101063829787,56.7932914791124,53.5037307739258
12.8776595744681,56.7932914791124,78.193733215332
12.9452127659574,56.7932914791124,52.4137306213379
13.0127659574468,56.7932914791124,105.403732299805
13.0803191489362,56.7932914791124,145.865966796875
13.1478723404255,56.7932914791124,135.575973510742
13.2154255319149,56.7932914791124,157.94596862793
13.2829787234043,56.7932914791124,179.775970458984
13.3505319148936,56.7932914791124,174.765975952148
13.418085106383,56.7932914791124,161.235977172852
13.4856382978723,56.7932914791124,169.045974731445
13.5531914893617,56.7932914791124,159.485977172852
13.6207446808511,56.7932914791124,146.260818481445
13.6882978723404,56.7932914791124,143.110824584961
13.7558510638298,56.7932914791124,136.93083190918
13.8234042553192,56.7932914791124,151.710830688477
13.8909574468085,56.7932914791124,149.460830688477
13.9585106382979,56.7932914791124,149.060821533203
14.0260638297872,56.7932914791124,143.920822143555
14.0936170212766,56.7932914791124,143.860824584961
14.161170212766,56.7932914791124,142.382965087891
14.2287234042553,56.7932914791124,150.742965698242
14.2962765957447,56.7932914791124,163.422973632812
14.363829787234,56.7932914791124,182.882965087891
14.4313829787234,56.7932914791124,172.712966918945
14.4989361702128,56.7932914791124,152.362976074219
14.5664893617021,56.7932914791124,144.992965698242
14.6340425531915,56.7932914791124,159.22297668457
14.7015957446809,56.7932914791124,168.137496948242
14.7691489361702,56.7932914791124,163.327499389648
14.8367021276596,56.7932914791124,156.817504882812
14.9042553191489,56.7932914791124,158.767501831055
14.9718085106383,56.7932914791124,173.637496948242
15.0393617021277,56.7932914791124,167.177505493164
15.106914893617,56.7932914791124,153.037506103516
15.1744680851064,56.7932914791124,159.907501220703
15.2420212765957,56.7932914791124,160.363662719727
15.3095744680851,56.7932914791124,174.163665771484
15.3771276595745,56.7932914791124,179.193664550781
15.4446808510638,56.7932914791124,188.993667602539
15.5122340425532,56.7932914791124,190.843658447266
15.5797872340426,56.7932914791124,191.393661499023
15.6473404255319,56.7932914791124,174.043655395508
15.7148936170213,56.7932914791124,164.543655395508
15.7824468085106,56.7932914791124,140.300445556641
15.85,56.7932914791124,117.640441894531
15.9175531914894,56.7932914791124,95.820442199707
15.9851063829787,56.7932914791124,82.4004364013672
16.0526595744681,56.7932914791124,66.1804428100586
16.1202127659574,56.7932914791124,54.5304412841797
16.1877659574468,56.7932914791124,38.3704376220703
16.2553191489362,56.7932914791124,21.4704399108887
16.3228723404255,56.7932914791124,9.69746398925781
16.3904255319149,56.7932914791124,2.17746353149414
16.4579787234043,56.7932914791124,-0.142536461353302
16.5255319148936,56.7932914791124,-8.75253677368164
16.593085106383,56.7932914791124,29.3074626922607
16.6606382978723,56.7932914791124,33.4374618530273
16.7281914893617,56.7932914791124,19.9774627685547
16.7957446808511,56.7932914791124,2.55746364593506
16.8632978723404,56.7932914791124,-12.9882688522339
16.9308510638298,56.7932914791124,-30.9782676696777
16.9984042553192,56.7932914791124,-47.6582679748535
17.0659574468085,56.7932914791124,-63.2182693481445
17.1335106382979,56.7932914791124,-80.9282684326172
17.2010638297872,56.7932914791124,-86.8882675170898
17.2686170212766,56.7932914791124,-88.6482696533203
17.336170212766,56.7932914791124,-87.2482681274414
17.4037234042553,56.7932914791124,-87.1478271484375
17.4712765957447,56.7932914791124,-84.3578262329102
17.538829787234,56.7932914791124,-80.1278228759766
17.6063829787234,56.7932914791124,-81.9278259277344
17.6739361702128,56.7932914791124,-85.7578201293945
17.7414893617021,56.7932914791124,-77.1678237915039
17.8090425531915,56.7932914791124,-68.7978210449219
17.8765957446809,56.7932914791124,-64.5078201293945
17.9441489361702,56.7932914791124,-57.192325592041
18.0117021276596,56.7932914791124,-39.2123260498047
18.0792553191489,56.7932914791124,-34.2723236083984
18.1468085106383,56.7932914791124,-30.3323249816895
18.2143617021277,56.7932914791124,-26.8323249816895
18.281914893617,56.7932914791124,-34.4623260498047
18.3494680851064,56.7932914791124,-40.7123260498047
18.4170212765957,56.7932914791124,-42.9163131713867
18.4845744680851,56.7932914791124,-27.9463157653809
18.5521276595745,56.7932914791124,-19.9463157653809
18.6196808510638,56.7932914791124,-22.5563144683838
18.6872340425532,56.7932914791124,-39.0363159179688
18.7547872340426,56.7932914791124,-70.8963165283203
18.8223404255319,56.7932914791124,-91.5963134765625
18.8898936170213,56.7932914791124,-104.236312866211
18.9574468085106,56.7932914791124,-127.228248596191
19.025,56.7932914791124,-147.658248901367
19.0925531914894,56.7932914791124,-154.37825012207
19.1601063829787,56.7932914791124,-157.1982421875
19.2276595744681,56.7932914791124,-158.558242797852
19.2952127659575,56.7932914791124,-156.37825012207
19.3627659574468,56.7932914791124,-140.78825378418
19.4303191489362,56.7932914791124,-126.148246765137
19.4978723404255,56.7932914791124,-128.485397338867
19.5654255319149,56.7932914791124,-130.635406494141
19.6329787234043,56.7932914791124,-138.165405273438
19.7005319148936,56.7932914791124,-146.685409545898
19.768085106383,56.7932914791124,-153.235397338867
19.8356382978723,56.7932914791124,-156.29541015625
19.9031914893617,56.7932914791124,-156.995407104492
19.9707446808511,56.7932914791124,-151.95539855957
20.0382978723404,56.7932914791124,-151.62825012207
20.1058510638298,56.7932914791124,-150.348236083984
20.1734042553191,56.7932914791124,-145.438247680664
20.2409574468085,56.7932914791124,-132.138244628906
20.3085106382979,56.7932914791124,-97.2582397460938
20.3760638297872,56.7932914791124,-66.5982437133789
20.4436170212766,56.7932914791124,-61.2282447814941
20.511170212766,56.7932914791124,-55.6982421875
20.5787234042553,56.7932914791124,-49.6058349609375
20.6462765957447,56.7932914791124,-49.8258323669434
20.713829787234,56.7932914791124,-49.6858329772949
20.7813829787234,56.7932914791124,-44.6058349609375
20.8489361702128,56.7932914791124,-36.1058349609375
20.9164893617021,56.7932914791124,-24.7458343505859
20.9840425531915,56.7932914791124,-16.655834197998
21.0515957446809,56.7932914791124,-6.565833568573
21.1191489361702,56.7932914791124,11.0482053756714
21.1867021276596,56.7932914791124,13.6682052612305
21.2542553191489,56.7932914791124,14.3082046508789
21.3218085106383,56.7932914791124,20.6482048034668
21.3893617021277,56.7932914791124,25.3682060241699
21.456914893617,56.7932914791124,29.9582042694092
21.5244680851064,56.7932914791124,39.2282066345215
21.5920212765957,56.7932914791124,44.3682060241699
21.6595744680851,56.7932914791124,44.0850677490234
21.7271276595745,56.7932914791124,47.6550674438477
21.7946808510638,56.7932914791124,66.1050720214844
21.8622340425532,56.7932914791124,81.8850708007812
21.9297872340426,56.7932914791124,58.8150672912598
21.9973404255319,56.7932914791124,34.8650703430176
22.0648936170213,56.7932914791124,31.4250679016113
22.1324468085106,56.7932914791124,39.9250679016113
22.2,56.7932914791124,51.8208770751953
9.5,56.7250927900182,34.8901252746582
9.56755319148936,56.7250927900182,40.7701263427734
9.63510638297872,56.7250927900182,49.8401260375977
9.70265957446808,56.7250927900182,55.3401260375977
9.77021276595745,56.7250927900182,64.2901229858398
9.83776595744681,56.7250927900182,63.781135559082
9.90531914893617,56.7250927900182,28.2411346435547
9.97287234042553,56.7250927900182,19.7411346435547
10.0404255319149,56.7250927900182,21.8211345672607
10.1079787234043,56.7250927900182,13.3211345672607
10.1755319148936,56.7250927900182,5.07113409042358
10.243085106383,56.7250927900182,1.03113412857056
10.3106382978723,56.7250927900182,-1.46886587142944
10.3781914893617,56.7250927900182,-4.68308877944946
10.4457446808511,56.7250927900182,-5.97308874130249
10.5132978723404,56.7250927900182,-8.4330883026123
10.5808510638298,56.7250927900182,-12.3330888748169
10.6484042553192,56.7250927900182,-12.0130891799927
10.7159574468085,56.7250927900182,-11.2730884552002
10.7835106382979,56.7250927900182,-10.493088722229
10.8510638297872,56.7250927900182,-9.2730884552002
10.9186170212766,56.7250927900182,-10.362756729126
10.986170212766,56.7250927900182,-12.2927570343018
11.0537234042553,56.7250927900182,-14.5827569961548
11.1212765957447,56.7250927900182,-15.8527565002441
11.188829787234,56.7250927900182,-16.692756652832
11.2563829787234,56.7250927900182,-15.2927570343018
11.3239361702128,56.7250927900182,-7.1827564239502
11.3914893617021,56.7250927900182,-4.92275667190552
11.4590425531915,56.7250927900182,-2.46613788604736
11.5265957446809,56.7250927900182,1.12386202812195
11.5941489361702,56.7250927900182,-15.0961380004883
11.6617021276596,56.7250927900182,-25.3461380004883
11.7292553191489,56.7250927900182,-37.4361381530762
11.7968085106383,56.7250927900182,-39.5361366271973
11.8643617021277,56.7250927900182,-36.1261367797852
11.931914893617,56.7250927900182,-33.3561363220215
11.9994680851064,56.7250927900182,-33.8748626708984
12.0670212765957,56.7250927900182,-37.1548614501953
12.1345744680851,56.7250927900182,-43.0348625183105
12.2021276595745,56.7250927900182,-39.924861907959
12.2696808510638,56.7250927900182,-35.7148628234863
12.3372340425532,56.7250927900182,-29.7448635101318
12.4047872340426,56.7250927900182,-24.4948635101318
12.4723404255319,56.7250927900182,-21.0548629760742
12.5398936170213,56.7250927900182,-19.0762691497803
12.6074468085106,56.7250927900182,-11.5962696075439
12.675,56.7250927900182,11.3137302398682
12.7425531914894,56.7250927900182,37.32373046875
12.8101063829787,56.7250927900182,28.6537303924561
12.8776595744681,56.7250927900182,25.0637302398682
12.9452127659574,56.7250927900182,49.9437294006348
13.0127659574468,56.7250927900182,75.1437301635742
13.0803191489362,56.7250927900182,86.4159698486328
13.1478723404255,56.7250927900182,148.075973510742
13.2154255319149,56.7250927900182,169.515975952148
13.2829787234043,56.7250927900182,173.995971679688
13.3505319148936,56.7250927900182,168.955978393555
13.418085106383,56.7250927900182,160.555969238281
13.4856382978723,56.7250927900182,174.315979003906
13.5531914893617,56.7250927900182,163.585968017578
13.6207446808511,56.7250927900182,156.250823974609
13.6882978723404,56.7250927900182,148.77082824707
13.7558510638298,56.7250927900182,135.910827636719
13.8234042553192,56.7250927900182,143.380828857422
13.8909574468085,56.7250927900182,144.700820922852
13.9585106382979,56.7250927900182,143.070831298828
14.0260638297872,56.7250927900182,138.360824584961
14.0936170212766,56.7250927900182,139.260818481445
14.161170212766,56.7250927900182,138.72297668457
14.2287234042553,56.7250927900182,142.092971801758
14.2962765957447,56.7250927900182,156.54296875
14.363829787234,56.7250927900182,164.192962646484
14.4313829787234,56.7250927900182,174.592971801758
14.4989361702128,56.7250927900182,164.392974853516
14.5664893617021,56.7250927900182,157.962966918945
14.6340425531915,56.7250927900182,144.562973022461
14.7015957446809,56.7250927900182,142.397506713867
14.7691489361702,56.7250927900182,147.957504272461
14.8367021276596,56.7250927900182,144.087493896484
14.9042553191489,56.7250927900182,148.727508544922
14.9718085106383,56.7250927900182,155.297500610352
15.0393617021277,56.7250927900182,157.257507324219
15.106914893617,56.7250927900182,152.917495727539
15.1744680851064,56.7250927900182,151.527496337891
15.2420212765957,56.7250927900182,146.463653564453
15.3095744680851,56.7250927900182,156.293655395508
15.3771276595745,56.7250927900182,159.163665771484
15.4446808510638,56.7250927900182,161.123657226562
15.5122340425532,56.7250927900182,168.513656616211
15.5797872340426,56.7250927900182,163.713653564453
15.6473404255319,56.7250927900182,169.243667602539
15.7148936170213,56.7250927900182,149.953659057617
15.7824468085106,56.7250927900182,118.220436096191
15.85,56.7250927900182,99.3504409790039
15.9175531914894,56.7250927900182,94.3004379272461
15.9851063829787,56.7250927900182,76.1904373168945
16.0526595744681,56.7250927900182,52.9204406738281
16.1202127659574,56.7250927900182,37.0404396057129
16.1877659574468,56.7250927900182,29.2504386901855
16.2553191489362,56.7250927900182,16.1704387664795
16.3228723404255,56.7250927900182,7.05746364593506
16.3904255319149,56.7250927900182,1.25746357440948
16.4579787234043,56.7250927900182,-8.44253635406494
16.5255319148936,56.7250927900182,11.1674633026123
16.593085106383,56.7250927900182,40.8774642944336
16.6606382978723,56.7250927900182,27.517463684082
16.7281914893617,56.7250927900182,12.0674638748169
16.7957446808511,56.7250927900182,-8.79253673553467
16.8632978723404,56.7250927900182,-27.858268737793
16.9308510638298,56.7250927900182,-46.8082695007324
16.9984042553192,56.7250927900182,-60.9482688903809
17.0659574468085,56.7250927900182,-71.0482711791992
17.1335106382979,56.7250927900182,-85.7082672119141
17.2010638297872,56.7250927900182,-82.7082672119141
17.2686170212766,56.7250927900182,-79.6882705688477
17.336170212766,56.7250927900182,-81.1582717895508
17.4037234042553,56.7250927900182,-76.4478225708008
17.4712765957447,56.7250927900182,-77.7178268432617
17.538829787234,56.7250927900182,-75.5878219604492
17.6063829787234,56.7250927900182,-81.4378204345703
17.6739361702128,56.7250927900182,-75.3578262329102
17.7414893617021,56.7250927900182,-66.4478225708008
17.8090425531915,56.7250927900182,-61.8078231811523
17.8765957446809,56.7250927900182,-55.2978248596191
17.9441489361702,56.7250927900182,-54.002326965332
18.0117021276596,56.7250927900182,-46.8023262023926
18.0792553191489,56.7250927900182,-40.0823249816895
18.1468085106383,56.7250927900182,-32.1423263549805
18.2143617021277,56.7250927900182,-29.9923248291016
18.281914893617,56.7250927900182,-35.5623245239258
18.3494680851064,56.7250927900182,-37.0823249816895
18.4170212765957,56.7250927900182,-29.5663146972656
18.4845744680851,56.7250927900182,-21.3963146209717
18.5521276595745,56.7250927900182,-18.4063148498535
18.6196808510638,56.7250927900182,-20.6363143920898
18.6872340425532,56.7250927900182,-36.2763137817383
18.7547872340426,56.7250927900182,-48.9663162231445
18.8223404255319,56.7250927900182,-63.7263145446777
18.8898936170213,56.7250927900182,-89.3663177490234
18.9574468085106,56.7250927900182,-128.648254394531
19.025,56.7250927900182,-149.858245849609
19.0925531914894,56.7250927900182,-151.488250732422
19.1601063829787,56.7250927900182,-152.28825378418
19.2276595744681,56.7250927900182,-151.998245239258
19.2952127659575,56.7250927900182,-146.168243408203
19.3627659574468,56.7250927900182,-128.498245239258
19.4303191489362,56.7250927900182,-126.408248901367
19.4978723404255,56.7250927900182,-130.395401000977
19.5654255319149,56.7250927900182,-134.605407714844
19.6329787234043,56.7250927900182,-141.95539855957
19.7005319148936,56.7250927900182,-146.395401000977
19.768085106383,56.7250927900182,-149.845397949219
19.8356382978723,56.7250927900182,-151.735397338867
19.9031914893617,56.7250927900182,-149.485397338867
19.9707446808511,56.7250927900182,-144.875411987305
20.0382978723404,56.7250927900182,-144.248245239258
20.1058510638298,56.7250927900182,-144.158248901367
20.1734042553191,56.7250927900182,-138.118240356445
20.2409574468085,56.7250927900182,-129.498245239258
20.3085106382979,56.7250927900182,-103.568244934082
20.3760638297872,56.7250927900182,-72.4382400512695
20.4436170212766,56.7250927900182,-66.5182418823242
20.511170212766,56.7250927900182,-63.5182418823242
20.5787234042553,56.7250927900182,-54.655834197998
20.6462765957447,56.7250927900182,-49.6258354187012
20.713829787234,56.7250927900182,-48.7458343505859
20.7813829787234,56.7250927900182,-41.5558319091797
20.8489361702128,56.7250927900182,-33.6458320617676
20.9164893617021,56.7250927900182,-24.4958343505859
20.9840425531915,56.7250927900182,-14.8858337402344
21.0515957446809,56.7250927900182,-5.52583360671997
21.1191489361702,56.7250927900182,10.4582052230835
21.1867021276596,56.7250927900182,21.4582042694092
21.2542553191489,56.7250927900182,29.3682060241699
21.3218085106383,56.7250927900182,33.0882034301758
21.3893617021277,56.7250927900182,33.8182067871094
21.456914893617,56.7250927900182,43.1782035827637
21.5244680851064,56.7250927900182,54.9582061767578
21.5920212765957,56.7250927900182,64.9282073974609
21.6595744680851,56.7250927900182,67.5150680541992
21.7271276595745,56.7250927900182,80.0250701904297
21.7946808510638,56.7250927900182,91.8650665283203
21.8622340425532,56.7250927900182,106.02507019043
21.9297872340426,56.7250927900182,66.8450698852539
21.9973404255319,56.7250927900182,37.4050674438477
22.0648936170213,56.7250927900182,31.0350685119629
22.1324468085106,56.7250927900182,41.7150688171387
22.2,56.7250927900182,56.8908767700195
9.5,56.656894100924,36.0601272583008
9.56755319148936,56.656894100924,38.010124206543
9.63510638297872,56.656894100924,38.6101264953613
9.70265957446808,56.656894100924,40.3401260375977
9.77021276595745,56.656894100924,40.4401245117188
9.83776595744681,56.656894100924,42.2111358642578
9.90531914893617,56.656894100924,38.3811340332031
9.97287234042553,56.656894100924,52.031135559082
10.0404255319149,56.656894100924,28.2811336517334
10.1079787234043,56.656894100924,28.5311336517334
10.1755319148936,56.656894100924,21.971134185791
10.243085106383,56.656894100924,1.54113411903381
10.3106382978723,56.656894100924,-1.7288658618927
10.3781914893617,56.656894100924,-7.62308883666992
10.4457446808511,56.656894100924,-8.25308895111084
10.5132978723404,56.656894100924,-8.743088722229
10.5808510638298,56.656894100924,-6.1330885887146
10.6484042553192,56.656894100924,-7.20308876037598
10.7159574468085,56.656894100924,-9.15308856964111
10.7835106382979,56.656894100924,-7.20308876037598
10.8510638297872,56.656894100924,-8.12308883666992
10.9186170212766,56.656894100924,-11.442756652832
10.986170212766,56.656894100924,-13.2427568435669
11.0537234042553,56.656894100924,-14.8427562713623
11.1212765957447,56.656894100924,-15.9827566146851
11.188829787234,56.656894100924,-16.1627559661865
11.2563829787234,56.656894100924,-17.7127571105957
11.3239361702128,56.656894100924,-15.0227565765381
11.3914893617021,56.656894100924,-12.3927564620972
11.4590425531915,56.656894100924,-16.5261383056641
11.5265957446809,56.656894100924,-23.5761375427246
11.5941489361702,56.656894100924,-29.4561386108398
11.6617021276596,56.656894100924,-33.1561393737793
11.7292553191489,56.656894100924,-37.5561370849609
11.7968085106383,56.656894100924,-34.366138458252
11.8643617021277,56.656894100924,-30.8561382293701
11.931914893617,56.656894100924,-29.5061378479004
11.9994680851064,56.656894100924,-27.924861907959
12.0670212765957,56.656894100924,-29.3948631286621
12.1345744680851,56.656894100924,-42.8748626708984
12.2021276595745,56.656894100924,-42.044864654541
12.2696808510638,56.656894100924,-37.7448616027832
12.3372340425532,56.656894100924,-32.1148643493652
12.4047872340426,56.656894100924,-27.3548622131348
12.4723404255319,56.656894100924,-22.9948635101318
12.5398936170213,56.656894100924,-21.2762699127197
12.6074468085106,56.656894100924,-19.6562690734863
12.675,56.656894100924,-14.2662696838379
12.7425531914894,56.656894100924,-2.58626985549927
12.8101063829787,56.656894100924,-7.22626972198486
12.8776595744681,56.656894100924,1.91373014450073
12.9452127659574,56.656894100924,31.9037303924561
13.0127659574468,56.656894100924,48.3137283325195
13.0803191489362,56.656894100924,87.2859725952148
13.1478723404255,56.656894100924,118.435974121094
13.2154255319149,56.656894100924,145.025970458984
13.2829787234043,56.656894100924,153.315979003906
13.3505319148936,56.656894100924,151.885971069336
13.418085106383,56.656894100924,168.165969848633
13.4856382978723,56.656894100924,161.425964355469
13.5531914893617,56.656894100924,170.795974731445
13.6207446808511,56.656894100924,166.320831298828
13.6882978723404,56.656894100924,156.170822143555
13.7558510638298,56.656894100924,137.130828857422
13.8234042553192,56.656894100924,141.43083190918
13.8909574468085,56.656894100924,140.730819702148
13.9585106382979,56.656894100924,145.230819702148
14.0260638297872,56.656894100924,139.780822753906
14.0936170212766,56.656894100924,140.050827026367
14.161170212766,56.656894100924,137.832977294922
14.2287234042553,56.656894100924,146.912963867188
14.2962765957447,56.656894100924,149.262969970703
14.363829787234,56.656894100924,154.232971191406
14.4313829787234,56.656894100924,164.302963256836
14.4989361702128,56.656894100924,177.122970581055
14.5664893617021,56.656894100924,169.97297668457
14.6340425531915,56.656894100924,142.912963867188
14.7015957446809,56.656894100924,140.067504882812
14.7691489361702,56.656894100924,138.347503662109
14.8367021276596,56.656894100924,138.6875
14.9042553191489,56.656894100924,144.787506103516
14.9718085106383,56.656894100924,139.577499389648
15.0393617021277,56.656894100924,143.957504272461
15.106914893617,56.656894100924,146.86750793457
15.1744680851064,56.656894100924,138.647506713867
15.2420212765957,56.656894100924,141.253662109375
15.3095744680851,56.656894100924,164.203659057617
15.3771276595745,56.656894100924,155.773666381836
15.4446808510638,56.656894100924,138.323654174805
15.5122340425532,56.656894100924,136.883666992188
15.5797872340426,56.656894100924,125.653663635254
15.6473404255319,56.656894100924,146.553665161133
15.7148936170213,56.656894100924,142.143661499023
15.7824468085106,56.656894100924,110.960441589355
15.85,56.656894100924,100.900436401367
15.9175531914894,56.656894100924,91.7304382324219
15.9851063829787,56.656894100924,74.070442199707
16.0526595744681,56.656894100924,51.2304382324219
16.1202127659574,56.656894100924,30.6104393005371
16.1877659574468,56.656894100924,15.1904392242432
16.2553191489362,56.656894100924,4.73043966293335
16.3228723404255,56.656894100924,-1.96253645420074
16.3904255319149,56.656894100924,-7.57253646850586
16.4579787234043,56.656894100924,-2.18253636360168
16.5255319148936,56.656894100924,29.5574626922607
16.593085106383,56.656894100924,35.6574630737305
16.6606382978723,56.656894100924,20.0574626922607
16.7281914893617,56.656894100924,1.76746356487274
16.7957446808511,56.656894100924,-21.1725368499756
16.8632978723404,56.656894100924,-42.6582679748535
16.9308510638298,56.656894100924,-59.3182678222656
16.9984042553192,56.656894100924,-65.5082702636719
17.0659574468085,56.656894100924,-74.8982696533203
17.1335106382979,56.656894100924,-76.9982681274414
17.2010638297872,56.656894100924,-76.4382705688477
17.2686170212766,56.656894100924,-74.5082702636719
17.336170212766,56.656894100924,-70.3082656860352
17.4037234042553,56.656894100924,-63.8778228759766
17.4712765957447,56.656894100924,-74.5678253173828
17.538829787234,56.656894100924,-76.0878219604492
17.6063829787234,56.656894100924,-75.5378265380859
17.6739361702128,56.656894100924,-63.9378242492676
17.7414893617021,56.656894100924,-58.8978233337402
17.8090425531915,56.656894100924,-56.8978233337402
17.8765957446809,56.656894100924,-52.5578231811523
17.9441489361702,56.656894100924,-59.2623252868652
18.0117021276596,56.656894100924,-50.1723251342773
18.0792553191489,56.656894100924,-39.9123268127441
18.1468085106383,56.656894100924,-28.2623252868652
18.2143617021277,56.656894100924,-27.13232421875
18.281914893617,56.656894100924,-29.5523242950439
18.3494680851064,56.656894100924,-27.2523250579834
18.4170212765957,56.656894100924,-23.796314239502
18.4845744680851,56.656894100924,-21.4763145446777
18.5521276595745,56.656894100924,-18.7563152313232
18.6196808510638,56.656894100924,-20.9463157653809
18.6872340425532,56.656894100924,-34.7863159179688
18.7547872340426,56.656894100924,-49.7863159179688
18.8223404255319,56.656894100924,-62.5263137817383
18.8898936170213,56.656894100924,-94.856315612793
18.9574468085106,56.656894100924,-135.458251953125
19.025,56.656894100924,-146.988250732422
19.0925531914894,56.656894100924,-147.318252563477
19.1601063829787,56.656894100924,-142.778244018555
19.2276595744681,56.656894100924,-137.098251342773
19.2952127659575,56.656894100924,-134.818252563477
19.3627659574468,56.656894100924,-128.608245849609
19.4303191489362,56.656894100924,-130.358245849609
19.4978723404255,56.656894100924,-134.125411987305
19.5654255319149,56.656894100924,-140.165405273438
19.6329787234043,56.656894100924,-145.885406494141
19.7005319148936,56.656894100924,-146.855407714844
19.768085106383,56.656894100924,-147.36540222168
19.8356382978723,56.656894100924,-146.765411376953
19.9031914893617,56.656894100924,-140.915405273438
19.9707446808511,56.656894100924,-136.345397949219
20.0382978723404,56.656894100924,-134.1982421875
20.1058510638298,56.656894100924,-133.518249511719
20.1734042553191,56.656894100924,-130.318237304688
20.2409574468085,56.656894100924,-122.288246154785
20.3085106382979,56.656894100924,-102.728240966797
20.3760638297872,56.656894100924,-77.2082443237305
20.4436170212766,56.656894100924,-71.9582443237305
20.511170212766,56.656894100924,-68.0082397460938
20.5787234042553,56.656894100924,-55.8558349609375
20.6462765957447,56.656894100924,-46.7558326721191
20.713829787234,56.656894100924,-42.3858337402344
20.7813829787234,56.656894100924,-37.1858329772949
20.8489361702128,56.656894100924,-28.0858345031738
20.9164893617021,56.656894100924,-21.1158332824707
20.9840425531915,56.656894100924,-13.4958333969116
21.0515957446809,56.656894100924,-1.81583368778229
21.1191489361702,56.656894100924,10.1682052612305
21.1867021276596,56.656894100924,30.1782054901123
21.2542553191489,56.656894100924,33.4882049560547
21.3218085106383,56.656894100924,33.278205871582
21.3893617021277,56.656894100924,32.0582046508789
21.456914893617,56.656894100924,44.968204498291
21.5244680851064,56.656894100924,58.7482032775879
21.5920212765957,56.656894100924,68.5482025146484
21.6595744680851,56.656894100924,89.5850677490234
21.7271276595745,56.656894100924,94.3350677490234
21.7946808510638,56.656894100924,109.215072631836
21.8622340425532,56.656894100924,108.455070495605
21.9297872340426,56.656894100924,69.825065612793
21.9973404255319,56.656894100924,42.3550682067871
22.0648936170213,56.656894100924,40.4850692749023
22.1324468085106,56.656894100924,49.0450706481934
22.2,56.656894100924,68.3708801269531
9.5,56.5886954118297,27.4101257324219
9.56755319148936,56.5886954118297,25.9201259613037
9.63510638297872,56.5886954118297,23.7401256561279
9.70265957446808,56.5886954118297,27.2801246643066
9.77021276595745,56.5886954118297,26.8701248168945
9.83776595744681,56.5886954118297,38.4811325073242
9.90531914893617,56.5886954118297,41.4511337280273
9.97287234042553,56.5886954118297,52.2911338806152
10.0404255319149,56.5886954118297,58.031135559082
10.1079787234043,56.5886954118297,30.1911334991455
10.1755319148936,56.5886954118297,7.58113431930542
10.243085106383,56.5886954118297,15.0811338424683
10.3106382978723,56.5886954118297,2.80113410949707
10.3781914893617,56.5886954118297,-6.94308853149414
10.4457446808511,56.5886954118297,-9.03308868408203
10.5132978723404,56.5886954118297,-8.17308902740479
10.5808510638298,56.5886954118297,-6.23308897018433
10.6484042553192,56.5886954118297,-6.58308887481689
10.7159574468085,56.5886954118297,-5.72308874130249
10.7835106382979,56.5886954118297,-6.3830885887146
10.8510638297872,56.5886954118297,-7.77308893203735
10.9186170212766,56.5886954118297,-12.0327568054199
10.986170212766,56.5886954118297,-13.8327569961548
11.0537234042553,56.5886954118297,-15.2027568817139
11.1212765957447,56.5886954118297,-16.6427574157715
11.188829787234,56.5886954118297,-16.0827560424805
11.2563829787234,56.5886954118297,-17.1027565002441
11.3239361702128,56.5886954118297,-19.7727565765381
11.3914893617021,56.5886954118297,-21.4027557373047
11.4590425531915,56.5886954118297,-26.1661376953125
11.5265957446809,56.5886954118297,-28.8961372375488
11.5941489361702,56.5886954118297,-30.7861385345459
11.6617021276596,56.5886954118297,-32.2761383056641
11.7292553191489,56.5886954118297,-32.966136932373
11.7968085106383,56.5886954118297,-30.7761383056641
11.8643617021277,56.5886954118297,-30.7261371612549
11.931914893617,56.5886954118297,-30.2061386108398
11.9994680851064,56.5886954118297,-24.9648628234863
12.0670212765957,56.5886954118297,-19.4748630523682
12.1345744680851,56.5886954118297,-31.9948635101318
12.2021276595745,56.5886954118297,-44.2148628234863
12.2696808510638,56.5886954118297,-35.0148620605469
12.3372340425532,56.5886954118297,-33.6048622131348
12.4047872340426,56.5886954118297,-28.2248630523682
12.4723404255319,56.5886954118297,-25.1848621368408
12.5398936170213,56.5886954118297,-22.2062702178955
12.6074468085106,56.5886954118297,-21.0462703704834
12.675,56.5886954118297,-19.6462707519531
12.7425531914894,56.5886954118297,-17.3062705993652
12.8101063829787,56.5886954118297,-15.4562702178955
12.8776595744681,56.5886954118297,-10.8662700653076
12.9452127659574,56.5886954118297,11.2937297821045
13.0127659574468,56.5886954118297,24.5837306976318
13.0803191489362,56.5886954118297,41.445972442627
13.1478723404255,56.5886954118297,66.755973815918
13.2154255319149,56.5886954118297,109.985969543457
13.2829787234043,56.5886954118297,104.20597076416
13.3505319148936,56.5886954118297,114.875968933105
13.418085106383,56.5886954118297,132.765975952148
13.4856382978723,56.5886954118297,134.645965576172
13.5531914893617,56.5886954118297,163.425964355469
13.6207446808511,56.5886954118297,160.410827636719
13.6882978723404,56.5886954118297,145.670822143555
13.7558510638298,56.5886954118297,140.540832519531
13.8234042553192,56.5886954118297,142.190826416016
13.8909574468085,56.5886954118297,130.410827636719
13.9585106382979,56.5886954118297,130.700820922852
14.0260638297872,56.5886954118297,151.570831298828
14.0936170212766,56.5886954118297,151.230819702148
14.161170212766,56.5886954118297,144.822967529297
14.2287234042553,56.5886954118297,146.262969970703
14.2962765957447,56.5886954118297,148.852966308594
14.363829787234,56.5886954118297,161.052963256836
14.4313829787234,56.5886954118297,160.052963256836
14.4989361702128,56.5886954118297,170.002975463867
14.5664893617021,56.5886954118297,165.502975463867
14.6340425531915,56.5886954118297,140.272964477539
14.7015957446809,56.5886954118297,141.897506713867
14.7691489361702,56.5886954118297,145.087493896484
14.8367021276596,56.5886954118297,149.86750793457
14.9042553191489,56.5886954118297,150.037506103516
14.9718085106383,56.5886954118297,138.887496948242
15.0393617021277,56.5886954118297,152.747497558594
15.106914893617,56.5886954118297,148.427505493164
15.1744680851064,56.5886954118297,136.947494506836
15.2420212765957,56.5886954118297,151.913665771484
15.3095744680851,56.5886954118297,152.143661499023
15.3771276595745,56.5886954118297,148.503662109375
15.4446808510638,56.5886954118297,143.17366027832
15.5122340425532,56.5886954118297,126.613662719727
15.5797872340426,56.5886954118297,116.363662719727
15.6473404255319,56.5886954118297,127.963661193848
15.7148936170213,56.5886954118297,120.933662414551
15.7824468085106,56.5886954118297,101.990440368652
15.85,56.5886954118297,95.1704406738281
15.9175531914894,56.5886954118297,78.6504364013672
15.9851063829787,56.5886954118297,55.6104393005371
16.0526595744681,56.5886954118297,39.4004402160645
16.1202127659574,56.5886954118297,23.5804386138916
16.1877659574468,56.5886954118297,14.7304391860962
16.2553191489362,56.5886954118297,-2.06956052780151
16.3228723404255,56.5886954118297,-12.7825365066528
16.3904255319149,56.5886954118297,-7.15253639221191
16.4579787234043,56.5886954118297,22.3174629211426
16.5255319148936,56.5886954118297,39.457462310791
16.593085106383,56.5886954118297,23.4874629974365
16.6606382978723,56.5886954118297,7.17746353149414
16.7281914893617,56.5886954118297,-9.39253616333008
16.7957446808511,56.5886954118297,-30.9725360870361
16.8632978723404,56.5886954118297,-56.2382698059082
16.9308510638298,56.5886954118297,-68.4282684326172
16.9984042553192,56.5886954118297,-72.2182693481445
17.0659574468085,56.5886954118297,-69.5982666015625
17.1335106382979,56.5886954118297,-74.1282653808594
17.2010638297872,56.5886954118297,-70.4882659912109
17.2686170212766,56.5886954118297,-63.5082702636719
17.336170212766,56.5886954118297,-56.3482666015625
17.4037234042553,56.5886954118297,-66.8778228759766
17.4712765957447,56.5886954118297,-70.3978271484375
17.538829787234,56.5886954118297,-66.5278244018555
17.6063829787234,56.5886954118297,-59.2378234863281
17.6739361702128,56.5886954118297,-59.7178230285645
17.7414893617021,56.5886954118297,-56.2378234863281
17.8090425531915,56.5886954118297,-51.8478240966797
17.8765957446809,56.5886954118297,-55.4878234863281
17.9441489361702,56.5886954118297,-59.7123260498047
18.0117021276596,56.5886954118297,-48.6623268127441
18.0792553191489,56.5886954118297,-35.3723258972168
18.1468085106383,56.5886954118297,-25.6823253631592
18.2143617021277,56.5886954118297,-27.112325668335
18.281914893617,56.5886954118297,-27.5023250579834
18.3494680851064,56.5886954118297,-21.9923248291016
18.4170212765957,56.5886954118297,-25.6763153076172
18.4845744680851,56.5886954118297,-22.9163150787354
18.5521276595745,56.5886954118297,-22.2163143157959
18.6196808510638,56.5886954118297,-31.4163150787354
18.6872340425532,56.5886954118297,-49.8863143920898
18.7547872340426,56.5886954118297,-60.9263153076172
18.8223404255319,56.5886954118297,-77.0763168334961
18.8898936170213,56.5886954118297,-109.996315002441
18.9574468085106,56.5886954118297,-137.388244628906
19.025,56.5886954118297,-139.688247680664
19.0925531914894,56.5886954118297,-134.928253173828
19.1601063829787,56.5886954118297,-127.738250732422
19.2276595744681,56.5886954118297,-128.308242797852
19.2952127659575,56.5886954118297,-128.868255615234
19.3627659574468,56.5886954118297,-129.808242797852
19.4303191489362,56.5886954118297,-133.768249511719
19.4978723404255,56.5886954118297,-137.995407104492
19.5654255319149,56.5886954118297,-142.065399169922
19.6329787234043,56.5886954118297,-145.015411376953
19.7005319148936,56.5886954118297,-144.105407714844
19.768085106383,56.5886954118297,-142.175399780273
19.8356382978723,56.5886954118297,-135.875411987305
19.9031914893617,56.5886954118297,-126.915405273438
19.9707446808511,56.5886954118297,-122.725402832031
20.0382978723404,56.5886954118297,-119.048240661621
20.1058510638298,56.5886954118297,-117.288246154785
20.1734042553191,56.5886954118297,-116.678245544434
20.2409574468085,56.5886954118297,-107.048240661621
20.3085106382979,56.5886954118297,-91.7382431030273
20.3760638297872,56.5886954118297,-80.5982437133789
20.4436170212766,56.5886954118297,-71.2582397460938
20.511170212766,56.5886954118297,-61.5982437133789
20.5787234042553,56.5886954118297,-48.1658325195312
20.6462765957447,56.5886954118297,-33.5758323669434
20.713829787234,56.5886954118297,-31.4558334350586
20.7813829787234,56.5886954118297,-29.7758331298828
20.8489361702128,56.5886954118297,-21.3158340454102
20.9164893617021,56.5886954118297,-13.6058340072632
20.9840425531915,56.5886954118297,-7.84583377838135
21.0515957446809,56.5886954118297,3.43416619300842
21.1191489361702,56.5886954118297,7.30820512771606
21.1867021276596,56.5886954118297,26.2282047271729
21.2542553191489,56.5886954118297,28.2882041931152
21.3218085106383,56.5886954118297,39.2282066345215
21.3893617021277,56.5886954118297,40.6982040405273
21.456914893617,56.5886954118297,41.1682052612305
21.5244680851064,56.5886954118297,54.4582061767578
21.5920212765957,56.5886954118297,78.1482086181641
21.6595744680851,56.5886954118297,96.3550720214844
21.7271276595745,56.5886954118297,98.2750701904297
21.7946808510638,56.5886954118297,104.475067138672
21.8622340425532,56.5886954118297,102.975067138672
21.9297872340426,56.5886954118297,95.4650726318359
21.9973404255319,56.5886954118297,61.5750694274902
22.0648936170213,56.5886954118297,59.6850700378418
22.1324468085106,56.5886954118297,70.5450668334961
22.2,56.5886954118297,77.4608764648438
9.5,56.5204967227355,43.630126953125
9.56755319148936,56.5204967227355,43.9301261901855
9.63510638297872,56.5204967227355,35.130126953125
9.70265957446808,56.5204967227355,39.4301261901855
9.77021276595745,56.5204967227355,33.0401268005371
9.83776595744681,56.5204967227355,30.9511337280273
9.90531914893617,56.5204967227355,33.7411346435547
9.97287234042553,56.5204967227355,45.0611343383789
10.0404255319149,56.5204967227355,37.6611328125
10.1079787234043,56.5204967227355,34.3511352539062
10.1755319148936,56.5204967227355,3.61113405227661
10.243085106383,56.5204967227355,8.27113437652588
10.3106382978723,56.5204967227355,13.3511343002319
10.3781914893617,56.5204967227355,9.77691078186035
10.4457446808511,56.5204967227355,18.6669120788574
10.5132978723404,56.5204967227355,20.6169109344482
10.5808510638298,56.5204967227355,23.5269107818604
10.6484042553192,56.5204967227355,22.046911239624
10.7159574468085,56.5204967227355,30.3869113922119
10.7835106382979,56.5204967227355,10.8669109344482
10.8510638297872,56.5204967227355,-4.23308897018433
10.9186170212766,56.5204967227355,-11.4827566146851
10.986170212766,56.5204967227355,-15.2327566146851
11.0537234042553,56.5204967227355,-17.0727558135986
11.1212765957447,56.5204967227355,-17.3327560424805
11.188829787234,56.5204967227355,-17.2327556610107
11.2563829787234,56.5204967227355,-18.7727565765381
11.3239361702128,56.5204967227355,-20.2027568817139
11.3914893617021,56.5204967227355,-22.0227565765381
11.4590425531915,56.5204967227355,-25.616138458252
11.5265957446809,56.5204967227355,-27.8861389160156
11.5941489361702,56.5204967227355,-29.1361389160156
11.6617021276596,56.5204967227355,-29.3961372375488
11.7292553191489,56.5204967227355,-29.616138458252
11.7968085106383,56.5204967227355,-31.0361385345459
11.8643617021277,56.5204967227355,-32.0261383056641
11.931914893617,56.5204967227355,-31.1261386871338
11.9994680851064,56.5204967227355,-29.5248622894287
12.0670212765957,56.5204967227355,-30.8648624420166
12.1345744680851,56.5204967227355,-36.8148612976074
12.2021276595745,56.5204967227355,-37.9748611450195
12.2696808510638,56.5204967227355,-30.1948623657227
12.3372340425532,56.5204967227355,-29.9948635101318
12.4047872340426,56.5204967227355,-29.0248622894287
12.4723404255319,56.5204967227355,-25.9148635864258
12.5398936170213,56.5204967227355,-22.6062698364258
12.6074468085106,56.5204967227355,-20.8662700653076
12.675,56.5204967227355,-16.7262706756592
12.7425531914894,56.5204967227355,-15.5562696456909
12.8101063829787,56.5204967227355,-14.2262697219849
12.8776595744681,56.5204967227355,-10.3562698364258
12.9452127659574,56.5204967227355,7.66373014450073
13.0127659574468,56.5204967227355,20.9037303924561
13.0803191489362,56.5204967227355,32.9059715270996
13.1478723404255,56.5204967227355,52.7359733581543
13.2154255319149,56.5204967227355,75.8959732055664
13.2829787234043,56.5204967227355,89.9959716796875
13.3505319148936,56.5204967227355,100.315971374512
13.418085106383,56.5204967227355,102.44596862793
13.4856382978723,56.5204967227355,108.345970153809
13.5531914893617,56.5204967227355,118.885971069336
13.6207446808511,56.5204967227355,132.100830078125
13.6882978723404,56.5204967227355,135.560821533203
13.7558510638298,56.5204967227355,138.060821533203
13.8234042553192,56.5204967227355,126.230827331543
13.8909574468085,56.5204967227355,118.52082824707
13.9585106382979,56.5204967227355,126.380828857422
14.0260638297872,56.5204967227355,147.710830688477
14.0936170212766,56.5204967227355,148.400817871094
14.161170212766,56.5204967227355,147.842971801758
14.2287234042553,56.5204967227355,146.892974853516
14.2962765957447,56.5204967227355,156.142974853516
14.363829787234,56.5204967227355,162.372970581055
14.4313829787234,56.5204967227355,169.502975463867
14.4989361702128,56.5204967227355,172.112976074219
14.5664893617021,56.5204967227355,161.842971801758
14.6340425531915,56.5204967227355,153.082977294922
14.7015957446809,56.5204967227355,143.157501220703
14.7691489361702,56.5204967227355,145.397506713867
14.8367021276596,56.5204967227355,145.627502441406
14.9042553191489,56.5204967227355,148.697494506836
14.9718085106383,56.5204967227355,133.587493896484
15.0393617021277,56.5204967227355,146.307495117188
15.106914893617,56.5204967227355,140.417495727539
15.1744680851064,56.5204967227355,135.287506103516
15.2420212765957,56.5204967227355,135.853668212891
15.3095744680851,56.5204967227355,129.933654785156
15.3771276595745,56.5204967227355,126.233657836914
15.4446808510638,56.5204967227355,117.533660888672
15.5122340425532,56.5204967227355,114.893661499023
15.5797872340426,56.5204967227355,113.213661193848
15.6473404255319,56.5204967227355,113.813659667969
15.7148936170213,56.5204967227355,110.343658447266
15.7824468085106,56.5204967227355,103.410438537598
15.85,56.5204967227355,85.4904403686523
15.9175531914894,56.5204967227355,63.450439453125
15.9851063829787,56.5204967227355,42.2204399108887
16.0526595744681,56.5204967227355,27.4404392242432
16.1202127659574,56.5204967227355,16.0504398345947
16.1877659574468,56.5204967227355,2.1304395198822
16.2553191489362,56.5204967227355,-11.0595607757568
16.3228723404255,56.5204967227355,-16.5725364685059
16.3904255319149,56.5204967227355,-2.33253645896912
16.4579787234043,56.5204967227355,32.1274642944336
16.5255319148936,56.5204967227355,31.2974643707275
16.593085106383,56.5204967227355,14.9174633026123
16.6606382978723,56.5204967227355,-2.05253648757935
16.7281914893617,56.5204967227355,-20.8225364685059
16.7957446808511,56.5204967227355,-43.6825370788574
16.8632978723404,56.5204967227355,-61.7882690429688
16.9308510638298,56.5204967227355,-69.5582656860352
16.9984042553192,56.5204967227355,-70.8082656860352
17.0659574468085,56.5204967227355,-67.8682708740234
17.1335106382979,56.5204967227355,-64.9582672119141
17.2010638297872,56.5204967227355,-56.2782669067383
17.2686170212766,56.5204967227355,-51.6882667541504
17.336170212766,56.5204967227355,-55.5582695007324
17.4037234042553,56.5204967227355,-62.7878227233887
17.4712765957447,56.5204967227355,-59.4378242492676
17.538829787234,56.5204967227355,-53.1878242492676
17.6063829787234,56.5204967227355,-48.2778244018555
17.6739361702128,56.5204967227355,-50.4178237915039
17.7414893617021,56.5204967227355,-51.8478240966797
17.8090425531915,56.5204967227355,-51.0578231811523
17.8765957446809,56.5204967227355,-55.3078231811523
17.9441489361702,56.5204967227355,-56.2123260498047
18.0117021276596,56.5204967227355,-44.002326965332
18.0792553191489,56.5204967227355,-34.6823234558105
18.1468085106383,56.5204967227355,-29.8223247528076
18.2143617021277,56.5204967227355,-24.8423252105713
18.281914893617,56.5204967227355,-23.0623245239258
18.3494680851064,56.5204967227355,-22.1723251342773
18.4170212765957,56.5204967227355,-25.856315612793
18.4845744680851,56.5204967227355,-21.4963150024414
18.5521276595745,56.5204967227355,-23.4563140869141
18.6196808510638,56.5204967227355,-47.4663162231445
18.6872340425532,56.5204967227355,-69.6663131713867
18.7547872340426,56.5204967227355,-79.1263122558594
18.8223404255319,56.5204967227355,-96.7463150024414
18.8898936170213,56.5204967227355,-122.336311340332
18.9574468085106,56.5204967227355,-131.938247680664
19.025,56.5204967227355,-126.62825012207
19.0925531914894,56.5204967227355,-118.12825012207
19.1601063829787,56.5204967227355,-119.528251647949
19.2276595744681,56.5204967227355,-126.168251037598
19.2952127659575,56.5204967227355,-130.008255004883
19.3627659574468,56.5204967227355,-132.008255004883
19.4303191489362,56.5204967227355,-136.208251953125
19.4978723404255,56.5204967227355,-139.855407714844
19.5654255319149,56.5204967227355,-142.025405883789
19.6329787234043,56.5204967227355,-141.445404052734
19.7005319148936,56.5204967227355,-137.605407714844
19.768085106383,56.5204967227355,-130.105407714844
19.8356382978723,56.5204967227355,-120.205406188965
19.9031914893617,56.5204967227355,-112.245407104492
19.9707446808511,56.5204967227355,-105.28540802002
20.0382978723404,56.5204967227355,-101.668243408203
20.1058510638298,56.5204967227355,-96.8582458496094
20.1734042553191,56.5204967227355,-92.4582443237305
20.2409574468085,56.5204967227355,-83.9982452392578
20.3085106382979,56.5204967227355,-74.9082412719727
20.3760638297872,56.5204967227355,-67.568244934082
20.4436170212766,56.5204967227355,-56.8782424926758
20.511170212766,56.5204967227355,-46.3282432556152
20.5787234042553,56.5204967227355,-37.8258323669434
20.6462765957447,56.5204967227355,-29.655834197998
20.713829787234,56.5204967227355,-27.765832901001
20.7813829787234,56.5204967227355,-23.4158344268799
20.8489361702128,56.5204967227355,-18.6858329772949
20.9164893617021,56.5204967227355,-14.4958333969116
20.9840425531915,56.5204967227355,-7.26583385467529
21.0515957446809,56.5204967227355,1.99416625499725
21.1191489361702,56.5204967227355,3.69820499420166
21.1867021276596,56.5204967227355,17.1582050323486
21.2542553191489,56.5204967227355,24.9782047271729
21.3218085106383,56.5204967227355,31.138204574585
21.3893617021277,56.5204967227355,44.9382057189941
21.456914893617,56.5204967227355,43.0382041931152
21.5244680851064,56.5204967227355,45.1082038879395
21.5920212765957,56.5204967227355,70.0182037353516
21.6595744680851,56.5204967227355,88.315071105957
21.7271276595745,56.5204967227355,118.015068054199
21.7946808510638,56.5204967227355,149.685073852539
21.8622340425532,56.5204967227355,130.075073242188
21.9297872340426,56.5204967227355,116.725067138672
21.9973404255319,56.5204967227355,91.2250671386719
22.0648936170213,56.5204967227355,76.2350692749023
22.1324468085106,56.5204967227355,61.635066986084
22.2,56.5204967227355,68.1608810424805
9.5,56.4522980336413,38.6501235961914
9.56755319148936,56.4522980336413,39.1201248168945
9.63510638297872,56.4522980336413,46.3001251220703
9.70265957446808,56.4522980336413,40.6201248168945
9.77021276595745,56.4522980336413,43.2101249694824
9.83776595744681,56.4522980336413,25.6511344909668
9.90531914893617,56.4522980336413,19.0511341094971
9.97287234042553,56.4522980336413,31.7511348724365
10.0404255319149,56.4522980336413,24.1311340332031
10.1079787234043,56.4522980336413,31.0111331939697
10.1755319148936,56.4522980336413,23.1911334991455
10.243085106383,56.4522980336413,16.8711338043213
10.3106382978723,56.4522980336413,10.681134223938
10.3781914893617,56.4522980336413,31.7869110107422
10.4457446808511,56.4522980336413,33.3469123840332
10.5132978723404,56.4522980336413,31.6269111633301
10.5808510638298,56.4522980336413,33.4269104003906
10.6484042553192,56.4522980336413,26.9069118499756
10.7159574468085,56.4522980336413,20.3869113922119
10.7835106382979,56.4522980336413,17.1469116210938
10.8510638297872,56.4522980336413,10.216911315918
10.9186170212766,56.4522980336413,-8.16275691986084
10.986170212766,56.4522980336413,-16.612756729126
11.0537234042553,56.4522980336413,-18.3427562713623
11.1212765957447,56.4522980336413,-17.9627571105957
11.188829787234,56.4522980336413,-19.0527572631836
11.2563829787234,56.4522980336413,-20.0627574920654
11.3239361702128,56.4522980336413,-20.2027568817139
11.3914893617021,56.4522980336413,-21.9627571105957
11.4590425531915,56.4522980336413,-23.9161376953125
11.5265957446809,56.4522980336413,-23.7461376190186
11.5941489361702,56.4522980336413,-27.5361385345459
11.6617021276596,56.4522980336413,-26.9161376953125
11.7292553191489,56.4522980336413,-27.3061370849609
11.7968085106383,56.4522980336413,-30.2361373901367
11.8643617021277,56.4522980336413,-32.0361366271973
11.931914893617,56.4522980336413,-32.4961395263672
11.9994680851064,56.4522980336413,-31.6048622131348
12.0670212765957,56.4522980336413,-31.4548625946045
12.1345744680851,56.4522980336413,-33.5348625183105
12.2021276595745,56.4522980336413,-34.6948623657227
12.2696808510638,56.4522980336413,-30.8348636627197
12.3372340425532,56.4522980336413,-29.3348636627197
12.4047872340426,56.4522980336413,-26.8648624420166
12.4723404255319,56.4522980336413,-25.1448631286621
12.5398936170213,56.4522980336413,-13.3962697982788
12.6074468085106,56.4522980336413,1.79373013973236
12.675,56.4522980336413,57.7937316894531
12.7425531914894,56.4522980336413,104.253730773926
12.8101063829787,56.4522980336413,52.6837310791016
12.8776595744681,56.4522980336413,57.513729095459
12.9452127659574,56.4522980336413,42.3037300109863
13.0127659574468,56.4522980336413,21.2637310028076
13.0803191489362,56.4522980336413,38.2459716796875
13.1478723404255,56.4522980336413,57.9159698486328
13.2154255319149,56.4522980336413,78.9959716796875
13.2829787234043,56.4522980336413,98.5959701538086
13.3505319148936,56.4522980336413,111.025970458984
13.418085106383,56.4522980336413,111.44596862793
13.4856382978723,56.4522980336413,114.45597076416
13.5531914893617,56.4522980336413,109.085968017578
13.6207446808511,56.4522980336413,115.790824890137
13.6882978723404,56.4522980336413,127.880828857422
13.7558510638298,56.4522980336413,129.43083190918
13.8234042553192,56.4522980336413,124.190826416016
13.8909574468085,56.4522980336413,105.650825500488
13.9585106382979,56.4522980336413,107.130828857422
14.0260638297872,56.4522980336413,112.410827636719
14.0936170212766,56.4522980336413,134.010818481445
14.161170212766,56.4522980336413,139.682968139648
14.2287234042553,56.4522980336413,135.512969970703
14.2962765957447,56.4522980336413,144.642974853516
14.363829787234,56.4522980336413,147.032974243164
14.4313829787234,56.4522980336413,146.492965698242
14.4989361702128,56.4522980336413,156.47297668457
14.5664893617021,56.4522980336413,144.782974243164
14.6340425531915,56.4522980336413,143.242965698242
14.7015957446809,56.4522980336413,137.027496337891
14.7691489361702,56.4522980336413,131.997497558594
14.8367021276596,56.4522980336413,109.227500915527
14.9042553191489,56.4522980336413,115.107498168945
14.9718085106383,56.4522980336413,122.527503967285
15.0393617021277,56.4522980336413,126.267501831055
15.106914893617,56.4522980336413,128.897506713867
15.1744680851064,56.4522980336413,122.737503051758
15.2420212765957,56.4522980336413,120.903663635254
15.3095744680851,56.4522980336413,121.473663330078
15.3771276595745,56.4522980336413,115.803657531738
15.4446808510638,56.4522980336413,106.353660583496
15.5122340425532,56.4522980336413,110.693656921387
15.5797872340426,56.4522980336413,109.613662719727
15.6473404255319,56.4522980336413,109.323661804199
15.7148936170213,56.4522980336413,110.373657226562
15.7824468085106,56.4522980336413,99.5504379272461
15.85,56.4522980336413,75.8404388427734
15.9175531914894,56.4522980336413,53.6004409790039
15.9851063829787,56.4522980336413,30.0304393768311
16.0526595744681,56.4522980336413,15.5204391479492
16.1202127659574,56.4522980336413,4.40043926239014
16.1877659574468,56.4522980336413,-8.97956085205078
16.2553191489362,56.4522980336413,-17.049560546875
16.3228723404255,56.4522980336413,-16.9925365447998
16.3904255319149,56.4522980336413,-4.14253664016724
16.4579787234043,56.4522980336413,27.1574630737305
16.5255319148936,56.4522980336413,26.1474628448486
16.593085106383,56.4522980336413,6.53746366500854
16.6606382978723,56.4522980336413,-13.2525367736816
16.7281914893617,56.4522980336413,-27.1925373077393
16.7957446808511,56.4522980336413,-57.0725364685059
16.8632978723404,56.4522980336413,-58.1882667541504
16.9308510638298,56.4522980336413,-65.7482681274414
16.9984042553192,56.4522980336413,-66.9382705688477
17.0659574468085,56.4522980336413,-60.7082672119141
17.1335106382979,56.4522980336413,-50.2782669067383
17.2010638297872,56.4522980336413,-46.5082702636719
17.2686170212766,56.4522980336413,-51.2582702636719
17.336170212766,56.4522980336413,-49.6882667541504
17.4037234042553,56.4522980336413,-54.4878234863281
17.4712765957447,56.4522980336413,-51.2278251647949
17.538829787234,56.4522980336413,-44.1278228759766
17.6063829787234,56.4522980336413,-41.1278228759766
17.6739361702128,56.4522980336413,-43.1778221130371
17.7414893617021,56.4522980336413,-46.5278244018555
17.8090425531915,56.4522980336413,-50.0278244018555
17.8765957446809,56.4522980336413,-52.1978225708008
17.9441489361702,56.4522980336413,-46.7223243713379
18.0117021276596,56.4522980336413,-41.8223266601562
18.0792553191489,56.4522980336413,-36.5823249816895
18.1468085106383,56.4522980336413,-26.1023254394531
18.2143617021277,56.4522980336413,-23.3723258972168
18.281914893617,56.4522980336413,-28.5423259735107
18.3494680851064,56.4522980336413,-26.5123252868652
18.4170212765957,56.4522980336413,-27.5863151550293
18.4845744680851,56.4522980336413,-29.2463150024414
18.5521276595745,56.4522980336413,-44.0063133239746
18.6196808510638,56.4522980336413,-73.6363143920898
18.6872340425532,56.4522980336413,-87.2163162231445
18.7547872340426,56.4522980336413,-98.0563125610352
18.8223404255319,56.4522980336413,-114.89631652832
18.8898936170213,56.4522980336413,-124.726318359375
18.9574468085106,56.4522980336413,-118.448249816895
19.025,56.4522980336413,-111.948249816895
19.0925531914894,56.4522980336413,-114.998245239258
19.1601063829787,56.4522980336413,-122.518249511719
19.2276595744681,56.4522980336413,-128.568252563477
19.2952127659575,56.4522980336413,-131.03825378418
19.3627659574468,56.4522980336413,-132.978240966797
19.4303191489362,56.4522980336413,-137.108245849609
19.4978723404255,56.4522980336413,-140.385406494141
19.5654255319149,56.4522980336413,-141.29541015625
19.6329787234043,56.4522980336413,-135.86540222168
19.7005319148936,56.4522980336413,-128.665405273438
19.768085106383,56.4522980336413,-115.745407104492
19.8356382978723,56.4522980336413,-104.62540435791
19.9031914893617,56.4522980336413,-97.2954025268555
19.9707446808511,56.4522980336413,-88.7154083251953
20.0382978723404,56.4522980336413,-84.5982437133789
20.1058510638298,56.4522980336413,-81.5282440185547
20.1734042553191,56.4522980336413,-76.3382415771484
20.2409574468085,56.4522980336413,-71.9982452392578
20.3085106382979,56.4522980336413,-62.2782440185547
20.3760638297872,56.4522980336413,-50.5182418823242
20.4436170212766,56.4522980336413,-41.0382423400879
20.511170212766,56.4522980336413,-36.6182441711426
20.5787234042553,56.4522980336413,-32.8358345031738
20.6462765957447,56.4522980336413,-29.7858333587646
20.713829787234,56.4522980336413,-26.595832824707
20.7813829787234,56.4522980336413,-21.2358341217041
20.8489361702128,56.4522980336413,-17.9258346557617
20.9164893617021,56.4522980336413,-14.1858339309692
20.9840425531915,56.4522980336413,-6.6758337020874
21.0515957446809,56.4522980336413,1.40416622161865
21.1191489361702,56.4522980336413,2.65820503234863
21.1867021276596,56.4522980336413,13.5682048797607
21.2542553191489,56.4522980336413,19.968204498291
21.3218085106383,56.4522980336413,25.2382049560547
21.3893617021277,56.4522980336413,35.0382041931152
21.456914893617,56.4522980336413,32.4482040405273
21.5244680851064,56.4522980336413,39.3582038879395
21.5920212765957,56.4522980336413,56.7882041931152
21.6595744680851,56.4522980336413,74.0950698852539
21.7271276595745,56.4522980336413,103.325065612793
21.7946808510638,56.4522980336413,126.855072021484
21.8622340425532,56.4522980336413,144.395065307617
21.9297872340426,56.4522980336413,127.415069580078
21.9973404255319,56.4522980336413,113.695068359375
22.0648936170213,56.4522980336413,92.8450698852539
22.1324468085106,56.4522980336413,68.6850662231445
22.2,56.4522980336413,60.8708763122559
9.5,56.3840993445471,43.917797088623
9.56755319148936,56.3840993445471,32.8177947998047
9.63510638297872,56.3840993445471,43.8477973937988
9.70265957446808,56.3840993445471,50.4677963256836
9.77021276595745,56.3840993445471,56.0577964782715
9.83776595744681,56.3840993445471,38.0254669189453
9.90531914893617,56.3840993445471,55.8054656982422
9.97287234042553,56.3840993445471,44.8854675292969
10.0404255319149,56.3840993445471,49.6654663085938
10.1079787234043,56.3840993445471,45.0854682922363
10.1755319148936,56.3840993445471,38.3254661560059
10.243085106383,56.3840993445471,35.2254676818848
10.3106382978723,56.3840993445471,29.5154666900635
10.3781914893617,56.3840993445471,17.2363891601562
10.4457446808511,56.3840993445471,14.8363885879517
10.5132978723404,56.3840993445471,17.4463882446289
10.5808510638298,56.3840993445471,14.0063886642456
10.6484042553192,56.3840993445471,11.8863887786865
10.7159574468085,56.3840993445471,21.7363891601562
10.7835106382979,56.3840993445471,24.416389465332
10.8510638297872,56.3840993445471,6.60638904571533
10.9186170212766,56.3840993445471,-9.93118667602539
10.986170212766,56.3840993445471,-17.8611869812012
11.0537234042553,56.3840993445471,-19.5611877441406
11.1212765957447,56.3840993445471,-19.4211864471436
11.188829787234,56.3840993445471,-21.1811866760254
11.2563829787234,56.3840993445471,-21.3211860656738
11.3239361702128,56.3840993445471,-20.3911876678467
11.3914893617021,56.3840993445471,-20.1511878967285
11.4590425531915,56.3840993445471,-20.3482990264893
11.5265957446809,56.3840993445471,-21.8482990264893
11.5941489361702,56.3840993445471,-25.9782981872559
11.6617021276596,56.3840993445471,-24.528299331665
11.7292553191489,56.3840993445471,-24.5982990264893
11.7968085106383,56.3840993445471,-28.6682987213135
11.8643617021277,56.3840993445471,-30.7082996368408
11.931914893617,56.3840993445471,-31.6782989501953
11.9994680851064,56.3840993445471,-31.8119564056396
12.0670212765957,56.3840993445471,-31.2419567108154
12.1345744680851,56.3840993445471,-33.2519569396973
12.2021276595745,56.3840993445471,-32.7219581604004
12.2696808510638,56.3840993445471,-30.9519577026367
12.3372340425532,56.3840993445471,-28.6919574737549
12.4047872340426,56.3840993445471,-26.1219577789307
12.4723404255319,56.3840993445471,-24.4919567108154
12.5398936170213,56.3840993445471,-23.1267738342285
12.6074468085106,56.3840993445471,-14.7267742156982
12.675,56.3840993445471,4.17322635650635
12.7425531914894,56.3840993445471,42.733226776123
12.8101063829787,56.3840993445471,111.093223571777
12.8776595744681,56.3840993445471,157.423233032227
12.9452127659574,56.3840993445471,170.80322265625
13.0127659574468,56.3840993445471,171.383224487305
13.0803191489362,56.3840993445471,137.297729492188
13.1478723404255,56.3840993445471,102.707725524902
13.2154255319149,56.3840993445471,86.537727355957
13.2829787234043,56.3840993445471,103.16773223877
13.3505319148936,56.3840993445471,115.487731933594
13.418085106383,56.3840993445471,118.99772644043
13.4856382978723,56.3840993445471,120.99772644043
13.5531914893617,56.3840993445471,122.367729187012
13.6207446808511,56.3840993445471,111.013465881348
13.6882978723404,56.3840993445471,115.603462219238
13.7558510638298,56.3840993445471,113.563461303711
13.8234042553192,56.3840993445471,95.3934631347656
13.8909574468085,56.3840993445471,85.8134613037109
13.9585106382979,56.3840993445471,81.6434631347656
14.0260638297872,56.3840993445471,80.3534622192383
14.0936170212766,56.3840993445471,95.803466796875
14.161170212766,56.3840993445471,110.063484191895
14.2287234042553,56.3840993445471,112.393486022949
14.2962765957447,56.3840993445471,114.053489685059
14.363829787234,56.3840993445471,115.90348815918
14.4313829787234,56.3840993445471,117.383483886719
14.4989361702128,56.3840993445471,120.523483276367
14.5664893617021,56.3840993445471,126.713485717773
14.6340425531915,56.3840993445471,134.593490600586
14.7015957446809,56.3840993445471,126.248695373535
14.7691489361702,56.3840993445471,124.478698730469
14.8367021276596,56.3840993445471,114.958702087402
14.9042553191489,56.3840993445471,110.978698730469
14.9718085106383,56.3840993445471,110.188697814941
15.0393617021277,56.3840993445471,97.1086959838867
15.106914893617,56.3840993445471,95.5786972045898
15.1744680851064,56.3840993445471,102.518699645996
15.2420212765957,56.3840993445471,95.9166564941406
15.3095744680851,56.3840993445471,99.456657409668
15.3771276595745,56.3840993445471,100.926658630371
15.4446808510638,56.3840993445471,95.8966598510742
15.5122340425532,56.3840993445471,98.1366577148438
15.5797872340426,56.3840993445471,97.9266586303711
15.6473404255319,56.3840993445471,110.386657714844
15.7148936170213,56.3840993445471,105.766654968262
15.7824468085106,56.3840993445471,93.7644805908203
15.85,56.3840993445471,74.9444808959961
15.9175531914894,56.3840993445471,53.8544807434082
15.9851063829787,56.3840993445471,24.9444789886475
16.0526595744681,56.3840993445471,11.8544797897339
16.1202127659574,56.3840993445471,-4.01552057266235
16.1877659574468,56.3840993445471,-17.1855201721191
16.2553191489362,56.3840993445471,-21.6755199432373
16.3228723404255,56.3840993445471,-18.0075454711914
16.3904255319149,56.3840993445471,-10.2975444793701
16.4579787234043,56.3840993445471,22.0624561309814
16.5255319148936,56.3840993445471,17.2524547576904
16.593085106383,56.3840993445471,-1.50754475593567
16.6606382978723,56.3840993445471,-18.057544708252
16.7281914893617,56.3840993445471,-39.907543182373
16.7957446808511,56.3840993445471,-61.057544708252
16.8632978723404,56.3840993445471,-57.6900939941406
16.9308510638298,56.3840993445471,-59.170093536377
16.9984042553192,56.3840993445471,-58.480094909668
17.0659574468085,56.3840993445471,-50.7800941467285
17.1335106382979,56.3840993445471,-42.3800926208496
17.2010638297872,56.3840993445471,-42.9400939941406
17.2686170212766,56.3840993445471,-46.1000938415527
17.336170212766,56.3840993445471,-44.1000938415527
17.4037234042553,56.3840993445471,-41.4358863830566
17.4712765957447,56.3840993445471,-38.9258842468262
17.538829787234,56.3840993445471,-34.4758834838867
17.6063829787234,56.3840993445471,-32.1158828735352
17.6739361702128,56.3840993445471,-39.855884552002
17.7414893617021,56.3840993445471,-45.9358863830566
17.8090425531915,56.3840993445471,-49.8058853149414
17.8765957446809,56.3840993445471,-50.3658828735352
17.9441489361702,56.3840993445471,-39.1759338378906
18.0117021276596,56.3840993445471,-40.965934753418
18.0792553191489,56.3840993445471,-37.6159362792969
18.1468085106383,56.3840993445471,-28.1059341430664
18.2143617021277,56.3840993445471,-28.8159351348877
18.281914893617,56.3840993445471,-29.1659336090088
18.3494680851064,56.3840993445471,-28.9759349822998
18.4170212765957,56.3840993445471,-36.5706024169922
18.4845744680851,56.3840993445471,-50.8006019592285
18.5521276595745,56.3840993445471,-72.6706008911133
18.6196808510638,56.3840993445471,-91.1605987548828
18.6872340425532,56.3840993445471,-102.44059753418
18.7547872340426,56.3840993445471,-114.880599975586
18.8223404255319,56.3840993445471,-112.990600585938
18.8898936170213,56.3840993445471,-110.330604553223
18.9574468085106,56.3840993445471,-110.274085998535
19.025,56.3840993445471,-112.914085388184
19.0925531914894,56.3840993445471,-121.034080505371
19.1601063829787,56.3840993445471,-126.544082641602
19.2276595744681,56.3840993445471,-129.634078979492
19.2952127659575,56.3840993445471,-131.504089355469
19.3627659574468,56.3840993445471,-132.954086303711
19.4303191489362,56.3840993445471,-136.654083251953
19.4978723404255,56.3840993445471,-136.959533691406
19.5654255319149,56.3840993445471,-128.389526367188
19.6329787234043,56.3840993445471,-119.809532165527
19.7005319148936,56.3840993445471,-107.989532470703
19.768085106383,56.3840993445471,-94.3195343017578
19.8356382978723,56.3840993445471,-87.1495361328125
19.9031914893617,56.3840993445471,-79.2195358276367
19.9707446808511,56.3840993445471,-73.9795303344727
20.0382978723404,56.3840993445471,-71.9943771362305
20.1058510638298,56.3840993445471,-70.3643798828125
20.1734042553191,56.3840993445471,-63.9943771362305
20.2409574468085,56.3840993445471,-54.8843765258789
20.3085106382979,56.3840993445471,-46.5543785095215
20.3760638297872,56.3840993445471,-38.8143768310547
20.4436170212766,56.3840993445471,-32.9943771362305
20.511170212766,56.3840993445471,-32.5143775939941
20.5787234042553,56.3840993445471,-33.2168235778809
20.6462765957447,56.3840993445471,-30.3868255615234
20.713829787234,56.3840993445471,-27.4668254852295
20.7813829787234,56.3840993445471,-23.3668251037598
20.8489361702128,56.3840993445471,-19.496826171875
20.9164893617021,56.3840993445471,-12.2368249893188
20.9840425531915,56.3840993445471,0.0431747436523438
21.0515957446809,56.3840993445471,1.15317475795746
21.1191489361702,56.3840993445471,2.82638502120972
21.1867021276596,56.3840993445471,12.3363847732544
21.2542553191489,56.3840993445471,17.736385345459
21.3218085106383,56.3840993445471,27.7163848876953
21.3893617021277,56.3840993445471,29.1963844299316
21.456914893617,56.3840993445471,19.7063846588135
21.5244680851064,56.3840993445471,29.5763854980469
21.5920212765957,56.3840993445471,35.6063842773438
21.6595744680851,56.3840993445471,45.9564247131348
21.7271276595745,56.3840993445471,74.8164215087891
21.7946808510638,56.3840993445471,105.556427001953
21.8622340425532,56.3840993445471,121.616424560547
21.9297872340426,56.3840993445471,130.65641784668
21.9973404255319,56.3840993445471,110.866424560547
22.0648936170213,56.3840993445471,99.0564270019531
22.1324468085106,56.3840993445471,77.1864242553711
22.2,56.3840993445471,65.818115234375
9.5,56.3159006554529,49.2677955627441
9.56755319148936,56.3159006554529,32.107795715332
9.63510638297872,56.3159006554529,39.6177978515625
9.70265957446808,56.3159006554529,54.4277954101562
9.77021276595745,56.3159006554529,75.4077987670898
9.83776595744681,56.3159006554529,64.0654678344727
9.90531914893617,56.3159006554529,66.5354690551758
9.97287234042553,56.3159006554529,58.6454658508301
10.0404255319149,56.3159006554529,50.3654670715332
10.1079787234043,56.3159006554529,60.5054664611816
10.1755319148936,56.3159006554529,70.3754653930664
10.243085106383,56.3159006554529,56.8054656982422
10.3106382978723,56.3159006554529,33.5854682922363
10.3781914893617,56.3159006554529,25.106388092041
10.4457446808511,56.3159006554529,25.0963897705078
10.5132978723404,56.3159006554529,21.5963897705078
10.5808510638298,56.3159006554529,23.0663890838623
10.6484042553192,56.3159006554529,24.4463882446289
10.7159574468085,56.3159006554529,27.4663887023926
10.7835106382979,56.3159006554529,13.8563890457153
10.8510638297872,56.3159006554529,-9.52361106872559
10.9186170212766,56.3159006554529,-16.5011863708496
10.986170212766,56.3159006554529,-19.9911861419678
11.0537234042553,56.3159006554529,-22.4011878967285
11.1212765957447,56.3159006554529,-21.7411861419678
11.188829787234,56.3159006554529,-19.1411876678467
11.2563829787234,56.3159006554529,-17.6111869812012
11.3239361702128,56.3159006554529,-19.7411861419678
11.3914893617021,56.3159006554529,-20.3211860656738
11.4590425531915,56.3159006554529,-17.8582992553711
11.5265957446809,56.3159006554529,-20.8682994842529
11.5941489361702,56.3159006554529,-25.0782985687256
11.6617021276596,56.3159006554529,-18.3982982635498
11.7292553191489,56.3159006554529,-10.9682989120483
11.7968085106383,56.3159006554529,-19.1282997131348
11.8643617021277,56.3159006554529,-25.138298034668
11.931914893617,56.3159006554529,-29.2482986450195
11.9994680851064,56.3159006554529,-30.7019577026367
12.0670212765957,56.3159006554529,-31.2019577026367
12.1345744680851,56.3159006554529,-30.7319564819336
12.2021276595745,56.3159006554529,-29.9619560241699
12.2696808510638,56.3159006554529,-28.7019577026367
12.3372340425532,56.3159006554529,-26.9819564819336
12.4047872340426,56.3159006554529,-22.7819576263428
12.4723404255319,56.3159006554529,3.42804312705994
12.5398936170213,56.3159006554529,-6.54677391052246
12.6074468085106,56.3159006554529,-19.1667747497559
12.675,56.3159006554529,-15.6567735671997
12.7425531914894,56.3159006554529,-0.616773843765259
12.8101063829787,56.3159006554529,17.1332263946533
12.8776595744681,56.3159006554529,30.9332256317139
12.9452127659574,56.3159006554529,72.2632293701172
13.0127659574468,56.3159006554529,72.2532272338867
13.0803191489362,56.3159006554529,84.0977325439453
13.1478723404255,56.3159006554529,109.637725830078
13.2154255319149,56.3159006554529,125.907730102539
13.2829787234043,56.3159006554529,117.287727355957
13.3505319148936,56.3159006554529,110.25772857666
13.418085106383,56.3159006554529,121.657730102539
13.4856382978723,56.3159006554529,125.787727355957
13.5531914893617,56.3159006554529,130.097732543945
13.6207446808511,56.3159006554529,111.903465270996
13.6882978723404,56.3159006554529,104.453460693359
13.7558510638298,56.3159006554529,87.9134674072266
13.8234042553192,56.3159006554529,81.8234634399414
13.8909574468085,56.3159006554529,88.2734680175781
13.9585106382979,56.3159006554529,78.9934616088867
14.0260638297872,56.3159006554529,62.4634628295898
14.0936170212766,56.3159006554529,60.2534637451172
14.161170212766,56.3159006554529,86.6734848022461
14.2287234042553,56.3159006554529,98.3534851074219
14.2962765957447,56.3159006554529,97.693489074707
14.363829787234,56.3159006554529,90.0934829711914
14.4313829787234,56.3159006554529,91.3834838867188
14.4989361702128,56.3159006554529,86.3534851074219
14.5664893617021,56.3159006554529,105.393486022949
14.6340425531915,56.3159006554529,112.943489074707
14.7015957446809,56.3159006554529,97.3087005615234
14.7691489361702,56.3159006554529,86.7486953735352
14.8367021276596,56.3159006554529,85.1886978149414
14.9042553191489,56.3159006554529,82.0386962890625
14.9718085106383,56.3159006554529,75.7686996459961
15.0393617021277,56.3159006554529,65.8286972045898
15.106914893617,56.3159006554529,63.7486991882324
15.1744680851064,56.3159006554529,58.5786972045898
15.2420212765957,56.3159006554529,65.2366561889648
15.3095744680851,56.3159006554529,68.4966583251953
15.3771276595745,56.3159006554529,73.6366577148438
15.4446808510638,56.3159006554529,57.5866584777832
15.5122340425532,56.3159006554529,65.1866607666016
15.5797872340426,56.3159006554529,84.7466583251953
15.6473404255319,56.3159006554529,87.5866546630859
15.7148936170213,56.3159006554529,82.8866577148438
15.7824468085106,56.3159006554529,81.4244766235352
15.85,56.3159006554529,81.5844802856445
15.9175531914894,56.3159006554529,52.7544784545898
15.9851063829787,56.3159006554529,21.5644798278809
16.0526595744681,56.3159006554529,5.89447975158691
16.1202127659574,56.3159006554529,-10.8255205154419
16.1877659574468,56.3159006554529,-20.1655197143555
16.2553191489362,56.3159006554529,-23.2655200958252
16.3228723404255,56.3159006554529,-23.5475444793701
16.3904255319149,56.3159006554529,-12.597544670105
16.4579787234043,56.3159006554529,13.1224555969238
16.5255319148936,56.3159006554529,5.75245523452759
16.593085106383,56.3159006554529,-11.2475442886353
16.6606382978723,56.3159006554529,-29.1175441741943
16.7281914893617,56.3159006554529,-57.0075454711914
16.7957446808511,56.3159006554529,-56.1975440979004
16.8632978723404,56.3159006554529,-54.2400932312012
16.9308510638298,56.3159006554529,-50.0600929260254
16.9984042553192,56.3159006554529,-49.6600952148438
17.0659574468085,56.3159006554529,-45.6100921630859
17.1335106382979,56.3159006554529,-41.670093536377
17.2010638297872,56.3159006554529,-36.3300933837891
17.2686170212766,56.3159006554529,-36.6200942993164
17.336170212766,56.3159006554529,-35.1200942993164
17.4037234042553,56.3159006554529,-30.4458847045898
17.4712765957447,56.3159006554529,-26.2758846282959
17.538829787234,56.3159006554529,-26.6958847045898
17.6063829787234,56.3159006554529,-28.3058853149414
17.6739361702128,56.3159006554529,-33.6558837890625
17.7414893617021,56.3159006554529,-44.4358863830566
17.8090425531915,56.3159006554529,-47.4058837890625
17.8765957446809,56.3159006554529,-45.205883026123
17.9441489361702,56.3159006554529,-34.5759353637695
18.0117021276596,56.3159006554529,-42.7359352111816
18.0792553191489,56.3159006554529,-37.0859336853027
18.1468085106383,56.3159006554529,-31.2759342193604
18.2143617021277,56.3159006554529,-31.8459339141846
18.281914893617,56.3159006554529,-35.6159362792969
18.3494680851064,56.3159006554529,-40.8459358215332
18.4170212765957,56.3159006554529,-55.5606002807617
18.4845744680851,56.3159006554529,-66.9105987548828
18.5521276595745,56.3159006554529,-88.1006011962891
18.6196808510638,56.3159006554529,-107.120597839355
18.6872340425532,56.3159006554529,-113.040603637695
18.7547872340426,56.3159006554529,-105.010597229004
18.8223404255319,56.3159006554529,-101.670600891113
18.8898936170213,56.3159006554529,-107.060600280762
18.9574468085106,56.3159006554529,-112.68408203125
19.025,56.3159006554529,-119.704086303711
19.0925531914894,56.3159006554529,-125.68408203125
19.1601063829787,56.3159006554529,-127.494079589844
19.2276595744681,56.3159006554529,-130.144088745117
19.2952127659575,56.3159006554529,-130.174087524414
19.3627659574468,56.3159006554529,-131.024078369141
19.4303191489362,56.3159006554529,-128.344085693359
19.4978723404255,56.3159006554529,-121.109535217285
19.5654255319149,56.3159006554529,-107.859535217285
19.6329787234043,56.3159006554529,-89.8395309448242
19.7005319148936,56.3159006554529,-78.9395370483398
19.768085106383,56.3159006554529,-70.9795303344727
19.8356382978723,56.3159006554529,-67.1795349121094
19.9031914893617,56.3159006554529,-67.889533996582
19.9707446808511,56.3159006554529,-64.9095306396484
20.0382978723404,56.3159006554529,-59.7843780517578
20.1058510638298,56.3159006554529,-54.8943786621094
20.1734042553191,56.3159006554529,-50.4643783569336
20.2409574468085,56.3159006554529,-45.6543769836426
20.3085106382979,56.3159006554529,-39.5043754577637
20.3760638297872,56.3159006554529,-36.3243789672852
20.4436170212766,56.3159006554529,-33.3743782043457
20.511170212766,56.3159006554529,-30.6343765258789
20.5787234042553,56.3159006554529,-32.6668243408203
20.6462765957447,56.3159006554529,-33.2068252563477
20.713829787234,56.3159006554529,-29.746826171875
20.7813829787234,56.3159006554529,-25.1768245697021
20.8489361702128,56.3159006554529,-19.3468246459961
20.9164893617021,56.3159006554529,-14.5868253707886
20.9840425531915,56.3159006554529,-2.68682527542114
21.0515957446809,56.3159006554529,2.33317470550537
21.1191489361702,56.3159006554529,4.39638519287109
21.1867021276596,56.3159006554529,12.3563852310181
21.2542553191489,56.3159006554529,18.0563850402832
21.3218085106383,56.3159006554529,21.2163848876953
21.3893617021277,56.3159006554529,32.9163856506348
21.456914893617,56.3159006554529,25.316385269165
21.5244680851064,56.3159006554529,21.8963851928711
21.5920212765957,56.3159006554529,25.7963848114014
21.6595744680851,56.3159006554529,32.5764236450195
21.7271276595745,56.3159006554529,47.276424407959
21.7946808510638,56.3159006554529,67.2364273071289
21.8622340425532,56.3159006554529,93.5564270019531
21.9297872340426,56.3159006554529,109.656425476074
21.9973404255319,56.3159006554529,103.356422424316
22.0648936170213,56.3159006554529,95.9164199829102
22.1324468085106,56.3159006554529,76.5564270019531
22.2,56.3159006554529,72.9181213378906
9.5,56.2477019663587,62.9077949523926
9.56755319148936,56.2477019663587,55.1877975463867
9.63510638297872,56.2477019663587,48.2677955627441
9.70265957446808,56.2477019663587,60.4677963256836
9.77021276595745,56.2477019663587,64.6677932739258
9.83776595744681,56.2477019663587,82.3354644775391
9.90531914893617,56.2477019663587,77.5054702758789
9.97287234042553,56.2477019663587,64.985466003418
10.0404255319149,56.2477019663587,51.4054679870605
10.1079787234043,56.2477019663587,56.795467376709
10.1755319148936,56.2477019663587,36.545467376709
10.243085106383,56.2477019663587,14.1754665374756
10.3106382978723,56.2477019663587,-5.62453317642212
10.3781914893617,56.2477019663587,-5.16361093521118
10.4457446808511,56.2477019663587,33.7063903808594
10.5132978723404,56.2477019663587,43.226390838623
10.5808510638298,56.2477019663587,14.916389465332
10.6484042553192,56.2477019663587,11.2063894271851
10.7159574468085,56.2477019663587,-3.42361092567444
10.7835106382979,56.2477019663587,-16.9036102294922
10.8510638297872,56.2477019663587,-20.2636108398438
10.9186170212766,56.2477019663587,-20.1611862182617
10.986170212766,56.2477019663587,-22.871187210083
11.0537234042553,56.2477019663587,-22.9211864471436
11.1212765957447,56.2477019663587,-16.7611865997314
11.188829787234,56.2477019663587,-14.3811874389648
11.2563829787234,56.2477019663587,-20.3811874389648
11.3239361702128,56.2477019663587,-20.2211875915527
11.3914893617021,56.2477019663587,-21.1711864471436
11.4590425531915,56.2477019663587,-22.5482997894287
11.5265957446809,56.2477019663587,-23.2982997894287
11.5941489361702,56.2477019663587,-22.1082992553711
11.6617021276596,56.2477019663587,-18.8082981109619
11.7292553191489,56.2477019663587,-20.9882984161377
11.7968085106383,56.2477019663587,-23.9082984924316
11.8643617021277,56.2477019663587,-25.9782981872559
11.931914893617,56.2477019663587,-27.6682987213135
11.9994680851064,56.2477019663587,-26.8119564056396
12.0670212765957,56.2477019663587,-27.3019561767578
12.1345744680851,56.2477019663587,-26.3819561004639
12.2021276595745,56.2477019663587,-25.9019565582275
12.2696808510638,56.2477019663587,-25.5019569396973
12.3372340425532,56.2477019663587,-24.7119560241699
12.4047872340426,56.2477019663587,-23.681957244873
12.4723404255319,56.2477019663587,-12.7519569396973
12.5398936170213,56.2477019663587,15.4932260513306
12.6074468085106,56.2477019663587,9.45322608947754
12.675,56.2477019663587,-2.26677393913269
12.7425531914894,56.2477019663587,-1.46677386760712
12.8101063829787,56.2477019663587,5.5032262802124
12.8776595744681,56.2477019663587,18.2832260131836
12.9452127659574,56.2477019663587,21.8632259368896
13.0127659574468,56.2477019663587,45.5832252502441
13.0803191489362,56.2477019663587,91.0877304077148
13.1478723404255,56.2477019663587,91.6577301025391
13.2154255319149,56.2477019663587,92.8377304077148
13.2829787234043,56.2477019663587,104.887725830078
13.3505319148936,56.2477019663587,111.24772644043
13.418085106383,56.2477019663587,128.827728271484
13.4856382978723,56.2477019663587,121.74772644043
13.5531914893617,56.2477019663587,123.437728881836
13.6207446808511,56.2477019663587,110.653465270996
13.6882978723404,56.2477019663587,83.7234649658203
13.7558510638298,56.2477019663587,64.6534652709961
13.8234042553192,56.2477019663587,64.4634628295898
13.8909574468085,56.2477019663587,56.3434638977051
13.9585106382979,56.2477019663587,64.7234649658203
14.0260638297872,56.2477019663587,55.373462677002
14.0936170212766,56.2477019663587,39.9734649658203
14.161170212766,56.2477019663587,62.5434875488281
14.2287234042553,56.2477019663587,89.4134826660156
14.2962765957447,56.2477019663587,93.6134872436523
14.363829787234,56.2477019663587,111.323486328125
14.4313829787234,56.2477019663587,108.883483886719
14.4989361702128,56.2477019663587,89.5434875488281
14.5664893617021,56.2477019663587,66.073486328125
14.6340425531915,56.2477019663587,54.7834854125977
14.7015957446809,56.2477019663587,47.4687004089355
14.7691489361702,56.2477019663587,51.048698425293
14.8367021276596,56.2477019663587,53.4186973571777
14.9042553191489,56.2477019663587,47.0986976623535
14.9718085106383,56.2477019663587,42.3286972045898
15.0393617021277,56.2477019663587,36.1186981201172
15.106914893617,56.2477019663587,32.4687004089355
15.1744680851064,56.2477019663587,38.6586990356445
15.2420212765957,56.2477019663587,36.5466575622559
15.3095744680851,56.2477019663587,38.8266563415527
15.3771276595745,56.2477019663587,40.3666572570801
15.4446808510638,56.2477019663587,40.8566589355469
15.5122340425532,56.2477019663587,42.6166572570801
15.5797872340426,56.2477019663587,40.9866561889648
15.6473404255319,56.2477019663587,39.0866584777832
15.7148936170213,56.2477019663587,51.1766586303711
15.7824468085106,56.2477019663587,64.7944793701172
15.85,56.2477019663587,58.5444793701172
15.9175531914894,56.2477019663587,40.7944793701172
15.9851063829787,56.2477019663587,13.9944791793823
16.0526595744681,56.2477019663587,-1.96552050113678
16.1202127659574,56.2477019663587,-15.695520401001
16.1877659574468,56.2477019663587,-21.8055210113525
16.2553191489362,56.2477019663587,-28.6155204772949
16.3228723404255,56.2477019663587,-29.2175445556641
16.3904255319149,56.2477019663587,-18.0075454711914
16.4579787234043,56.2477019663587,3.87245535850525
16.5255319148936,56.2477019663587,-7.25754451751709
16.593085106383,56.2477019663587,-23.6575450897217
16.6606382978723,56.2477019663587,-47.7275428771973
16.7281914893617,56.2477019663587,-56.2975463867188
16.7957446808511,56.2477019663587,-41.4675445556641
16.8632978723404,56.2477019663587,-48.5700950622559
16.9308510638298,56.2477019663587,-37.2000923156738
16.9984042553192,56.2477019663587,-36.670093536377
17.0659574468085,56.2477019663587,-35.6100921630859
17.1335106382979,56.2477019663587,-32.730094909668
17.2010638297872,56.2477019663587,-28.8000926971436
17.2686170212766,56.2477019663587,-26.0700931549072
17.336170212766,56.2477019663587,-25.9500942230225
17.4037234042553,56.2477019663587,-23.3258838653564
17.4712765957447,56.2477019663587,-23.4958839416504
17.538829787234,56.2477019663587,-24.605884552002
17.6063829787234,56.2477019663587,-27.8158855438232
17.6739361702128,56.2477019663587,-34.9058837890625
17.7414893617021,56.2477019663587,-40.3658828735352
17.8090425531915,56.2477019663587,-35.7658843994141
17.8765957446809,56.2477019663587,-45.3658828735352
17.9441489361702,56.2477019663587,-49.2859344482422
18.0117021276596,56.2477019663587,-43.4559326171875
18.0792553191489,56.2477019663587,-37.7259330749512
18.1468085106383,56.2477019663587,-36.6859359741211
18.2143617021277,56.2477019663587,-39.3559341430664
18.281914893617,56.2477019663587,-44.4959335327148
18.3494680851064,56.2477019663587,-58.2259330749512
18.4170212765957,56.2477019663587,-69.1006011962891
18.4845744680851,56.2477019663587,-88.6905975341797
18.5521276595745,56.2477019663587,-107.040603637695
18.6196808510638,56.2477019663587,-108.560600280762
18.6872340425532,56.2477019663587,-102.260597229004
18.7547872340426,56.2477019663587,-94.1706008911133
18.8223404255319,56.2477019663587,-100.370597839355
18.8898936170213,56.2477019663587,-111.960601806641
18.9574468085106,56.2477019663587,-119.994079589844
19.025,56.2477019663587,-124.384086608887
19.0925531914894,56.2477019663587,-126.014083862305
19.1601063829787,56.2477019663587,-127.094085693359
19.2276595744681,56.2477019663587,-128.254089355469
19.2952127659575,56.2477019663587,-129.854080200195
19.3627659574468,56.2477019663587,-122.69408416748
19.4303191489362,56.2477019663587,-111.014083862305
19.4978723404255,56.2477019663587,-102.079536437988
19.5654255319149,56.2477019663587,-83.6695327758789
19.6329787234043,56.2477019663587,-62.0495338439941
19.7005319148936,56.2477019663587,-62.0995330810547
19.768085106383,56.2477019663587,-57.3695335388184
19.8356382978723,56.2477019663587,-57.0995330810547
19.9031914893617,56.2477019663587,-60.6695327758789
19.9707446808511,56.2477019663587,-58.2495346069336
20.0382978723404,56.2477019663587,-54.3243789672852
20.1058510638298,56.2477019663587,-53.1843757629395
20.1734042553191,56.2477019663587,-49.1843757629395
20.2409574468085,56.2477019663587,-43.1643753051758
20.3085106382979,56.2477019663587,-38.9643783569336
20.3760638297872,56.2477019663587,-34.9743766784668
20.4436170212766,56.2477019663587,-32.7443771362305
20.511170212766,56.2477019663587,-31.1643772125244
20.5787234042553,56.2477019663587,-33.1368255615234
20.6462765957447,56.2477019663587,-34.746826171875
20.713829787234,56.2477019663587,-32.3068237304688
20.7813829787234,56.2477019663587,-25.0868244171143
20.8489361702128,56.2477019663587,-18.2168254852295
20.9164893617021,56.2477019663587,-11.9468250274658
20.9840425531915,56.2477019663587,-1.90682530403137
21.0515957446809,56.2477019663587,2.54317474365234
21.1191489361702,56.2477019663587,8.0563850402832
21.1867021276596,56.2477019663587,14.8863849639893
21.2542553191489,56.2477019663587,18.2563858032227
21.3218085106383,56.2477019663587,34.8863868713379
21.3893617021277,56.2477019663587,37.1063842773438
21.456914893617,56.2477019663587,38.676383972168
21.5244680851064,56.2477019663587,35.4663848876953
21.5920212765957,56.2477019663587,40.0863838195801
21.6595744680851,56.2477019663587,50.9964218139648
21.7271276595745,56.2477019663587,65.466423034668
21.7946808510638,56.2477019663587,78.3064270019531
21.8622340425532,56.2477019663587,91.7864227294922
21.9297872340426,56.2477019663587,96.3864212036133
21.9973404255319,56.2477019663587,99.6264266967773
22.0648936170213,56.2477019663587,102.006423950195
22.1324468085106,56.2477019663587,98.1964263916016
22.2,56.2477019663587,94.9981155395508
9.5,56.1795032772645,41.2477951049805
9.56755319148936,56.1795032772645,54.1877975463867
9.63510638297872,56.1795032772645,63.4677963256836
9.70265957446808,56.1795032772645,88.0377960205078
9.77021276595745,56.1795032772645,74.4977951049805
9.83776595744681,56.1795032772645,58.7454681396484
9.90531914893617,56.1795032772645,46.9054679870605
9.97287234042553,56.1795032772645,35.735466003418
10.0404255319149,56.1795032772645,43.8854675292969
10.1079787234043,56.1795032772645,44.735466003418
10.1755319148936,56.1795032772645,9.38546657562256
10.243085106383,56.1795032772645,-13.0445327758789
10.3106382978723,56.1795032772645,-3.4945330619812
10.3781914893617,56.1795032772645,3.37638902664185
10.4457446808511,56.1795032772645,13.2163887023926
10.5132978723404,56.1795032772645,-2.98361110687256
10.5808510638298,56.1795032772645,-7.06361103057861
10.6484042553192,56.1795032772645,15.5863885879517
10.7159574468085,56.1795032772645,-20.4036102294922
10.7835106382979,56.1795032772645,-15.8436107635498
10.8510638297872,56.1795032772645,-17.9336109161377
10.9186170212766,56.1795032772645,-21.6411876678467
10.986170212766,56.1795032772645,-23.9011878967285
11.0537234042553,56.1795032772645,-22.2211875915527
11.1212765957447,56.1795032772645,-16.5511875152588
11.188829787234,56.1795032772645,-20.9911861419678
11.2563829787234,56.1795032772645,-20.9211864471436
11.3239361702128,56.1795032772645,-18.9211864471436
11.3914893617021,56.1795032772645,-20.9711875915527
11.4590425531915,56.1795032772645,-21.6282997131348
11.5265957446809,56.1795032772645,-21.6682987213135
11.5941489361702,56.1795032772645,-21.8982982635498
11.6617021276596,56.1795032772645,-20.0682983398438
11.7292553191489,56.1795032772645,-23.5982990264893
11.7968085106383,56.1795032772645,-24.7082996368408
11.8643617021277,56.1795032772645,-24.1782989501953
11.931914893617,56.1795032772645,-23.2482986450195
11.9994680851064,56.1795032772645,-19.9819564819336
12.0670212765957,56.1795032772645,-20.0919570922852
12.1345744680851,56.1795032772645,-18.6719570159912
12.2021276595745,56.1795032772645,-16.2019577026367
12.2696808510638,56.1795032772645,-16.8019561767578
12.3372340425532,56.1795032772645,-22.0219573974609
12.4047872340426,56.1795032772645,-24.7719573974609
12.4723404255319,56.1795032772645,-21.931957244873
12.5398936170213,56.1795032772645,-0.976773858070374
12.6074468085106,56.1795032772645,7.51322603225708
12.675,56.1795032772645,9.32322597503662
12.7425531914894,56.1795032772645,8.49322605133057
12.8101063829787,56.1795032772645,9.79322624206543
12.8776595744681,56.1795032772645,25.1832256317139
12.9452127659574,56.1795032772645,23.1132259368896
13.0127659574468,56.1795032772645,21.0132255554199
13.0803191489362,56.1795032772645,36.8677291870117
13.1478723404255,56.1795032772645,57.537727355957
13.2154255319149,56.1795032772645,73.3577270507812
13.2829787234043,56.1795032772645,87.1877288818359
13.3505319148936,56.1795032772645,97.787727355957
13.418085106383,56.1795032772645,113.227729797363
13.4856382978723,56.1795032772645,112.077728271484
13.5531914893617,56.1795032772645,112.217727661133
13.6207446808511,56.1795032772645,86.7734680175781
13.6882978723404,56.1795032772645,54.7534637451172
13.7558510638298,56.1795032772645,51.8134651184082
13.8234042553192,56.1795032772645,42.7334632873535
13.8909574468085,56.1795032772645,39.8434638977051
13.9585106382979,56.1795032772645,34.0434646606445
14.0260638297872,56.1795032772645,37.6334648132324
14.0936170212766,56.1795032772645,26.2934646606445
14.161170212766,56.1795032772645,26.3134860992432
14.2287234042553,56.1795032772645,50.5334854125977
14.2962765957447,56.1795032772645,38.6434860229492
14.363829787234,56.1795032772645,63.133487701416
14.4313829787234,56.1795032772645,71.5034866333008
14.4989361702128,56.1795032772645,32.3034858703613
14.5664893617021,56.1795032772645,89.8934860229492
14.6340425531915,56.1795032772645,25.8834857940674
14.7015957446809,56.1795032772645,7.13869905471802
14.7691489361702,56.1795032772645,7.34869909286499
14.8367021276596,56.1795032772645,11.2686986923218
14.9042553191489,56.1795032772645,7.51869916915894
14.9718085106383,56.1795032772645,10.9986991882324
15.0393617021277,56.1795032772645,1.38869905471802
15.106914893617,56.1795032772645,7.67869901657104
15.1744680851064,56.1795032772645,12.7786989212036
15.2420212765957,56.1795032772645,11.1866569519043
15.3095744680851,56.1795032772645,6.36665725708008
15.3771276595745,56.1795032772645,8.36665725708008
15.4446808510638,56.1795032772645,5.7966570854187
15.5122340425532,56.1795032772645,4.46665716171265
15.5797872340426,56.1795032772645,-1.02334272861481
15.6473404255319,56.1795032772645,-0.51334273815155
15.7148936170213,56.1795032772645,4.28665733337402
15.7824468085106,56.1795032772645,9.80447959899902
15.85,56.1795032772645,19.5444793701172
15.9175531914894,56.1795032772645,15.2044792175293
15.9851063829787,56.1795032772645,-5.02552032470703
16.0526595744681,56.1795032772645,-14.1655206680298
16.1202127659574,56.1795032772645,-22.1755199432373
16.1877659574468,56.1795032772645,-31.1655197143555
16.2553191489362,56.1795032772645,-33.4355201721191
16.3228723404255,56.1795032772645,-31.1875438690186
16.3904255319149,56.1795032772645,-16.1575450897217
16.4579787234043,56.1795032772645,-9.32754516601562
16.5255319148936,56.1795032772645,-23.4575443267822
16.593085106383,56.1795032772645,-42.2775459289551
16.6606382978723,56.1795032772645,-54.0675430297852
16.7281914893617,56.1795032772645,-46.5075454711914
16.7957446808511,56.1795032772645,-45.0975456237793
16.8632978723404,56.1795032772645,-37.2400932312012
16.9308510638298,56.1795032772645,-28.3400936126709
16.9984042553192,56.1795032772645,-25.8500938415527
17.0659574468085,56.1795032772645,-25.9600944519043
17.1335106382979,56.1795032772645,-25.5600929260254
17.2010638297872,56.1795032772645,-25.0400943756104
17.2686170212766,56.1795032772645,-23.6200942993164
17.336170212766,56.1795032772645,-19.5300941467285
17.4037234042553,56.1795032772645,-20.8958854675293
17.4712765957447,56.1795032772645,-25.2358856201172
17.538829787234,56.1795032772645,-30.8458843231201
17.6063829787234,56.1795032772645,-36.4858856201172
17.6739361702128,56.1795032772645,-38.0858840942383
17.7414893617021,56.1795032772645,-38.4358863830566
17.8090425531915,56.1795032772645,-38.0258865356445
17.8765957446809,56.1795032772645,-41.8058853149414
17.9441489361702,56.1795032772645,-55.7359352111816
18.0117021276596,56.1795032772645,-47.1959342956543
18.0792553191489,56.1795032772645,-41.1259346008301
18.1468085106383,56.1795032772645,-43.7959327697754
18.2143617021277,56.1795032772645,-49.965934753418
18.281914893617,56.1795032772645,-63.2859344482422
18.3494680851064,56.1795032772645,-72.4059371948242
18.4170212765957,56.1795032772645,-87.9906005859375
18.4845744680851,56.1795032772645,-101.820602416992
18.5521276595745,56.1795032772645,-105.160598754883
18.6196808510638,56.1795032772645,-101.730598449707
18.6872340425532,56.1795032772645,-96.1806030273438
18.7547872340426,56.1795032772645,-95.6205978393555
18.8223404255319,56.1795032772645,-109.850601196289
18.8898936170213,56.1795032772645,-120.680603027344
18.9574468085106,56.1795032772645,-124.094085693359
19.025,56.1795032772645,-124.864082336426
19.0925531914894,56.1795032772645,-125.014083862305
19.1601063829787,56.1795032772645,-124.214080810547
19.2276595744681,56.1795032772645,-126.454086303711
19.2952127659575,56.1795032772645,-123.754081726074
19.3627659574468,56.1795032772645,-106.714080810547
19.4303191489362,56.1795032772645,-94.4440841674805
19.4978723404255,56.1795032772645,-83.0295333862305
19.5654255319149,56.1795032772645,-68.9495315551758
19.6329787234043,56.1795032772645,-55.6895332336426
19.7005319148936,56.1795032772645,-53.949535369873
19.768085106383,56.1795032772645,-54.4095344543457
19.8356382978723,56.1795032772645,-56.4195327758789
19.9031914893617,56.1795032772645,-60.1295318603516
19.9707446808511,56.1795032772645,-59.7795333862305
20.0382978723404,56.1795032772645,-57.4043769836426
20.1058510638298,56.1795032772645,-53.7143783569336
20.1734042553191,56.1795032772645,-44.3743782043457
20.2409574468085,56.1795032772645,-38.604377746582
20.3085106382979,56.1795032772645,-36.8343772888184
20.3760638297872,56.1795032772645,-32.0243759155273
20.4436170212766,56.1795032772645,-31.5943775177002
20.511170212766,56.1795032772645,-33.2343788146973
20.5787234042553,56.1795032772645,-35.7368240356445
20.6462765957447,56.1795032772645,-37.4568252563477
20.713829787234,56.1795032772645,-33.6668243408203
20.7813829787234,56.1795032772645,-25.8468246459961
20.8489361702128,56.1795032772645,-20.4468250274658
20.9164893617021,56.1795032772645,-16.246826171875
20.9840425531915,56.1795032772645,-9.93682479858398
21.0515957446809,56.1795032772645,-0.0668252557516098
21.1191489361702,56.1795032772645,6.0563850402832
21.1867021276596,56.1795032772645,15.5563850402832
21.2542553191489,56.1795032772645,27.5563850402832
21.3218085106383,56.1795032772645,34.0663833618164
21.3893617021277,56.1795032772645,35.8963851928711
21.456914893617,56.1795032772645,39.1463851928711
21.5244680851064,56.1795032772645,45.4463844299316
21.5920212765957,56.1795032772645,49.3463859558105
21.6595744680851,56.1795032772645,63.6564254760742
21.7271276595745,56.1795032772645,76.4464263916016
21.7946808510638,56.1795032772645,95.3864212036133
21.8622340425532,56.1795032772645,119.496421813965
21.9297872340426,56.1795032772645,124.926422119141
21.9973404255319,56.1795032772645,122.206420898438
22.0648936170213,56.1795032772645,123.096420288086
22.1324468085106,56.1795032772645,115.976425170898
22.2,56.1795032772645,113.118118286133
9.5,56.1113045881703,82.3377990722656
9.56755319148936,56.1113045881703,76.6877975463867
9.63510638297872,56.1113045881703,68.3677978515625
9.70265957446808,56.1113045881703,56.5677947998047
9.77021276595745,56.1113045881703,71.2077941894531
9.83776595744681,56.1113045881703,67.985466003418
9.90531914893617,56.1113045881703,72.85546875
9.97287234042553,56.1113045881703,53.5554656982422
10.0404255319149,56.1113045881703,64.4954681396484
10.1079787234043,56.1113045881703,55.2754669189453
10.1755319148936,56.1113045881703,24.6654663085938
10.243085106383,56.1113045881703,-13.874532699585
10.3106382978723,56.1113045881703,-15.6445331573486
10.3781914893617,56.1113045881703,-19.9936103820801
10.4457446808511,56.1113045881703,-3.56361103057861
10.5132978723404,56.1113045881703,-11.1236114501953
10.5808510638298,56.1113045881703,-16.3136100769043
10.6484042553192,56.1113045881703,-17.3036117553711
10.7159574468085,56.1113045881703,-21.3236103057861
10.7835106382979,56.1113045881703,-9.9036111831665
10.8510638297872,56.1113045881703,-18.9336109161377
10.9186170212766,56.1113045881703,-22.7011871337891
10.986170212766,56.1113045881703,-18.6411876678467
11.0537234042553,56.1113045881703,-26.4011878967285
11.1212765957447,56.1113045881703,-29.1111869812012
11.188829787234,56.1113045881703,-18.0211868286133
11.2563829787234,56.1113045881703,-19.9911861419678
11.3239361702128,56.1113045881703,-20.0511875152588
11.3914893617021,56.1113045881703,-21.1611862182617
11.4590425531915,56.1113045881703,-21.1282997131348
11.5265957446809,56.1113045881703,-20.3182983398438
11.5941489361702,56.1113045881703,-20.4382991790771
11.6617021276596,56.1113045881703,-20.4382991790771
11.7292553191489,56.1113045881703,-20.0982990264893
11.7968085106383,56.1113045881703,-18.138298034668
11.8643617021277,56.1113045881703,-16.8282985687256
11.931914893617,56.1113045881703,-14.5182991027832
11.9994680851064,56.1113045881703,-12.7519569396973
12.0670212765957,56.1113045881703,-6.94195699691772
12.1345744680851,56.1113045881703,2.90804314613342
12.2021276595745,56.1113045881703,14.0580434799194
12.2696808510638,56.1113045881703,7.25804328918457
12.3372340425532,56.1113045881703,6.88804292678833
12.4047872340426,56.1113045881703,-2.09195685386658
12.4723404255319,56.1113045881703,-5.09195709228516
12.5398936170213,56.1113045881703,-18.6767730712891
12.6074468085106,56.1113045881703,8.59322643280029
12.675,56.1113045881703,35.4732246398926
12.7425531914894,56.1113045881703,28.8032264709473
12.8101063829787,56.1113045881703,18.7432270050049
12.8776595744681,56.1113045881703,16.233226776123
12.9452127659574,56.1113045881703,41.3832244873047
13.0127659574468,56.1113045881703,88.7432250976562
13.0803191489362,56.1113045881703,77.9877319335938
13.1478723404255,56.1113045881703,49.6677284240723
13.2154255319149,56.1113045881703,50.4477310180664
13.2829787234043,56.1113045881703,58.537727355957
13.3505319148936,56.1113045881703,84.5977325439453
13.418085106383,56.1113045881703,99.8477325439453
13.4856382978723,56.1113045881703,122.857727050781
13.5531914893617,56.1113045881703,139.007736206055
13.6207446808511,56.1113045881703,114.443466186523
13.6882978723404,56.1113045881703,83.2234649658203
13.7558510638298,56.1113045881703,103.183464050293
13.8234042553192,56.1113045881703,96.5934677124023
13.8909574468085,56.1113045881703,48.5734634399414
13.9585106382979,56.1113045881703,21.8434638977051
14.0260638297872,56.1113045881703,16.8434638977051
14.0936170212766,56.1113045881703,19.2734642028809
14.161170212766,56.1113045881703,20.9234867095947
14.2287234042553,56.1113045881703,18.8134860992432
14.2962765957447,56.1113045881703,17.5134868621826
14.363829787234,56.1113045881703,11.3134860992432
14.4313829787234,56.1113045881703,8.43348693847656
14.4989361702128,56.1113045881703,20.9734859466553
14.5664893617021,56.1113045881703,82.9034881591797
14.6340425531915,56.1113045881703,11.1834869384766
14.7015957446809,56.1113045881703,0.668699026107788
14.7691489361702,56.1113045881703,-10.7613010406494
14.8367021276596,56.1113045881703,-22.6713008880615
14.9042553191489,56.1113045881703,-27.371301651001
14.9718085106383,56.1113045881703,-24.7813014984131
15.0393617021277,56.1113045881703,-30.81130027771
15.106914893617,56.1113045881703,-23.1313018798828
15.1744680851064,56.1113045881703,-23.0013008117676
15.2420212765957,56.1113045881703,-20.2033424377441
15.3095744680851,56.1113045881703,-15.1933431625366
15.3771276595745,56.1113045881703,-16.7233428955078
15.4446808510638,56.1113045881703,-6.60334253311157
15.5122340425532,56.1113045881703,-3.83334279060364
15.5797872340426,56.1113045881703,-7.29334259033203
15.6473404255319,56.1113045881703,-1.14334273338318
15.7148936170213,56.1113045881703,2.11665725708008
15.7824468085106,56.1113045881703,2.91447949409485
15.85,56.1113045881703,6.88447952270508
15.9175531914894,56.1113045881703,-6.89552068710327
15.9851063829787,56.1113045881703,-19.7455196380615
16.0526595744681,56.1113045881703,-28.9155197143555
16.1202127659574,56.1113045881703,-32.3555221557617
16.1877659574468,56.1113045881703,-36.6355209350586
16.2553191489362,56.1113045881703,-35.9255218505859
16.3228723404255,56.1113045881703,-32.8975448608398
16.3904255319149,56.1113045881703,-22.5775451660156
16.4579787234043,56.1113045881703,-28.4975452423096
16.5255319148936,56.1113045881703,-45.4875450134277
16.593085106383,56.1113045881703,-50.9675445556641
16.6606382978723,56.1113045881703,-48.157543182373
16.7281914893617,56.1113045881703,-40.7875442504883
16.7957446808511,56.1113045881703,-43.4975433349609
16.8632978723404,56.1113045881703,-38.1000938415527
16.9308510638298,56.1113045881703,-35.5400924682617
16.9984042553192,56.1113045881703,-33.7200927734375
17.0659574468085,56.1113045881703,-32.0600929260254
17.1335106382979,56.1113045881703,-30.2000942230225
17.2010638297872,56.1113045881703,-30.0200939178467
17.2686170212766,56.1113045881703,-30.670093536377
17.336170212766,56.1113045881703,-29.4400939941406
17.4037234042553,56.1113045881703,-34.4758834838867
17.4712765957447,56.1113045881703,-38.2658843994141
17.538829787234,56.1113045881703,-44.0058860778809
17.6063829787234,56.1113045881703,-44.4258842468262
17.6739361702128,56.1113045881703,-50.9758834838867
17.7414893617021,56.1113045881703,-62.6158828735352
17.8090425531915,56.1113045881703,-65.1958847045898
17.8765957446809,56.1113045881703,-61.5258865356445
17.9441489361702,56.1113045881703,-58.8759346008301
18.0117021276596,56.1113045881703,-55.2259330749512
18.0792553191489,56.1113045881703,-54.6959342956543
18.1468085106383,56.1113045881703,-57.2859344482422
18.2143617021277,56.1113045881703,-62.8959350585938
18.281914893617,56.1113045881703,-72.0259323120117
18.3494680851064,56.1113045881703,-84.0959320068359
18.4170212765957,56.1113045881703,-94.8606033325195
18.4845744680851,56.1113045881703,-103.750602722168
18.5521276595745,56.1113045881703,-102.630599975586
18.6196808510638,56.1113045881703,-99.9906005859375
18.6872340425532,56.1113045881703,-98.9906005859375
18.7547872340426,56.1113045881703,-108.740600585938
18.8223404255319,56.1113045881703,-119.69059753418
18.8898936170213,56.1113045881703,-123.420600891113
18.9574468085106,56.1113045881703,-123.564086914062
19.025,56.1113045881703,-123.134086608887
19.0925531914894,56.1113045881703,-120.914085388184
19.1601063829787,56.1113045881703,-121.914085388184
19.2276595744681,56.1113045881703,-120.814086914062
19.2952127659575,56.1113045881703,-102.294082641602
19.3627659574468,56.1113045881703,-88.5140838623047
19.4303191489362,56.1113045881703,-79.93408203125
19.4978723404255,56.1113045881703,-68.6195373535156
19.5654255319149,56.1113045881703,-57.0595321655273
19.6329787234043,56.1113045881703,-50.2895355224609
19.7005319148936,56.1113045881703,-51.6495323181152
19.768085106383,56.1113045881703,-54.3995323181152
19.8356382978723,56.1113045881703,-57.7195320129395
19.9031914893617,56.1113045881703,-60.2695350646973
19.9707446808511,56.1113045881703,-59.829532623291
20.0382978723404,56.1113045881703,-55.8343772888184
20.1058510638298,56.1113045881703,-49.9543762207031
20.1734042553191,56.1113045881703,-42.544376373291
20.2409574468085,56.1113045881703,-34.7343788146973
20.3085106382979,56.1113045881703,-33.3043785095215
20.3760638297872,56.1113045881703,-29.7343769073486
20.4436170212766,56.1113045881703,-29.5543766021729
20.511170212766,56.1113045881703,-32.3243789672852
20.5787234042553,56.1113045881703,-34.5668258666992
20.6462765957447,56.1113045881703,-35.8968238830566
20.713829787234,56.1113045881703,-34.876823425293
20.7813829787234,56.1113045881703,-34.3068237304688
20.8489361702128,56.1113045881703,-28.9768257141113
20.9164893617021,56.1113045881703,-22.5768260955811
20.9840425531915,56.1113045881703,-17.7068252563477
21.0515957446809,56.1113045881703,-7.34682512283325
21.1191489361702,56.1113045881703,6.29638481140137
21.1867021276596,56.1113045881703,16.736385345459
21.2542553191489,56.1113045881703,28.2063846588135
21.3218085106383,56.1113045881703,38.04638671875
21.3893617021277,56.1113045881703,42.7863845825195
21.456914893617,56.1113045881703,47.8263854980469
21.5244680851064,56.1113045881703,50.9363861083984
21.5920212765957,56.1113045881703,50.5063858032227
21.6595744680851,56.1113045881703,67.1964263916016
21.7271276595745,56.1113045881703,90.8664245605469
21.7946808510638,56.1113045881703,120.736427307129
21.8622340425532,56.1113045881703,150.226425170898
21.9297872340426,56.1113045881703,138.90641784668
21.9973404255319,56.1113045881703,134.596420288086
22.0648936170213,56.1113045881703,127.466423034668
22.1324468085106,56.1113045881703,119.426422119141
22.2,56.1113045881703,117.318115234375
9.5,56.0431058990761,87.2877960205078
9.56755319148936,56.0431058990761,76.0177993774414
9.63510638297872,56.0431058990761,44.9477958679199
9.70265957446808,56.0431058990761,44.7077980041504
9.77021276595745,56.0431058990761,47.8877983093262
9.83776595744681,56.0431058990761,43.2054672241211
9.90531914893617,56.0431058990761,57.1154670715332
9.97287234042553,56.0431058990761,83.8854675292969
10.0404255319149,56.0431058990761,72.2054672241211
10.1079787234043,56.0431058990761,51.485466003418
10.1755319148936,56.0431058990761,27.795467376709
10.243085106383,56.0431058990761,-7.16453313827515
10.3106382978723,56.0431058990761,-15.2645330429077
10.3781914893617,56.0431058990761,-15.0536108016968
10.4457446808511,56.0431058990761,-12.7736110687256
10.5132978723404,56.0431058990761,-18.1036109924316
10.5808510638298,56.0431058990761,-19.1236114501953
10.6484042553192,56.0431058990761,-21.3636112213135
10.7159574468085,56.0431058990761,-20.4536113739014
10.7835106382979,56.0431058990761,-17.2436103820801
10.8510638297872,56.0431058990761,-20.1036109924316
10.9186170212766,56.0431058990761,-19.5811862945557
10.986170212766,56.0431058990761,-21.4511871337891
11.0537234042553,56.0431058990761,-24.6911869049072
11.1212765957447,56.0431058990761,-21.4211864471436
11.188829787234,56.0431058990761,-11.8011865615845
11.2563829787234,56.0431058990761,-15.1311874389648
11.3239361702128,56.0431058990761,-19.2511863708496
11.3914893617021,56.0431058990761,-18.9611873626709
11.4590425531915,56.0431058990761,-18.1182994842529
11.5265957446809,56.0431058990761,-16.7682991027832
11.5941489361702,56.0431058990761,-15.8582992553711
11.6617021276596,56.0431058990761,-14.7482986450195
11.7292553191489,56.0431058990761,-12.6182985305786
11.7968085106383,56.0431058990761,-12.4182987213135
11.8643617021277,56.0431058990761,-10.0882987976074
11.931914893617,56.0431058990761,-4.33829879760742
11.9994680851064,56.0431058990761,5.21804285049438
12.0670212765957,56.0431058990761,17.6180438995361
12.1345744680851,56.0431058990761,22.818042755127
12.2021276595745,56.0431058990761,27.3080425262451
12.2696808510638,56.0431058990761,37.9480438232422
12.3372340425532,56.0431058990761,22.5980434417725
12.4047872340426,56.0431058990761,27.6980438232422
12.4723404255319,56.0431058990761,36.068042755127
12.5398936170213,56.0431058990761,29.5332260131836
12.6074468085106,56.0431058990761,-15.5767736434937
12.675,56.0431058990761,4.59322595596313
12.7425531914894,56.0431058990761,39.8432273864746
12.8101063829787,56.0431058990761,52.0832252502441
12.8776595744681,56.0431058990761,61.2532272338867
12.9452127659574,56.0431058990761,60.3932266235352
13.0127659574468,56.0431058990761,67.4132232666016
13.0803191489362,56.0431058990761,130.097732543945
13.1478723404255,56.0431058990761,153.677734375
13.2154255319149,56.0431058990761,110.377731323242
13.2829787234043,56.0431058990761,57.2577285766602
13.3505319148936,56.0431058990761,63.5877304077148
13.418085106383,56.0431058990761,88.3977279663086
13.4856382978723,56.0431058990761,114.00772857666
13.5531914893617,56.0431058990761,119.067726135254
13.6207446808511,56.0431058990761,111.043464660645
13.6882978723404,56.0431058990761,96.2534637451172
13.7558510638298,56.0431058990761,113.753463745117
13.8234042553192,56.0431058990761,134.443466186523
13.8909574468085,56.0431058990761,114.883460998535
13.9585106382979,56.0431058990761,77.8834609985352
14.0260638297872,56.0431058990761,38.7334632873535
14.0936170212766,56.0431058990761,7.24346446990967
14.161170212766,56.0431058990761,2.48348641395569
14.2287234042553,56.0431058990761,12.9134864807129
14.2962765957447,56.0431058990761,20.8834857940674
14.363829787234,56.0431058990761,10.2534866333008
14.4313829787234,56.0431058990761,6.6834864616394
14.4989361702128,56.0431058990761,1.75348651409149
14.5664893617021,56.0431058990761,3.34348654747009
14.6340425531915,56.0431058990761,7.80348634719849
14.7015957446809,56.0431058990761,11.0886993408203
14.7691489361702,56.0431058990761,2.74869894981384
14.8367021276596,56.0431058990761,-19.7413005828857
14.9042553191489,56.0431058990761,-34.5613021850586
14.9718085106383,56.0431058990761,-36.5913009643555
15.0393617021277,56.0431058990761,-34.2513008117676
15.106914893617,56.0431058990761,-34.6713027954102
15.1744680851064,56.0431058990761,-36.1313018798828
15.2420212765957,56.0431058990761,-33.7133445739746
15.3095744680851,56.0431058990761,-35.8033409118652
15.3771276595745,56.0431058990761,-36.8633422851562
15.4446808510638,56.0431058990761,-35.5833435058594
15.5122340425532,56.0431058990761,-34.603343963623
15.5797872340426,56.0431058990761,-33.1233444213867
15.6473404255319,56.0431058990761,-27.1433429718018
15.7148936170213,56.0431058990761,-23.463342666626
15.7824468085106,56.0431058990761,-7.96552038192749
15.85,56.0431058990761,-11.5555200576782
15.9175531914894,56.0431058990761,-24.0455207824707
15.9851063829787,56.0431058990761,-31.0355205535889
16.0526595744681,56.0431058990761,-36.7355194091797
16.1202127659574,56.0431058990761,-37.8655204772949
16.1877659574468,56.0431058990761,-38.2855186462402
16.2553191489362,56.0431058990761,-38.5055198669434
16.3228723404255,56.0431058990761,-38.7475433349609
16.3904255319149,56.0431058990761,-34.2375450134277
16.4579787234043,56.0431058990761,-47.6775436401367
16.5255319148936,56.0431058990761,-48.7275428771973
16.593085106383,56.0431058990761,-49.9575462341309
16.6606382978723,56.0431058990761,-41.1075439453125
16.7281914893617,56.0431058990761,-37.0675430297852
16.7957446808511,56.0431058990761,-37.3775444030762
16.8632978723404,56.0431058990761,-39.4900932312012
16.9308510638298,56.0431058990761,-41.0000953674316
16.9984042553192,56.0431058990761,-39.9500923156738
17.0659574468085,56.0431058990761,-33.8900947570801
17.1335106382979,56.0431058990761,-34.3200950622559
17.2010638297872,56.0431058990761,-35.3800926208496
17.2686170212766,56.0431058990761,-39.1100921630859
17.336170212766,56.0431058990761,-39.980094909668
17.4037234042553,56.0431058990761,-37.7158851623535
17.4712765957447,56.0431058990761,-35.3058853149414
17.538829787234,56.0431058990761,-40.8458862304688
17.6063829787234,56.0431058990761,-44.1458854675293
17.6739361702128,56.0431058990761,-57.5958862304688
17.7414893617021,56.0431058990761,-62.6158828735352
17.8090425531915,56.0431058990761,-61.6958847045898
17.8765957446809,56.0431058990761,-59.455883026123
17.9441489361702,56.0431058990761,-56.5659332275391
18.0117021276596,56.0431058990761,-50.0559349060059
18.0792553191489,56.0431058990761,-44.8659362792969
18.1468085106383,56.0431058990761,-42.6259346008301
18.2143617021277,56.0431058990761,-56.525936126709
18.281914893617,56.0431058990761,-69.3559341430664
18.3494680851064,56.0431058990761,-84.8159332275391
18.4170212765957,56.0431058990761,-100.760597229004
18.4845744680851,56.0431058990761,-103.920600891113
18.5521276595745,56.0431058990761,-102.520599365234
18.6196808510638,56.0431058990761,-103.490600585938
18.6872340425532,56.0431058990761,-110.270599365234
18.7547872340426,56.0431058990761,-118.010597229004
18.8223404255319,56.0431058990761,-121.220603942871
18.8898936170213,56.0431058990761,-121.270599365234
18.9574468085106,56.0431058990761,-120.884086608887
19.025,56.0431058990761,-119.504081726074
19.0925531914894,56.0431058990761,-118.014083862305
19.1601063829787,56.0431058990761,-113.234085083008
19.2276595744681,56.0431058990761,-102.544082641602
19.2952127659575,56.0431058990761,-81.6740798950195
19.3627659574468,56.0431058990761,-73.3640823364258
19.4303191489362,56.0431058990761,-69.8640823364258
19.4978723404255,56.0431058990761,-56.4095344543457
19.5654255319149,56.0431058990761,-49.6795349121094
19.6329787234043,56.0431058990761,-51.1295318603516
19.7005319148936,56.0431058990761,-52.4395332336426
19.768085106383,56.0431058990761,-55.0095329284668
19.8356382978723,56.0431058990761,-57.8395347595215
19.9031914893617,56.0431058990761,-59.6495323181152
19.9707446808511,56.0431058990761,-59.2395324707031
20.0382978723404,56.0431058990761,-54.9843788146973
20.1058510638298,56.0431058990761,-49.6743774414062
20.1734042553191,56.0431058990761,-43.6343765258789
20.2409574468085,56.0431058990761,-37.7143783569336
20.3085106382979,56.0431058990761,-34.0043754577637
20.3760638297872,56.0431058990761,-30.8843765258789
20.4436170212766,56.0431058990761,-28.4943771362305
20.511170212766,56.0431058990761,-27.7043762207031
20.5787234042553,56.0431058990761,-28.5768260955811
20.6462765957447,56.0431058990761,-31.6468257904053
20.713829787234,56.0431058990761,-33.2368240356445
20.7813829787234,56.0431058990761,-32.2268257141113
20.8489361702128,56.0431058990761,-27.8868255615234
20.9164893617021,56.0431058990761,-23.1168251037598
20.9840425531915,56.0431058990761,-18.26682472229
21.0515957446809,56.0431058990761,-12.3368253707886
21.1191489361702,56.0431058990761,4.95638513565063
21.1867021276596,56.0431058990761,14.4563846588135
21.2542553191489,56.0431058990761,26.0963859558105
21.3218085106383,56.0431058990761,37.5063858032227
21.3893617021277,56.0431058990761,44.9663848876953
21.456914893617,56.0431058990761,54.9363861083984
21.5244680851064,56.0431058990761,58.2463836669922
21.5920212765957,56.0431058990761,56.2163848876953
21.6595744680851,56.0431058990761,76.216423034668
21.7271276595745,56.0431058990761,105.57642364502
21.7946808510638,56.0431058990761,144.436416625977
21.8622340425532,56.0431058990761,151.426422119141
21.9297872340426,56.0431058990761,158.326416015625
21.9973404255319,56.0431058990761,162.196426391602
22.0648936170213,56.0431058990761,153.516418457031
22.1324468085106,56.0431058990761,149.786422729492
22.2,56.0431058990761,153.428115844727
9.5,55.9749072099818,103.307800292969
9.56755319148936,55.9749072099818,94.127799987793
9.63510638297872,55.9749072099818,60.8377952575684
9.70265957446808,55.9749072099818,75.8078002929688
9.77021276595745,55.9749072099818,95.9377975463867
9.83776595744681,55.9749072099818,81.3354644775391
9.90531914893617,55.9749072099818,64.9654693603516
9.97287234042553,55.9749072099818,71.6354675292969
10.0404255319149,55.9749072099818,64.0454635620117
10.1079787234043,55.9749072099818,19.6854667663574
10.1755319148936,55.9749072099818,10.3554668426514
10.243085106383,55.9749072099818,-9.39453315734863
10.3106382978723,55.9749072099818,-10.3245334625244
10.3781914893617,55.9749072099818,-7.81361103057861
10.4457446808511,55.9749072099818,-15.7636108398438
10.5132978723404,55.9749072099818,7.27638912200928
10.5808510638298,55.9749072099818,-11.0536108016968
10.6484042553192,55.9749072099818,-11.7436113357544
10.7159574468085,55.9749072099818,-8.73361110687256
10.7835106382979,55.9749072099818,-14.7836112976074
10.8510638297872,55.9749072099818,-15.1036109924316
10.9186170212766,55.9749072099818,-20.9811878204346
10.986170212766,55.9749072099818,-25.4911861419678
11.0537234042553,55.9749072099818,-18.9411869049072
11.1212765957447,55.9749072099818,-18.041187286377
11.188829787234,55.9749072099818,-15.1111869812012
11.2563829787234,55.9749072099818,-7.79118680953979
11.3239361702128,55.9749072099818,-5.34118700027466
11.3914893617021,55.9749072099818,-7.57118701934814
11.4590425531915,55.9749072099818,-3.54829883575439
11.5265957446809,55.9749072099818,-5.35829877853394
11.5941489361702,55.9749072099818,-5.9082989692688
11.6617021276596,55.9749072099818,-4.13829898834229
11.7292553191489,55.9749072099818,-0.0682989507913589
11.7968085106383,55.9749072099818,-2.31829905509949
11.8643617021277,55.9749072099818,5.0917010307312
11.931914893617,55.9749072099818,4.36170101165771
11.9994680851064,55.9749072099818,11.7280426025391
12.0670212765957,55.9749072099818,4.87804317474365
12.1345744680851,55.9749072099818,9.02804279327393
12.2021276595745,55.9749072099818,16.6880435943604
12.2696808510638,55.9749072099818,44.7180442810059
12.3372340425532,55.9749072099818,25.3280429840088
12.4047872340426,55.9749072099818,28.2880439758301
12.4723404255319,55.9749072099818,28.3680438995361
12.5398936170213,55.9749072099818,-4.18677377700806
12.6074468085106,55.9749072099818,-16.9467735290527
12.675,55.9749072099818,-24.1267738342285
12.7425531914894,55.9749072099818,8.86322593688965
12.8101063829787,55.9749072099818,49.4932250976562
12.8776595744681,55.9749072099818,56.6132278442383
12.9452127659574,55.9749072099818,70.923225402832
13.0127659574468,55.9749072099818,73.6232299804688
13.0803191489362,55.9749072099818,81.037727355957
13.1478723404255,55.9749072099818,116.887725830078
13.2154255319149,55.9749072099818,118.317726135254
13.2829787234043,55.9749072099818,96.4777297973633
13.3505319148936,55.9749072099818,74.0177307128906
13.418085106383,55.9749072099818,76.1577301025391
13.4856382978723,55.9749072099818,109.847732543945
13.5531914893617,55.9749072099818,116.847732543945
13.6207446808511,55.9749072099818,119.233467102051
13.6882978723404,55.9749072099818,114.003463745117
13.7558510638298,55.9749072099818,131.243469238281
13.8234042553192,55.9749072099818,116.903465270996
13.8909574468085,55.9749072099818,70.9634628295898
13.9585106382979,55.9749072099818,52.0634651184082
14.0260638297872,55.9749072099818,43.373462677002
14.0936170212766,55.9749072099818,23.493465423584
14.161170212766,55.9749072099818,7.59348630905151
14.2287234042553,55.9749072099818,1.60348653793335
14.2962765957447,55.9749072099818,9.00348663330078
14.363829787234,55.9749072099818,1.62348651885986
14.4313829787234,55.9749072099818,-4.88651371002197
14.4989361702128,55.9749072099818,-10.5965137481689
14.5664893617021,55.9749072099818,-12.636513710022
14.6340425531915,55.9749072099818,-16.3765144348145
14.7015957446809,55.9749072099818,-15.6913013458252
14.7691489361702,55.9749072099818,-21.0113010406494
14.8367021276596,55.9749072099818,-23.8813018798828
14.9042553191489,55.9749072099818,-25.06130027771
14.9718085106383,55.9749072099818,-26.951301574707
15.0393617021277,55.9749072099818,-31.4213008880615
15.106914893617,55.9749072099818,-36.391300201416
15.1744680851064,55.9749072099818,-37.2612991333008
15.2420212765957,55.9749072099818,-41.4933433532715
15.3095744680851,55.9749072099818,-43.3833427429199
15.3771276595745,55.9749072099818,-45.103343963623
15.4446808510638,55.9749072099818,-45.853343963623
15.5122340425532,55.9749072099818,-46.2033424377441
15.5797872340426,55.9749072099818,-42.6933441162109
15.6473404255319,55.9749072099818,-40.3233413696289
15.7148936170213,55.9749072099818,-24.543342590332
15.7824468085106,55.9749072099818,-21.5955200195312
15.85,55.9749072099818,-31.9655208587646
15.9175531914894,55.9749072099818,-35.9855194091797
15.9851063829787,55.9749072099818,-41.525520324707
16.0526595744681,55.9749072099818,-38.8455200195312
16.1202127659574,55.9749072099818,-41.3855209350586
16.1877659574468,55.9749072099818,-42.335521697998
16.2553191489362,55.9749072099818,-44.7455215454102
16.3228723404255,55.9749072099818,-43.9775428771973
16.3904255319149,55.9749072099818,-44.7875442504883
16.4579787234043,55.9749072099818,-47.2675437927246
16.5255319148936,55.9749072099818,-47.4875450134277
16.593085106383,55.9749072099818,-46.4575462341309
16.6606382978723,55.9749072099818,-39.4575462341309
16.7281914893617,55.9749072099818,-35.8375434875488
16.7957446808511,55.9749072099818,-35.0175437927246
16.8632978723404,55.9749072099818,-37.3600921630859
16.9308510638298,55.9749072099818,-39.7500953674316
16.9984042553192,55.9749072099818,-41.0400924682617
17.0659574468085,55.9749072099818,-40.8700942993164
17.1335106382979,55.9749072099818,-40.3700942993164
17.2010638297872,55.9749072099818,-43.2400932312012
17.2686170212766,55.9749072099818,-44.7800941467285
17.336170212766,55.9749072099818,-43.520092010498
17.4037234042553,55.9749072099818,-37.1758842468262
17.4712765957447,55.9749072099818,-37.8058853149414
17.538829787234,55.9749072099818,-38.2758865356445
17.6063829787234,55.9749072099818,-51.9058837890625
17.6739361702128,55.9749072099818,-60.8758850097656
17.7414893617021,55.9749072099818,-62.3758850097656
17.8090425531915,55.9749072099818,-61.3158836364746
17.8765957446809,55.9749072099818,-59.3858833312988
17.9441489361702,55.9749072099818,-56.215934753418
18.0117021276596,55.9749072099818,-46.4359359741211
18.0792553191489,55.9749072099818,-46.5359344482422
18.1468085106383,55.9749072099818,-51.5859336853027
18.2143617021277,55.9749072099818,-60.0359344482422
18.281914893617,55.9749072099818,-75.4159317016602
18.3494680851064,55.9749072099818,-93.8059310913086
18.4170212765957,55.9749072099818,-103.370597839355
18.4845744680851,55.9749072099818,-103.970603942871
18.5521276595745,55.9749072099818,-105.040603637695
18.6196808510638,55.9749072099818,-111.250602722168
18.6872340425532,55.9749072099818,-115.400604248047
18.7547872340426,55.9749072099818,-116.970603942871
18.8223404255319,55.9749072099818,-118.650604248047
18.8898936170213,55.9749072099818,-118.180603027344
18.9574468085106,55.9749072099818,-116.604080200195
19.025,55.9749072099818,-113.18408203125
19.0925531914894,55.9749072099818,-114.584083557129
19.1601063829787,55.9749072099818,-99.1440811157227
19.2276595744681,55.9749072099818,-81.7740859985352
19.2952127659575,55.9749072099818,-71.2840805053711
19.3627659574468,55.9749072099818,-67.0640869140625
19.4303191489362,55.9749072099818,-56.8140830993652
19.4978723404255,55.9749072099818,-50.9795341491699
19.5654255319149,55.9749072099818,-52.1695327758789
19.6329787234043,55.9749072099818,-54.9295349121094
19.7005319148936,55.9749072099818,-55.4295349121094
19.768085106383,55.9749072099818,-58.3695335388184
19.8356382978723,55.9749072099818,-61.5495338439941
19.9031914893617,55.9749072099818,-60.7095336914062
19.9707446808511,55.9749072099818,-58.6695327758789
20.0382978723404,55.9749072099818,-55.5543785095215
20.1058510638298,55.9749072099818,-52.2843780517578
20.1734042553191,55.9749072099818,-47.4743766784668
20.2409574468085,55.9749072099818,-41.794376373291
20.3085106382979,55.9749072099818,-37.9343757629395
20.3760638297872,55.9749072099818,-34.9243774414062
20.4436170212766,55.9749072099818,-32.8743782043457
20.511170212766,55.9749072099818,-31.5743770599365
20.5787234042553,55.9749072099818,-29.76682472229
20.6462765957447,55.9749072099818,-28.2168254852295
20.713829787234,55.9749072099818,-27.9768257141113
20.7813829787234,55.9749072099818,-28.4168243408203
20.8489361702128,55.9749072099818,-25.6568260192871
20.9164893617021,55.9749072099818,-21.4768257141113
20.9840425531915,55.9749072099818,-16.2268257141113
21.0515957446809,55.9749072099818,-7.40682506561279
21.1191489361702,55.9749072099818,8.41638469696045
21.1867021276596,55.9749072099818,17.0363845825195
21.2542553191489,55.9749072099818,28.0563850402832
21.3218085106383,55.9749072099818,37.2263832092285
21.3893617021277,55.9749072099818,46.7763862609863
21.456914893617,55.9749072099818,55.4363861083984
21.5244680851064,55.9749072099818,54.3063850402832
21.5920212765957,55.9749072099818,63.9563865661621
21.6595744680851,55.9749072099818,79.1264266967773
21.7271276595745,55.9749072099818,99.3764266967773
21.7946808510638,55.9749072099818,116.946426391602
21.8622340425532,55.9749072099818,141.296417236328
21.9297872340426,55.9749072099818,141.436416625977
21.9973404255319,55.9749072099818,141.996429443359
22.0648936170213,55.9749072099818,159.816421508789
22.1324468085106,55.9749072099818,155.936416625977
22.2,55.9749072099818,165.578125
9.5,55.9067085208876,68.2977981567383
9.56755319148936,55.9067085208876,64.2277984619141
9.63510638297872,55.9067085208876,65.357795715332
9.70265957446808,55.9067085208876,29.8077964782715
9.77021276595745,55.9067085208876,33.357795715332
9.83776595744681,55.9067085208876,42.4254684448242
9.90531914893617,55.9067085208876,44.9154663085938
9.97287234042553,55.9067085208876,36.5954666137695
10.0404255319149,55.9067085208876,23.6854667663574
10.1079787234043,55.9067085208876,11.4054670333862
10.1755319148936,55.9067085208876,4.22546672821045
10.243085106383,55.9067085208876,-6.39453315734863
10.3106382978723,55.9067085208876,-10.9845333099365
10.3781914893617,55.9067085208876,-17.6036109924316
10.4457446808511,55.9067085208876,-19.663610458374
10.5132978723404,55.9067085208876,-7.21361112594604
10.5808510638298,55.9067085208876,1.36638903617859
10.6484042553192,55.9067085208876,-6.67361116409302
10.7159574468085,55.9067085208876,-17.5536117553711
10.7835106382979,55.9067085208876,-18.4936103820801
10.8510638297872,55.9067085208876,-23.6036109924316
10.9186170212766,55.9067085208876,-22.4511871337891
10.986170212766,55.9067085208876,-14.0311870574951
11.0537234042553,55.9067085208876,-6.52118682861328
11.1212765957447,55.9067085208876,-8.4611873626709
11.188829787234,55.9067085208876,-14.7411870956421
11.2563829787234,55.9067085208876,-13.411187171936
11.3239361702128,55.9067085208876,-11.1411867141724
11.3914893617021,55.9067085208876,-9.08118724822998
11.4590425531915,55.9067085208876,-4.67829895019531
11.5265957446809,55.9067085208876,9.37170124053955
11.5941489361702,55.9067085208876,24.861701965332
11.6617021276596,55.9067085208876,0.461701035499573
11.7292553191489,55.9067085208876,-5.08829879760742
11.7968085106383,55.9067085208876,-8.86829853057861
11.8643617021277,55.9067085208876,-3.31829905509949
11.931914893617,55.9067085208876,6.99170112609863
11.9994680851064,55.9067085208876,3.66804313659668
12.0670212765957,55.9067085208876,10.9980430603027
12.1345744680851,55.9067085208876,14.3380432128906
12.2021276595745,55.9067085208876,23.0080432891846
12.2696808510638,55.9067085208876,34.9680442810059
12.3372340425532,55.9067085208876,54.0080413818359
12.4047872340426,55.9067085208876,31.3880424499512
12.4723404255319,55.9067085208876,19.0580425262451
12.5398936170213,55.9067085208876,-6.03677368164062
12.6074468085106,55.9067085208876,-16.596773147583
12.675,55.9067085208876,-8.59677410125732
12.7425531914894,55.9067085208876,-18.1867733001709
12.8101063829787,55.9067085208876,21.8332252502441
12.8776595744681,55.9067085208876,37.0332260131836
12.9452127659574,55.9067085208876,33.2932243347168
13.0127659574468,55.9067085208876,50.7832260131836
13.0803191489362,55.9067085208876,51.247730255127
13.1478723404255,55.9067085208876,66.2177276611328
13.2154255319149,55.9067085208876,78.0277328491211
13.2829787234043,55.9067085208876,86.6877288818359
13.3505319148936,55.9067085208876,83.6577301025391
13.418085106383,55.9067085208876,66.9677276611328
13.4856382978723,55.9067085208876,67.5677261352539
13.5531914893617,55.9067085208876,64.7977294921875
13.6207446808511,55.9067085208876,105.063461303711
13.6882978723404,55.9067085208876,137.203460693359
13.7558510638298,55.9067085208876,157.753463745117
13.8234042553192,55.9067085208876,167.673461914062
13.8909574468085,55.9067085208876,161.103469848633
13.9585106382979,55.9067085208876,109.503463745117
14.0260638297872,55.9067085208876,42.2034645080566
14.0936170212766,55.9067085208876,20.2834644317627
14.161170212766,55.9067085208876,5.00348663330078
14.2287234042553,55.9067085208876,3.31348657608032
14.2962765957447,55.9067085208876,-4.48651361465454
14.363829787234,55.9067085208876,-9.926513671875
14.4313829787234,55.9067085208876,-12.3365135192871
14.4989361702128,55.9067085208876,-16.2065143585205
14.5664893617021,55.9067085208876,-17.5865135192871
14.6340425531915,55.9067085208876,-22.0865135192871
14.7015957446809,55.9067085208876,-25.4313011169434
14.7691489361702,55.9067085208876,-27.6813011169434
14.8367021276596,55.9067085208876,-28.4213008880615
14.9042553191489,55.9067085208876,-25.951301574707
14.9718085106383,55.9067085208876,-27.891300201416
15.0393617021277,55.9067085208876,-33.5312995910645
15.106914893617,55.9067085208876,-38.8613014221191
15.1744680851064,55.9067085208876,-44.0913009643555
15.2420212765957,55.9067085208876,-44.5033416748047
15.3095744680851,55.9067085208876,-45.3333435058594
15.3771276595745,55.9067085208876,-46.0533409118652
15.4446808510638,55.9067085208876,-46.7033424377441
15.5122340425532,55.9067085208876,-47.4733428955078
15.5797872340426,55.9067085208876,-49.3833427429199
15.6473404255319,55.9067085208876,-46.3233413696289
15.7148936170213,55.9067085208876,-33.733341217041
15.7824468085106,55.9067085208876,-36.465518951416
15.85,55.9067085208876,-41.6255187988281
15.9175531914894,55.9067085208876,-45.3855209350586
15.9851063829787,55.9067085208876,-47.7055206298828
16.0526595744681,55.9067085208876,-50.3055191040039
16.1202127659574,55.9067085208876,-49.3655204772949
16.1877659574468,55.9067085208876,-50.2355194091797
16.2553191489362,55.9067085208876,-50.6155204772949
16.3228723404255,55.9067085208876,-48.3275451660156
16.3904255319149,55.9067085208876,-48.7575454711914
16.4579787234043,55.9067085208876,-48.7875442504883
16.5255319148936,55.9067085208876,-49.8275451660156
16.593085106383,55.9067085208876,-47.5675430297852
16.6606382978723,55.9067085208876,-42.617546081543
16.7281914893617,55.9067085208876,-39.557544708252
16.7957446808511,55.9067085208876,-38.4675445556641
16.8632978723404,55.9067085208876,-41.3800926208496
16.9308510638298,55.9067085208876,-42.3700942993164
16.9984042553192,55.9067085208876,-44.5300941467285
17.0659574468085,55.9067085208876,-46.420093536377
17.1335106382979,55.9067085208876,-47.2100944519043
17.2010638297872,55.9067085208876,-46.9400939941406
17.2686170212766,55.9067085208876,-42.4000930786133
17.336170212766,55.9067085208876,-35.520092010498
17.4037234042553,55.9067085208876,-36.3858833312988
17.4712765957447,55.9067085208876,-38.7958831787109
17.538829787234,55.9067085208876,-39.2758865356445
17.6063829787234,55.9067085208876,-51.5258865356445
17.6739361702128,55.9067085208876,-58.915885925293
17.7414893617021,55.9067085208876,-61.0458831787109
17.8090425531915,55.9067085208876,-61.1458854675293
17.8765957446809,55.9067085208876,-60.1358833312988
17.9441489361702,55.9067085208876,-56.7059326171875
18.0117021276596,55.9067085208876,-52.4859352111816
18.0792553191489,55.9067085208876,-54.0359344482422
18.1468085106383,55.9067085208876,-58.2359352111816
18.2143617021277,55.9067085208876,-69.2359313964844
18.281914893617,55.9067085208876,-84.0759353637695
18.3494680851064,55.9067085208876,-97.2859344482422
18.4170212765957,55.9067085208876,-103.960601806641
18.4845744680851,55.9067085208876,-105.530601501465
18.5521276595745,55.9067085208876,-109.920600891113
18.6196808510638,55.9067085208876,-112.210601806641
18.6872340425532,55.9067085208876,-111.540603637695
18.7547872340426,55.9067085208876,-113.920600891113
18.8223404255319,55.9067085208876,-114.990600585938
18.8898936170213,55.9067085208876,-111.030601501465
18.9574468085106,55.9067085208876,-108.334083557129
19.025,55.9067085208876,-105.254081726074
19.0925531914894,55.9067085208876,-103.494079589844
19.1601063829787,55.9067085208876,-80.2840805053711
19.2276595744681,55.9067085208876,-71.5640869140625
19.2952127659575,55.9067085208876,-70.7840805053711
19.3627659574468,55.9067085208876,-57.9040832519531
19.4303191489362,55.9067085208876,-54.0140838623047
19.4978723404255,55.9067085208876,-56.3995323181152
19.5654255319149,55.9067085208876,-56.5395355224609
19.6329787234043,55.9067085208876,-60.2595329284668
19.7005319148936,55.9067085208876,-62.2995338439941
19.768085106383,55.9067085208876,-62.7495346069336
19.8356382978723,55.9067085208876,-64.0495300292969
19.9031914893617,55.9067085208876,-62.2395324707031
19.9707446808511,55.9067085208876,-58.9195327758789
20.0382978723404,55.9067085208876,-56.1343765258789
20.1058510638298,55.9067085208876,-55.2043762207031
20.1734042553191,55.9067085208876,-52.9243774414062
20.2409574468085,55.9067085208876,-45.6943778991699
20.3085106382979,55.9067085208876,-41.604377746582
20.3760638297872,55.9067085208876,-38.9043769836426
20.4436170212766,55.9067085208876,-37.0943756103516
20.511170212766,55.9067085208876,-36.9643783569336
20.5787234042553,55.9067085208876,-37.4268264770508
20.6462765957447,55.9067085208876,-34.8068237304688
20.713829787234,55.9067085208876,-33.2768249511719
20.7813829787234,55.9067085208876,-32.6668243408203
20.8489361702128,55.9067085208876,-30.8768253326416
20.9164893617021,55.9067085208876,-25.7168254852295
20.9840425531915,55.9067085208876,-15.8468255996704
21.0515957446809,55.9067085208876,-3.42682528495789
21.1191489361702,55.9067085208876,9.62638473510742
21.1867021276596,55.9067085208876,18.736385345459
21.2542553191489,55.9067085208876,25.1663856506348
21.3218085106383,55.9067085208876,41.236385345459
21.3893617021277,55.9067085208876,49.736385345459
21.456914893617,55.9067085208876,51.5063858032227
21.5244680851064,55.9067085208876,62.7863845825195
21.5920212765957,55.9067085208876,73.1363830566406
21.6595744680851,55.9067085208876,79.7064208984375
21.7271276595745,55.9067085208876,83.6364212036133
21.7946808510638,55.9067085208876,100.026420593262
21.8622340425532,55.9067085208876,113.096420288086
21.9297872340426,55.9067085208876,123.316421508789
21.9973404255319,55.9067085208876,133.786422729492
22.0648936170213,55.9067085208876,141.796417236328
22.1324468085106,55.9067085208876,153.236419677734
22.2,55.9067085208876,157.64811706543
9.5,55.8385098317934,69.7024993896484
9.56755319148936,55.8385098317934,59.9624977111816
9.63510638297872,55.8385098317934,47.2724990844727
9.70265957446808,55.8385098317934,40.502498626709
9.77021276595745,55.8385098317934,37.8024978637695
9.83776595744681,55.8385098317934,26.6590843200684
9.90531914893617,55.8385098317934,10.2390842437744
9.97287234042553,55.8385098317934,3.71908473968506
10.0404255319149,55.8385098317934,-2.31091523170471
10.1079787234043,55.8385098317934,-2.39091539382935
10.1755319148936,55.8385098317934,-5.04091548919678
10.243085106383,55.8385098317934,-5.48091506958008
10.3106382978723,55.8385098317934,-4.53091526031494
10.3781914893617,55.8385098317934,-8.68054962158203
10.4457446808511,55.8385098317934,-16.7505493164062
10.5132978723404,55.8385098317934,15.8594512939453
10.5808510638298,55.8385098317934,4.90945100784302
10.6484042553192,55.8385098317934,-18.2505493164062
10.7159574468085,55.8385098317934,-21.8405494689941
10.7835106382979,55.8385098317934,-27.7505493164062
10.8510638297872,55.8385098317934,-19.1905498504639
10.9186170212766,55.8385098317934,-19.7371788024902
10.986170212766,55.8385098317934,-15.707179069519
11.0537234042553,55.8385098317934,-14.127179145813
11.1212765957447,55.8385098317934,-10.7971792221069
11.188829787234,55.8385098317934,-10.7171792984009
11.2563829787234,55.8385098317934,-10.627179145813
11.3239361702128,55.8385098317934,0.142820507287979
11.3914893617021,55.8385098317934,20.9828205108643
11.4590425531915,55.8385098317934,19.2829761505127
11.5265957446809,55.8385098317934,31.952974319458
11.5941489361702,55.8385098317934,19.8829746246338
11.6617021276596,55.8385098317934,17.7329750061035
11.7292553191489,55.8385098317934,-8.25702476501465
11.7968085106383,55.8385098317934,-7.01702499389648
11.8643617021277,55.8385098317934,-2.18702483177185
11.931914893617,55.8385098317934,9.78297519683838
11.9994680851064,55.8385098317934,6.93420505523682
12.0670212765957,55.8385098317934,13.0642051696777
12.1345744680851,55.8385098317934,24.8642044067383
12.2021276595745,55.8385098317934,37.2142066955566
12.2696808510638,55.8385098317934,42.4542045593262
12.3372340425532,55.8385098317934,44.6242065429688
12.4047872340426,55.8385098317934,36.1742057800293
12.4723404255319,55.8385098317934,42.1742057800293
12.5398936170213,55.8385098317934,9.7233304977417
12.6074468085106,55.8385098317934,-9.7766695022583
12.675,55.8385098317934,-16.4566688537598
12.7425531914894,55.8385098317934,-18.6966705322266
12.8101063829787,55.8385098317934,-7.4766697883606
12.8776595744681,55.8385098317934,-1.77666974067688
12.9452127659574,55.8385098317934,10.7733306884766
13.0127659574468,55.8385098317934,21.4233303070068
13.0803191489362,55.8385098317934,26.9301242828369
13.1478723404255,55.8385098317934,34.8601226806641
13.2154255319149,55.8385098317934,47.2501220703125
13.2829787234043,55.8385098317934,62.3701248168945
13.3505319148936,55.8385098317934,82.5601196289062
13.418085106383,55.8385098317934,85.1701202392578
13.4856382978723,55.8385098317934,75.1401214599609
13.5531914893617,55.8385098317934,87.5001220703125
13.6207446808511,55.8385098317934,107.539283752441
13.6882978723404,55.8385098317934,129.709289550781
13.7558510638298,55.8385098317934,157.269287109375
13.8234042553192,55.8385098317934,175.50927734375
13.8909574468085,55.8385098317934,181.229278564453
13.9585106382979,55.8385098317934,166.449279785156
14.0260638297872,55.8385098317934,131.829284667969
14.0936170212766,55.8385098317934,51.399284362793
14.161170212766,55.8385098317934,8.00223445892334
14.2287234042553,55.8385098317934,-7.23776578903198
14.2962765957447,55.8385098317934,-17.0977649688721
14.363829787234,55.8385098317934,-12.5277662277222
14.4313829787234,55.8385098317934,-13.5977659225464
14.4989361702128,55.8385098317934,-16.6277656555176
14.5664893617021,55.8385098317934,-23.9677658081055
14.6340425531915,55.8385098317934,-29.2077655792236
14.7015957446809,55.8385098317934,-34.7665214538574
14.7691489361702,55.8385098317934,-38.3965187072754
14.8367021276596,55.8385098317934,-42.3365211486816
14.9042553191489,55.8385098317934,-45.1565208435059
14.9718085106383,55.8385098317934,-44.1565208435059
15.0393617021277,55.8385098317934,-43.8465194702148
15.106914893617,55.8385098317934,-44.6165199279785
15.1744680851064,55.8385098317934,-46.4365196228027
15.2420212765957,55.8385098317934,-48.7827110290527
15.3095744680851,55.8385098317934,-50.7027130126953
15.3771276595745,55.8385098317934,-51.1527137756348
15.4446808510638,55.8385098317934,-49.2027130126953
15.5122340425532,55.8385098317934,-47.6227111816406
15.5797872340426,55.8385098317934,-39.2727127075195
15.6473404255319,55.8385098317934,-41.7627105712891
15.7148936170213,55.8385098317934,-48.5127105712891
15.7824468085106,55.8385098317934,-49.5144653320312
15.85,55.8385098317934,-51.0044631958008
15.9175531914894,55.8385098317934,-52.884464263916
15.9851063829787,55.8385098317934,-56.8944625854492
16.0526595744681,55.8385098317934,-58.1444625854492
16.1202127659574,55.8385098317934,-57.4944648742676
16.1877659574468,55.8385098317934,-56.8144645690918
16.2553191489362,55.8385098317934,-55.444465637207
16.3228723404255,55.8385098317934,-54.5553245544434
16.3904255319149,55.8385098317934,-53.9553260803223
16.4579787234043,55.8385098317934,-54.5153274536133
16.5255319148936,55.8385098317934,-54.4853248596191
16.593085106383,55.8385098317934,-51.9753265380859
16.6606382978723,55.8385098317934,-48.8953247070312
16.7281914893617,55.8385098317934,-44.7353248596191
16.7957446808511,55.8385098317934,-42.7953262329102
16.8632978723404,55.8385098317934,-41.6967697143555
16.9308510638298,55.8385098317934,-42.4467697143555
16.9984042553192,55.8385098317934,-43.8467712402344
17.0659574468085,55.8385098317934,-45.9267730712891
17.1335106382979,55.8385098317934,-46.0167694091797
17.2010638297872,55.8385098317934,-41.056770324707
17.2686170212766,55.8385098317934,-34.3867721557617
17.336170212766,55.8385098317934,-30.9967708587646
17.4037234042553,55.8385098317934,-34.3734855651855
17.4712765957447,55.8385098317934,-36.2134857177734
17.538829787234,55.8385098317934,-39.4934844970703
17.6063829787234,55.8385098317934,-48.4434852600098
17.6739361702128,55.8385098317934,-55.1934852600098
17.7414893617021,55.8385098317934,-59.1434860229492
17.8090425531915,55.8385098317934,-60.573486328125
17.8765957446809,55.8385098317934,-60.2734832763672
17.9441489361702,55.8385098317934,-58.3598785400391
18.0117021276596,55.8385098317934,-58.9598808288574
18.0792553191489,55.8385098317934,-61.2798805236816
18.1468085106383,55.8385098317934,-66.3498840332031
18.2143617021277,55.8385098317934,-74.8398818969727
18.281914893617,55.8385098317934,-86.7698822021484
18.3494680851064,55.8385098317934,-99.0298767089844
18.4170212765957,55.8385098317934,-104.567321777344
18.4845744680851,55.8385098317934,-106.817321777344
18.5521276595745,55.8385098317934,-108.627319335938
18.6196808510638,55.8385098317934,-108.927322387695
18.6872340425532,55.8385098317934,-105.607322692871
18.7547872340426,55.8385098317934,-108.837326049805
18.8223404255319,55.8385098317934,-101.677322387695
18.8898936170213,55.8385098317934,-99.2973251342773
18.9574468085106,55.8385098317934,-91.3785705566406
19.025,55.8385098317934,-91.5885696411133
19.0925531914894,55.8385098317934,-86.4485702514648
19.1601063829787,55.8385098317934,-75.0885696411133
19.2276595744681,55.8385098317934,-68.5185699462891
19.2952127659575,55.8385098317934,-65.2385711669922
19.3627659574468,55.8385098317934,-61.1485710144043
19.4303191489362,55.8385098317934,-61.8185729980469
19.4978723404255,55.8385098317934,-63.3236541748047
19.5654255319149,55.8385098317934,-62.3536529541016
19.6329787234043,55.8385098317934,-65.9436492919922
19.7005319148936,55.8385098317934,-67.9236526489258
19.768085106383,55.8385098317934,-67.5336532592773
19.8356382978723,55.8385098317934,-67.5036544799805
19.9031914893617,55.8385098317934,-64.6536560058594
19.9707446808511,55.8385098317934,-59.9236526489258
20.0382978723404,55.8385098317934,-56.4320869445801
20.1058510638298,55.8385098317934,-58.272087097168
20.1734042553191,55.8385098317934,-57.9920883178711
20.2409574468085,55.8385098317934,-51.9220886230469
20.3085106382979,55.8385098317934,-46.4020881652832
20.3760638297872,55.8385098317934,-43.4920883178711
20.4436170212766,55.8385098317934,-41.2020874023438
20.511170212766,55.8385098317934,-40.8520889282227
20.5787234042553,55.8385098317934,-41.639087677002
20.6462765957447,55.8385098317934,-39.2490882873535
20.713829787234,55.8385098317934,-37.8090896606445
20.7813829787234,55.8385098317934,-37.2790870666504
20.8489361702128,55.8385098317934,-34.3290901184082
20.9164893617021,55.8385098317934,-29.3990879058838
20.9840425531915,55.8385098317934,-20.7090892791748
21.0515957446809,55.8385098317934,-11.0590887069702
21.1191489361702,55.8385098317934,11.441822052002
21.1867021276596,55.8385098317934,22.191822052002
21.2542553191489,55.8385098317934,25.7918224334717
21.3218085106383,55.8385098317934,40.2618217468262
21.3893617021277,55.8385098317934,48.691822052002
21.456914893617,55.8385098317934,59.9518203735352
21.5244680851064,55.8385098317934,77.4918212890625
21.5920212765957,55.8385098317934,83.1418228149414
21.6595744680851,55.8385098317934,90.5908508300781
21.7271276595745,55.8385098317934,97.1308517456055
21.7946808510638,55.8385098317934,109.120849609375
21.8622340425532,55.8385098317934,107.860855102539
21.9297872340426,55.8385098317934,107.240852355957
21.9973404255319,55.8385098317934,110.790855407715
22.0648936170213,55.8385098317934,117.280853271484
22.1324468085106,55.8385098317934,137.70085144043
22.2,55.8385098317934,163.818267822266
9.5,55.7703111426992,84.7724990844727
9.56755319148936,55.7703111426992,77.182502746582
9.63510638297872,55.7703111426992,64.8324966430664
9.70265957446808,55.7703111426992,52.7924995422363
9.77021276595745,55.7703111426992,63.0724983215332
9.83776595744681,55.7703111426992,58.0290832519531
9.90531914893617,55.7703111426992,29.2190837860107
9.97287234042553,55.7703111426992,5.10908460617065
10.0404255319149,55.7703111426992,-11.110915184021
10.1079787234043,55.7703111426992,-8.89091491699219
10.1755319148936,55.7703111426992,-3.2909152507782
10.243085106383,55.7703111426992,-0.790915310382843
10.3106382978723,55.7703111426992,-8.97091484069824
10.3781914893617,55.7703111426992,-14.8905487060547
10.4457446808511,55.7703111426992,-19.9605484008789
10.5132978723404,55.7703111426992,-3.1505491733551
10.5808510638298,55.7703111426992,-9.6105489730835
10.6484042553192,55.7703111426992,-19.6905498504639
10.7159574468085,55.7703111426992,-20.5505485534668
10.7835106382979,55.7703111426992,-25.4005489349365
10.8510638297872,55.7703111426992,-10.2305488586426
10.9186170212766,55.7703111426992,-7.12717962265015
10.986170212766,55.7703111426992,-11.0271797180176
11.0537234042553,55.7703111426992,-8.88717937469482
11.1212765957447,55.7703111426992,-6.05717945098877
11.188829787234,55.7703111426992,-8.32717990875244
11.2563829787234,55.7703111426992,-1.44717943668365
11.3239361702128,55.7703111426992,7.09282064437866
11.3914893617021,55.7703111426992,10.9628200531006
11.4590425531915,55.7703111426992,-0.33702477812767
11.5265957446809,55.7703111426992,5.19297504425049
11.5941489361702,55.7703111426992,10.9329748153687
11.6617021276596,55.7703111426992,11.9929752349854
11.7292553191489,55.7703111426992,0.892975211143494
11.7968085106383,55.7703111426992,3.68297529220581
11.8643617021277,55.7703111426992,29.1429748535156
11.931914893617,55.7703111426992,21.6429748535156
11.9994680851064,55.7703111426992,6.8042049407959
12.0670212765957,55.7703111426992,8.44420528411865
12.1345744680851,55.7703111426992,14.4042053222656
12.2021276595745,55.7703111426992,17.964204788208
12.2696808510638,55.7703111426992,21.3742046356201
12.3372340425532,55.7703111426992,34.4242057800293
12.4047872340426,55.7703111426992,31.7542057037354
12.4723404255319,55.7703111426992,31.3042049407959
12.5398936170213,55.7703111426992,17.7833309173584
12.6074468085106,55.7703111426992,-7.42666959762573
12.675,55.7703111426992,-13.6766700744629
12.7425531914894,55.7703111426992,-15.4466695785522
12.8101063829787,55.7703111426992,-16.6366691589355
12.8776595744681,55.7703111426992,-9.68666934967041
12.9452127659574,55.7703111426992,7.08333015441895
13.0127659574468,55.7703111426992,12.4633302688599
13.0803191489362,55.7703111426992,19.8801231384277
13.1478723404255,55.7703111426992,27.8601226806641
13.2154255319149,55.7703111426992,41.8001251220703
13.2829787234043,55.7703111426992,40.4301223754883
13.3505319148936,55.7703111426992,45.4301223754883
13.418085106383,55.7703111426992,85.2801208496094
13.4856382978723,55.7703111426992,116.120124816895
13.5531914893617,55.7703111426992,120.970123291016
13.6207446808511,55.7703111426992,128.18928527832
13.6882978723404,55.7703111426992,132.00927734375
13.7558510638298,55.7703111426992,146.609283447266
13.8234042553192,55.7703111426992,161.489288330078
13.8909574468085,55.7703111426992,166.879287719727
13.9585106382979,55.7703111426992,162.449279785156
14.0260638297872,55.7703111426992,134.839279174805
14.0936170212766,55.7703111426992,93.7292861938477
14.161170212766,55.7703111426992,38.7622337341309
14.2287234042553,55.7703111426992,-18.077766418457
14.2962765957447,55.7703111426992,-21.4777660369873
14.363829787234,55.7703111426992,-21.3077659606934
14.4313829787234,55.7703111426992,-24.7977657318115
14.4989361702128,55.7703111426992,-29.0977649688721
14.5664893617021,55.7703111426992,-36.0477676391602
14.6340425531915,55.7703111426992,-43.3677673339844
14.7015957446809,55.7703111426992,-48.5965194702148
14.7691489361702,55.7703111426992,-50.9165191650391
14.8367021276596,55.7703111426992,-51.5965194702148
14.9042553191489,55.7703111426992,-47.7965202331543
14.9718085106383,55.7703111426992,-43.6565208435059
15.0393617021277,55.7703111426992,-44.6365203857422
15.106914893617,55.7703111426992,-46.9465179443359
15.1744680851064,55.7703111426992,-54.2265205383301
15.2420212765957,55.7703111426992,-56.602710723877
15.3095744680851,55.7703111426992,-57.2127113342285
15.3771276595745,55.7703111426992,-58.8127136230469
15.4446808510638,55.7703111426992,-58.972713470459
15.5122340425532,55.7703111426992,-57.7527122497559
15.5797872340426,55.7703111426992,-57.8327102661133
15.6473404255319,55.7703111426992,-57.3927116394043
15.7148936170213,55.7703111426992,-53.8027114868164
15.7824468085106,55.7703111426992,-52.2644653320312
15.85,55.7703111426992,-57.1044654846191
15.9175531914894,55.7703111426992,-61.4144630432129
15.9851063829787,55.7703111426992,-62.9344635009766
16.0526595744681,55.7703111426992,-63.3344650268555
16.1202127659574,55.7703111426992,-63.0844650268555
16.1877659574468,55.7703111426992,-62.3644638061523
16.2553191489362,55.7703111426992,-62.0044631958008
16.3228723404255,55.7703111426992,-61.6653251647949
16.3904255319149,55.7703111426992,-61.1653251647949
16.4579787234043,55.7703111426992,-60.2953262329102
16.5255319148936,55.7703111426992,-58.8053245544434
16.593085106383,55.7703111426992,-56.9253273010254
16.6606382978723,55.7703111426992,-55.3053245544434
16.7281914893617,55.7703111426992,-50.5153274536133
16.7957446808511,55.7703111426992,-44.9053268432617
16.8632978723404,55.7703111426992,-39.8767700195312
16.9308510638298,55.7703111426992,-40.0167694091797
16.9984042553192,55.7703111426992,-41.616771697998
17.0659574468085,55.7703111426992,-42.7567710876465
17.1335106382979,55.7703111426992,-40.8567695617676
17.2010638297872,55.7703111426992,-35.7367706298828
17.2686170212766,55.7703111426992,-30.5867710113525
17.336170212766,55.7703111426992,-28.5967712402344
17.4037234042553,55.7703111426992,-28.2334842681885
17.4712765957447,55.7703111426992,-29.7534847259521
17.538829787234,55.7703111426992,-34.5234832763672
17.6063829787234,55.7703111426992,-41.4434852600098
17.6739361702128,55.7703111426992,-49.2934837341309
17.7414893617021,55.7703111426992,-57.4634857177734
17.8090425531915,55.7703111426992,-59.2934837341309
17.8765957446809,55.7703111426992,-60.1834831237793
17.9441489361702,55.7703111426992,-60.1898803710938
18.0117021276596,55.7703111426992,-61.819881439209
18.0792553191489,55.7703111426992,-64.9398803710938
18.1468085106383,55.7703111426992,-69.2498779296875
18.2143617021277,55.7703111426992,-78.7998809814453
18.281914893617,55.7703111426992,-94.4398803710938
18.3494680851064,55.7703111426992,-101.189880371094
18.4170212765957,55.7703111426992,-102.397323608398
18.4845744680851,55.7703111426992,-103.827323913574
18.5521276595745,55.7703111426992,-105.937324523926
18.6196808510638,55.7703111426992,-101.487319946289
18.6872340425532,55.7703111426992,-102.427322387695
18.7547872340426,55.7703111426992,-99.9573211669922
18.8223404255319,55.7703111426992,-88.8573226928711
18.8898936170213,55.7703111426992,-87.9773254394531
18.9574468085106,55.7703111426992,-85.6385726928711
19.025,55.7703111426992,-88.3185729980469
19.0925531914894,55.7703111426992,-83.2985687255859
19.1601063829787,55.7703111426992,-75.4585723876953
19.2276595744681,55.7703111426992,-70.1285705566406
19.2952127659575,55.7703111426992,-68.7685699462891
19.3627659574468,55.7703111426992,-68.3085708618164
19.4303191489362,55.7703111426992,-69.9885711669922
19.4978723404255,55.7703111426992,-70.1036529541016
19.5654255319149,55.7703111426992,-70.3236541748047
19.6329787234043,55.7703111426992,-71.2736511230469
19.7005319148936,55.7703111426992,-72.6336517333984
19.768085106383,55.7703111426992,-72.9536514282227
19.8356382978723,55.7703111426992,-71.9836502075195
19.9031914893617,55.7703111426992,-69.4236526489258
19.9707446808511,55.7703111426992,-65.8936538696289
20.0382978723404,55.7703111426992,-63.1420860290527
20.1058510638298,55.7703111426992,-64.1620864868164
20.1734042553191,55.7703111426992,-64.9820861816406
20.2409574468085,55.7703111426992,-64.2020874023438
20.3085106382979,55.7703111426992,-55.5920867919922
20.3760638297872,55.7703111426992,-49.9020881652832
20.4436170212766,55.7703111426992,-47.7220878601074
20.511170212766,55.7703111426992,-46.7020874023438
20.5787234042553,55.7703111426992,-44.4290885925293
20.6462765957447,55.7703111426992,-42.8090896606445
20.713829787234,55.7703111426992,-41.6290893554688
20.7813829787234,55.7703111426992,-40.1190872192383
20.8489361702128,55.7703111426992,-37.639087677002
20.9164893617021,55.7703111426992,-33.3490905761719
20.9840425531915,55.7703111426992,-25.9990882873535
21.0515957446809,55.7703111426992,-14.8790884017944
21.1191489361702,55.7703111426992,16.7318210601807
21.1867021276596,55.7703111426992,16.7518215179443
21.2542553191489,55.7703111426992,23.4918212890625
21.3218085106383,55.7703111426992,30.521821975708
21.3893617021277,55.7703111426992,42.2718200683594
21.456914893617,55.7703111426992,49.5118217468262
21.5244680851064,55.7703111426992,74.001823425293
21.5920212765957,55.7703111426992,84.5318222045898
21.6595744680851,55.7703111426992,95.990852355957
21.7271276595745,55.7703111426992,109.290855407715
21.7946808510638,55.7703111426992,114.930854797363
21.8622340425532,55.7703111426992,117.490852355957
21.9297872340426,55.7703111426992,115.350852966309
21.9973404255319,55.7703111426992,118.590850830078
22.0648936170213,55.7703111426992,116.220855712891
22.1324468085106,55.7703111426992,128.020858764648
22.2,55.7703111426992,167.608261108398
9.5,55.702112453605,48.6725006103516
9.56755319148936,55.702112453605,44.0125007629395
9.63510638297872,55.702112453605,18.9424991607666
9.70265957446808,55.702112453605,43.4925003051758
9.77021276595745,55.702112453605,50.5825004577637
9.83776595744681,55.702112453605,31.5090847015381
9.90531914893617,55.702112453605,14.1290845870972
9.97287234042553,55.702112453605,-7.44091510772705
10.0404255319149,55.702112453605,-16.7709159851074
10.1079787234043,55.702112453605,-18.9809150695801
10.1755319148936,55.702112453605,-19.6909160614014
10.243085106383,55.702112453605,-20.2409152984619
10.3106382978723,55.702112453605,-19.8609161376953
10.3781914893617,55.702112453605,-20.6105499267578
10.4457446808511,55.702112453605,-19.600549697876
10.5132978723404,55.702112453605,-15.9905490875244
10.5808510638298,55.702112453605,-20.2605495452881
10.6484042553192,55.702112453605,-20.9705486297607
10.7159574468085,55.702112453605,-28.6605491638184
10.7835106382979,55.702112453605,-17.7305488586426
10.8510638297872,55.702112453605,-11.4505491256714
10.9186170212766,55.702112453605,-7.62717962265015
10.986170212766,55.702112453605,9.70282077789307
11.0537234042553,55.702112453605,10.41282081604
11.1212765957447,55.702112453605,7.37282037734985
11.188829787234,55.702112453605,3.45282053947449
11.2563829787234,55.702112453605,14.4528207778931
11.3239361702128,55.702112453605,42.7228202819824
11.3914893617021,55.702112453605,12.5028209686279
11.4590425531915,55.702112453605,11.8429756164551
11.5265957446809,55.702112453605,8.18297481536865
11.5941489361702,55.702112453605,12.3929748535156
11.6617021276596,55.702112453605,18.2429752349854
11.7292553191489,55.702112453605,15.9529752731323
11.7968085106383,55.702112453605,9.04297542572021
11.8643617021277,55.702112453605,21.0729751586914
11.931914893617,55.702112453605,6.51297521591187
11.9994680851064,55.702112453605,0.474204868078232
12.0670212765957,55.702112453605,6.23420476913452
12.1345744680851,55.702112453605,16.0442047119141
12.2021276595745,55.702112453605,18.714204788208
12.2696808510638,55.702112453605,22.3142051696777
12.3372340425532,55.702112453605,23.5042057037354
12.4047872340426,55.702112453605,18.0542049407959
12.4723404255319,55.702112453605,18.134204864502
12.5398936170213,55.702112453605,8.06333065032959
12.6074468085106,55.702112453605,-4.36666965484619
12.675,55.702112453605,-8.68666934967041
12.7425531914894,55.702112453605,-4.94666957855225
12.8101063829787,55.702112453605,-10.6066694259644
12.8776595744681,55.702112453605,-14.9666700363159
12.9452127659574,55.702112453605,-10.336669921875
13.0127659574468,55.702112453605,-0.616669714450836
13.0803191489362,55.702112453605,8.27012348175049
13.1478723404255,55.702112453605,27.7201232910156
13.2154255319149,55.702112453605,48.5201225280762
13.2829787234043,55.702112453605,59.6901245117188
13.3505319148936,55.702112453605,59.0001220703125
13.418085106383,55.702112453605,27.3201236724854
13.4856382978723,55.702112453605,27.9801235198975
13.5531914893617,55.702112453605,48.6001243591309
13.6207446808511,55.702112453605,67.6992874145508
13.6882978723404,55.702112453605,96.3492813110352
13.7558510638298,55.702112453605,97.4292831420898
13.8234042553192,55.702112453605,102.909286499023
13.8909574468085,55.702112453605,114.119285583496
13.9585106382979,55.702112453605,114.519287109375
14.0260638297872,55.702112453605,107.579284667969
14.0936170212766,55.702112453605,108.829284667969
14.161170212766,55.702112453605,64.5922317504883
14.2287234042553,55.702112453605,6.89223432540894
14.2962765957447,55.702112453605,-24.2877655029297
14.363829787234,55.702112453605,-36.3977661132812
14.4313829787234,55.702112453605,-41.1377639770508
14.4989361702128,55.702112453605,-44.1277656555176
14.5664893617021,55.702112453605,-44.6777648925781
14.6340425531915,55.702112453605,-46.5977668762207
14.7015957446809,55.702112453605,-53.1065216064453
14.7691489361702,55.702112453605,-55.2865180969238
14.8367021276596,55.702112453605,-55.9965209960938
14.9042553191489,55.702112453605,-56.0165214538574
14.9718085106383,55.702112453605,-55.9865188598633
15.0393617021277,55.702112453605,-57.8065185546875
15.106914893617,55.702112453605,-63.2965202331543
15.1744680851064,55.702112453605,-62.9365196228027
15.2420212765957,55.702112453605,-62.662712097168
15.3095744680851,55.702112453605,-63.0727119445801
15.3771276595745,55.702112453605,-64.5227127075195
15.4446808510638,55.702112453605,-65.9827117919922
15.5122340425532,55.702112453605,-64.6127090454102
15.5797872340426,55.702112453605,-63.9027137756348
15.6473404255319,55.702112453605,-63.8027114868164
15.7148936170213,55.702112453605,-63.0327110290527
15.7824468085106,55.702112453605,-56.9744644165039
15.85,55.702112453605,-62.1644630432129
15.9175531914894,55.702112453605,-67.6744613647461
15.9851063829787,55.702112453605,-68.1244659423828
16.0526595744681,55.702112453605,-68.4244613647461
16.1202127659574,55.702112453605,-67.8744659423828
16.1877659574468,55.702112453605,-67.3844680786133
16.2553191489362,55.702112453605,-67.194465637207
16.3228723404255,55.702112453605,-66.5353240966797
16.3904255319149,55.702112453605,-66.7653274536133
16.4579787234043,55.702112453605,-64.5553283691406
16.5255319148936,55.702112453605,-62.4453239440918
16.593085106383,55.702112453605,-60.9053268432617
16.6606382978723,55.702112453605,-58.3553237915039
16.7281914893617,55.702112453605,-54.635326385498
16.7957446808511,55.702112453605,-48.4753265380859
16.8632978723404,55.702112453605,-39.1967697143555
16.9308510638298,55.702112453605,-33.116771697998
16.9984042553192,55.702112453605,-33.9667701721191
17.0659574468085,55.702112453605,-35.0267715454102
17.1335106382979,55.702112453605,-33.7167701721191
17.2010638297872,55.702112453605,-29.0267715454102
17.2686170212766,55.702112453605,-24.8567714691162
17.336170212766,55.702112453605,-20.6267719268799
17.4037234042553,55.702112453605,-20.2234840393066
17.4712765957447,55.702112453605,-23.6834850311279
17.538829787234,55.702112453605,-29.2234840393066
17.6063829787234,55.702112453605,-36.8834838867188
17.6739361702128,55.702112453605,-48.1734848022461
17.7414893617021,55.702112453605,-54.8834838867188
17.8090425531915,55.702112453605,-56.8634834289551
17.8765957446809,55.702112453605,-59.3834838867188
17.9441489361702,55.702112453605,-59.8398818969727
18.0117021276596,55.702112453605,-64.0798797607422
18.0792553191489,55.702112453605,-67.8998794555664
18.1468085106383,55.702112453605,-75.3098831176758
18.2143617021277,55.702112453605,-87.0698776245117
18.281914893617,55.702112453605,-95.4698791503906
18.3494680851064,55.702112453605,-98.5398788452148
18.4170212765957,55.702112453605,-98.2073211669922
18.4845744680851,55.702112453605,-99.8073196411133
18.5521276595745,55.702112453605,-99.0173187255859
18.6196808510638,55.702112453605,-97.7173233032227
18.6872340425532,55.702112453605,-94.4673233032227
18.7547872340426,55.702112453605,-87.7373199462891
18.8223404255319,55.702112453605,-84.25732421875
18.8898936170213,55.702112453605,-82.8173217773438
18.9574468085106,55.702112453605,-86.0585708618164
19.025,55.702112453605,-85.4785690307617
19.0925531914894,55.702112453605,-85.0985717773438
19.1601063829787,55.702112453605,-80.1585693359375
19.2276595744681,55.702112453605,-75.7485733032227
19.2952127659575,55.702112453605,-74.28857421875
19.3627659574468,55.702112453605,-73.918571472168
19.4303191489362,55.702112453605,-75.0285720825195
19.4978723404255,55.702112453605,-74.373649597168
19.5654255319149,55.702112453605,-74.6836547851562
19.6329787234043,55.702112453605,-76.2536544799805
19.7005319148936,55.702112453605,-77.4836502075195
19.768085106383,55.702112453605,-78.4436492919922
19.8356382978723,55.702112453605,-78.0036544799805
19.9031914893617,55.702112453605,-76.3936538696289
19.9707446808511,55.702112453605,-74.4636535644531
20.0382978723404,55.702112453605,-72.7820892333984
20.1058510638298,55.702112453605,-71.4920883178711
20.1734042553191,55.702112453605,-70.0420837402344
20.2409574468085,55.702112453605,-68.7320861816406
20.3085106382979,55.702112453605,-64.4820861816406
20.3760638297872,55.702112453605,-58.962085723877
20.4436170212766,55.702112453605,-54.7620887756348
20.511170212766,55.702112453605,-51.9520874023438
20.5787234042553,55.702112453605,-49.0590896606445
20.6462765957447,55.702112453605,-46.259090423584
20.713829787234,55.702112453605,-44.7890892028809
20.7813829787234,55.702112453605,-43.2190895080566
20.8489361702128,55.702112453605,-41.4790878295898
20.9164893617021,55.702112453605,-37.5590896606445
20.9840425531915,55.702112453605,-30.8890895843506
21.0515957446809,55.702112453605,-23.0690879821777
21.1191489361702,55.702112453605,-0.0981783270835876
21.1867021276596,55.702112453605,10.3218212127686
21.2542553191489,55.702112453605,18.9218215942383
21.3218085106383,55.702112453605,24.3718223571777
21.3893617021277,55.702112453605,26.0918216705322
21.456914893617,55.702112453605,36.9018211364746
21.5244680851064,55.702112453605,62.001823425293
21.5920212765957,55.702112453605,76.6918182373047
21.6595744680851,55.702112453605,95.9208526611328
21.7271276595745,55.702112453605,109.000854492188
21.7946808510638,55.702112453605,111.100852966309
21.8622340425532,55.702112453605,110.70085144043
21.9297872340426,55.702112453605,109.740852355957
21.9973404255319,55.702112453605,107.270851135254
22.0648936170213,55.702112453605,109.440856933594
22.1324468085106,55.702112453605,122.620849609375
22.2,55.702112453605,129.978256225586
9.5,55.6339137645108,65.8624954223633
9.56755319148936,55.6339137645108,41.7124977111816
9.63510638297872,55.6339137645108,23.6824989318848
9.70265957446808,55.6339137645108,5.02249908447266
9.77021276595745,55.6339137645108,-1.76750099658966
9.83776595744681,55.6339137645108,-13.0209150314331
9.90531914893617,55.6339137645108,-14.2509155273438
9.97287234042553,55.6339137645108,-15.3409156799316
10.0404255319149,55.6339137645108,-12.2809152603149
10.1079787234043,55.6339137645108,-5.64091539382935
10.1755319148936,55.6339137645108,-7.45091533660889
10.243085106383,55.6339137645108,-8.04091548919678
10.3106382978723,55.6339137645108,-11.9709148406982
10.3781914893617,55.6339137645108,-16.120548248291
10.4457446808511,55.6339137645108,-17.7805500030518
10.5132978723404,55.6339137645108,-14.6005487442017
10.5808510638298,55.6339137645108,-11.180549621582
10.6484042553192,55.6339137645108,-22.5605487823486
10.7159574468085,55.6339137645108,-27.6505489349365
10.7835106382979,55.6339137645108,-22.2605495452881
10.8510638297872,55.6339137645108,-12.9205493927002
10.9186170212766,55.6339137645108,-8.64717960357666
10.986170212766,55.6339137645108,-4.28717947006226
11.0537234042553,55.6339137645108,4.21282052993774
11.1212765957447,55.6339137645108,19.4028205871582
11.188829787234,55.6339137645108,27.2128200531006
11.2563829787234,55.6339137645108,22.082820892334
11.3239361702128,55.6339137645108,30.41282081604
11.3914893617021,55.6339137645108,40.2928199768066
11.4590425531915,55.6339137645108,39.1029739379883
11.5265957446809,55.6339137645108,43.8129768371582
11.5941489361702,55.6339137645108,41.4829750061035
11.6617021276596,55.6339137645108,53.9929733276367
11.7292553191489,55.6339137645108,32.4029769897461
11.7968085106383,55.6339137645108,42.6529769897461
11.8643617021277,55.6339137645108,42.4429740905762
11.931914893617,55.6339137645108,21.5929756164551
11.9994680851064,55.6339137645108,27.7042045593262
12.0670212765957,55.6339137645108,37.4642066955566
12.1345744680851,55.6339137645108,41.0042037963867
12.2021276595745,55.6339137645108,28.5942039489746
12.2696808510638,55.6339137645108,14.004204750061
12.3372340425532,55.6339137645108,6.67420482635498
12.4047872340426,55.6339137645108,7.19420480728149
12.4723404255319,55.6339137645108,3.44420480728149
12.5398936170213,55.6339137645108,1.35333025455475
12.6074468085106,55.6339137645108,2.54333019256592
12.675,55.6339137645108,-5.73666954040527
12.7425531914894,55.6339137645108,-0.026669692248106
12.8101063829787,55.6339137645108,-6.17666959762573
12.8776595744681,55.6339137645108,-10.9366693496704
12.9452127659574,55.6339137645108,-9.78666973114014
13.0127659574468,55.6339137645108,0.493330299854279
13.0803191489362,55.6339137645108,9.97012329101562
13.1478723404255,55.6339137645108,16.3801231384277
13.2154255319149,55.6339137645108,16.9001235961914
13.2829787234043,55.6339137645108,24.6701240539551
13.3505319148936,55.6339137645108,48.6001243591309
13.418085106383,55.6339137645108,74.1701202392578
13.4856382978723,55.6339137645108,52.0001220703125
13.5531914893617,55.6339137645108,39.7501220703125
13.6207446808511,55.6339137645108,36.4892845153809
13.6882978723404,55.6339137645108,49.9492835998535
13.7558510638298,55.6339137645108,79.0292816162109
13.8234042553192,55.6339137645108,78.0892868041992
13.8909574468085,55.6339137645108,84.7592849731445
13.9585106382979,55.6339137645108,102.92928314209
14.0260638297872,55.6339137645108,118.419281005859
14.0936170212766,55.6339137645108,129.589279174805
14.161170212766,55.6339137645108,115.242233276367
14.2287234042553,55.6339137645108,70.1822357177734
14.2962765957447,55.6339137645108,-4.81776571273804
14.363829787234,55.6339137645108,-35.2177658081055
14.4313829787234,55.6339137645108,-48.6377639770508
14.4989361702128,55.6339137645108,-52.9377670288086
14.5664893617021,55.6339137645108,-56.7377662658691
14.6340425531915,55.6339137645108,-59.2977676391602
14.7015957446809,55.6339137645108,-64.1965179443359
14.7691489361702,55.6339137645108,-66.4365234375
14.8367021276596,55.6339137645108,-68.4965209960938
14.9042553191489,55.6339137645108,-71.7665176391602
14.9718085106383,55.6339137645108,-72.9865188598633
15.0393617021277,55.6339137645108,-75.4565200805664
15.106914893617,55.6339137645108,-75.0165176391602
15.1744680851064,55.6339137645108,-72.8565216064453
15.2420212765957,55.6339137645108,-71.6127090454102
15.3095744680851,55.6339137645108,-70.78271484375
15.3771276595745,55.6339137645108,-69.9027099609375
15.4446808510638,55.6339137645108,-67.9327087402344
15.5122340425532,55.6339137645108,-67.2727127075195
15.5797872340426,55.6339137645108,-67.7927093505859
15.6473404255319,55.6339137645108,-67.412712097168
15.7148936170213,55.6339137645108,-67.1927108764648
15.7824468085106,55.6339137645108,-68.5544662475586
15.85,55.6339137645108,-71.8144607543945
15.9175531914894,55.6339137645108,-73.1644668579102
15.9851063829787,55.6339137645108,-73.9044647216797
16.0526595744681,55.6339137645108,-73.0344619750977
16.1202127659574,55.6339137645108,-72.5944671630859
16.1877659574468,55.6339137645108,-72.4744644165039
16.2553191489362,55.6339137645108,-72.444465637207
16.3228723404255,55.6339137645108,-71.575325012207
16.3904255319149,55.6339137645108,-68.6753234863281
16.4579787234043,55.6339137645108,-61.5353240966797
16.5255319148936,55.6339137645108,-61.2353248596191
16.593085106383,55.6339137645108,-62.7353248596191
16.6606382978723,55.6339137645108,-60.4253273010254
16.7281914893617,55.6339137645108,-53.6653251647949
16.7957446808511,55.6339137645108,-46.0653266906738
16.8632978723404,55.6339137645108,-37.6867713928223
16.9308510638298,55.6339137645108,-32.4967727661133
16.9984042553192,55.6339137645108,-30.9467716217041
17.0659574468085,55.6339137645108,-31.7767715454102
17.1335106382979,55.6339137645108,-29.6567707061768
17.2010638297872,55.6339137645108,-26.8867721557617
17.2686170212766,55.6339137645108,-22.8367710113525
17.336170212766,55.6339137645108,-19.9267711639404
17.4037234042553,55.6339137645108,-17.763484954834
17.4712765957447,55.6339137645108,-17.9234848022461
17.538829787234,55.6339137645108,-25.5834846496582
17.6063829787234,55.6339137645108,-33.9034843444824
17.6739361702128,55.6339137645108,-40.5334854125977
17.7414893617021,55.6339137645108,-43.8734855651855
17.8090425531915,55.6339137645108,-49.8934860229492
17.8765957446809,55.6339137645108,-56.9134826660156
17.9441489361702,55.6339137645108,-60.7798805236816
18.0117021276596,55.6339137645108,-67.9798812866211
18.0792553191489,55.6339137645108,-72.9298782348633
18.1468085106383,55.6339137645108,-78.3098831176758
18.2143617021277,55.6339137645108,-84.3498840332031
18.281914893617,55.6339137645108,-92.0398788452148
18.3494680851064,55.6339137645108,-95.3098831176758
18.4170212765957,55.6339137645108,-94.1673202514648
18.4845744680851,55.6339137645108,-95.6273193359375
18.5521276595745,55.6339137645108,-95.7873229980469
18.6196808510638,55.6339137645108,-89.7373199462891
18.6872340425532,55.6339137645108,-84.4973220825195
18.7547872340426,55.6339137645108,-85.4273223876953
18.8223404255319,55.6339137645108,-82.7873229980469
18.8898936170213,55.6339137645108,-84.8373260498047
18.9574468085106,55.6339137645108,-86.3185729980469
19.025,55.6339137645108,-88.2185745239258
19.0925531914894,55.6339137645108,-88.3885726928711
19.1601063829787,55.6339137645108,-83.918571472168
19.2276595744681,55.6339137645108,-80.6385726928711
19.2952127659575,55.6339137645108,-78.9685745239258
19.3627659574468,55.6339137645108,-80.5085754394531
19.4303191489362,55.6339137645108,-83.2385711669922
19.4978723404255,55.6339137645108,-82.6036529541016
19.5654255319149,55.6339137645108,-81.2836532592773
19.6329787234043,55.6339137645108,-81.4036560058594
19.7005319148936,55.6339137645108,-82.5536499023438
19.768085106383,55.6339137645108,-82.74365234375
19.8356382978723,55.6339137645108,-82.5836563110352
19.9031914893617,55.6339137645108,-82.5736541748047
19.9707446808511,55.6339137645108,-81.2736511230469
20.0382978723404,55.6339137645108,-78.7120895385742
20.1058510638298,55.6339137645108,-75.8620834350586
20.1734042553191,55.6339137645108,-73.1820907592773
20.2409574468085,55.6339137645108,-71.9220886230469
20.3085106382979,55.6339137645108,-71.7320861816406
20.3760638297872,55.6339137645108,-69.64208984375
20.4436170212766,55.6339137645108,-66.4720840454102
20.511170212766,55.6339137645108,-62.3820877075195
20.5787234042553,55.6339137645108,-57.949089050293
20.6462765957447,55.6339137645108,-53.8090896606445
20.713829787234,55.6339137645108,-50.4690895080566
20.7813829787234,55.6339137645108,-47.1190872192383
20.8489361702128,55.6339137645108,-42.6090888977051
20.9164893617021,55.6339137645108,-38.639087677002
20.9840425531915,55.6339137645108,-32.5890884399414
21.0515957446809,55.6339137645108,-26.1790885925293
21.1191489361702,55.6339137645108,-2.15817832946777
21.1867021276596,55.6339137645108,2.82182168960571
21.2542553191489,55.6339137645108,11.231822013855
21.3218085106383,55.6339137645108,12.981822013855
21.3893617021277,55.6339137645108,19.0318222045898
21.456914893617,55.6339137645108,23.941822052002
21.5244680851064,55.6339137645108,37.6718215942383
21.5920212765957,55.6339137645108,59.7818222045898
21.6595744680851,55.6339137645108,82.8408508300781
21.7271276595745,55.6339137645108,96.1908569335938
21.7946808510638,55.6339137645108,109.390853881836
21.8622340425532,55.6339137645108,104.95085144043
21.9297872340426,55.6339137645108,101.730850219727
21.9973404255319,55.6339137645108,103.510856628418
22.0648936170213,55.6339137645108,100.130851745605
22.1324468085106,55.6339137645108,118.830856323242
22.2,55.6339137645108,135.188262939453
9.5,55.5657150754166,48.3024978637695
9.56755319148936,55.5657150754166,27.3424987792969
9.63510638297872,55.5657150754166,20.4124984741211
9.70265957446808,55.5657150754166,6.35249900817871
9.77021276595745,55.5657150754166,-0.0875009521842003
9.83776595744681,55.5657150754166,-14.570915222168
9.90531914893617,55.5657150754166,-11.4509153366089
9.97287234042553,55.5657150754166,-3.39091539382935
10.0404255319149,55.5657150754166,3.92908477783203
10.1079787234043,55.5657150754166,7.28908491134644
10.1755319148936,55.5657150754166,10.929084777832
10.243085106383,55.5657150754166,13.0090847015381
10.3106382978723,55.5657150754166,8.06908512115479
10.3781914893617,55.5657150754166,-0.120549164712429
10.4457446808511,55.5657150754166,-7.1705493927002
10.5132978723404,55.5657150754166,-11.0605487823486
10.5808510638298,55.5657150754166,2.36945080757141
10.6484042553192,55.5657150754166,-8.22054958343506
10.7159574468085,55.5657150754166,-20.4705486297607
10.7835106382979,55.5657150754166,-27.120548248291
10.8510638297872,55.5657150754166,-19.0605487823486
10.9186170212766,55.5657150754166,-13.4071798324585
10.986170212766,55.5657150754166,-11.3171796798706
11.0537234042553,55.5657150754166,-7.62717962265015
11.1212765957447,55.5657150754166,4.69282054901123
11.188829787234,55.5657150754166,8.44282054901123
11.2563829787234,55.5657150754166,8.67282009124756
11.3239361702128,55.5657150754166,46.9128189086914
11.3914893617021,55.5657150754166,34.6928215026855
11.4590425531915,55.5657150754166,31.1529750823975
11.5265957446809,55.5657150754166,29.1529750823975
11.5941489361702,55.5657150754166,34.8629760742188
11.6617021276596,55.5657150754166,37.6329765319824
11.7292553191489,55.5657150754166,48.4429740905762
11.7968085106383,55.5657150754166,74.6129760742188
11.8643617021277,55.5657150754166,63.4829750061035
11.931914893617,55.5657150754166,39.4929733276367
11.9994680851064,55.5657150754166,35.7242050170898
12.0670212765957,55.5657150754166,35.5942039489746
12.1345744680851,55.5657150754166,35.1042060852051
12.2021276595745,55.5657150754166,13.5742044448853
12.2696808510638,55.5657150754166,-2.27579522132874
12.3372340425532,55.5657150754166,-5.90579509735107
12.4047872340426,55.5657150754166,-7.41579532623291
12.4723404255319,55.5657150754166,-6.34579515457153
12.5398936170213,55.5657150754166,-1.00666964054108
12.6074468085106,55.5657150754166,-1.31666970252991
12.675,55.5657150754166,-7.10666990280151
12.7425531914894,55.5657150754166,-7.41666984558105
12.8101063829787,55.5657150754166,-8.11666965484619
12.8776595744681,55.5657150754166,-1.98666965961456
12.9452127659574,55.5657150754166,12.7533302307129
13.0127659574468,55.5657150754166,23.6133308410645
13.0803191489362,55.5657150754166,28.8801231384277
13.1478723404255,55.5657150754166,32.2301216125488
13.2154255319149,55.5657150754166,44.760124206543
13.2829787234043,55.5657150754166,45.4901237487793
13.3505319148936,55.5657150754166,55.8501243591309
13.418085106383,55.5657150754166,67.7701263427734
13.4856382978723,55.5657150754166,109.590126037598
13.5531914893617,55.5657150754166,109.940124511719
13.6207446808511,55.5657150754166,51.8192825317383
13.6882978723404,55.5657150754166,46.209285736084
13.7558510638298,55.5657150754166,57.1792831420898
13.8234042553192,55.5657150754166,76.0792846679688
13.8909574468085,55.5657150754166,69.6692810058594
13.9585106382979,55.5657150754166,71.0492858886719
14.0260638297872,55.5657150754166,81.6192855834961
14.0936170212766,55.5657150754166,78.5792846679688
14.161170212766,55.5657150754166,69.7022323608398
14.2287234042553,55.5657150754166,59.6122360229492
14.2962765957447,55.5657150754166,42.6622352600098
14.363829787234,55.5657150754166,-13.7577657699585
14.4313829787234,55.5657150754166,-38.0477676391602
14.4989361702128,55.5657150754166,-48.7177658081055
14.5664893617021,55.5657150754166,-57.1977653503418
14.6340425531915,55.5657150754166,-63.7377662658691
14.7015957446809,55.5657150754166,-70.2865219116211
14.7691489361702,55.5657150754166,-72.8765182495117
14.8367021276596,55.5657150754166,-75.1365203857422
14.9042553191489,55.5657150754166,-76.4765167236328
14.9718085106383,55.5657150754166,-78.4265213012695
15.0393617021277,55.5657150754166,-79.6065216064453
15.106914893617,55.5657150754166,-78.3365173339844
15.1744680851064,55.5657150754166,-76.1165161132812
15.2420212765957,55.5657150754166,-74.8727111816406
15.3095744680851,55.5657150754166,-73.03271484375
15.3771276595745,55.5657150754166,-71.662712097168
15.4446808510638,55.5657150754166,-71.7027130126953
15.5122340425532,55.5657150754166,-71.6327133178711
15.5797872340426,55.5657150754166,-73.0927124023438
15.6473404255319,55.5657150754166,-71.8127136230469
15.7148936170213,55.5657150754166,-72.0427093505859
15.7824468085106,55.5657150754166,-74.3744659423828
15.85,55.5657150754166,-77.4144668579102
15.9175531914894,55.5657150754166,-79.2044677734375
15.9851063829787,55.5657150754166,-78.574462890625
16.0526595744681,55.5657150754166,-77.2244644165039
16.1202127659574,55.5657150754166,-77.3544616699219
16.1877659574468,55.5657150754166,-76.1644668579102
16.2553191489362,55.5657150754166,-74.2744674682617
16.3228723404255,55.5657150754166,-71.6353225708008
16.3904255319149,55.5657150754166,-69.5653228759766
16.4579787234043,55.5657150754166,-68.3053283691406
16.5255319148936,55.5657150754166,-66.0453262329102
16.593085106383,55.5657150754166,-61.1553268432617
16.6606382978723,55.5657150754166,-55.0953254699707
16.7281914893617,55.5657150754166,-47.5053253173828
16.7957446808511,55.5657150754166,-40.2653274536133
16.8632978723404,55.5657150754166,-35.7367706298828
16.9308510638298,55.5657150754166,-32.306770324707
16.9984042553192,55.5657150754166,-31.1967716217041
17.0659574468085,55.5657150754166,-32.0467720031738
17.1335106382979,55.5657150754166,-30.2367706298828
17.2010638297872,55.5657150754166,-28.9167709350586
17.2686170212766,55.5657150754166,-25.6067714691162
17.336170212766,55.5657150754166,-22.8267707824707
17.4037234042553,55.5657150754166,-21.1634845733643
17.4712765957447,55.5657150754166,-19.9234848022461
17.538829787234,55.5657150754166,-20.3734836578369
17.6063829787234,55.5657150754166,-34.2534828186035
17.6739361702128,55.5657150754166,-42.6134834289551
17.7414893617021,55.5657150754166,-51.4434852600098
17.8090425531915,55.5657150754166,-60.3734855651855
17.8765957446809,55.5657150754166,-64.1134872436523
17.9441489361702,55.5657150754166,-67.5598831176758
18.0117021276596,55.5657150754166,-71.2898788452148
18.0792553191489,55.5657150754166,-72.1898803710938
18.1468085106383,55.5657150754166,-76.259880065918
18.2143617021277,55.5657150754166,-83.6398773193359
18.281914893617,55.5657150754166,-88.9798812866211
18.3494680851064,55.5657150754166,-90.4498825073242
18.4170212765957,55.5657150754166,-91.4673233032227
18.4845744680851,55.5657150754166,-93.00732421875
18.5521276595745,55.5657150754166,-89.2273254394531
18.6196808510638,55.5657150754166,-85.0873260498047
18.6872340425532,55.5657150754166,-83.7773208618164
18.7547872340426,55.5657150754166,-84.9973220825195
18.8223404255319,55.5657150754166,-85.4473190307617
18.8898936170213,55.5657150754166,-86.4473190307617
18.9574468085106,55.5657150754166,-86.4785690307617
19.025,55.5657150754166,-86.4285736083984
19.0925531914894,55.5657150754166,-87.5485687255859
19.1601063829787,55.5657150754166,-85.3985748291016
19.2276595744681,55.5657150754166,-81.1285705566406
19.2952127659575,55.5657150754166,-80.9385757446289
19.3627659574468,55.5657150754166,-84.5885696411133
19.4303191489362,55.5657150754166,-87.5685729980469
19.4978723404255,55.5657150754166,-88.2936553955078
19.5654255319149,55.5657150754166,-88.1436538696289
19.6329787234043,55.5657150754166,-87.6436538696289
19.7005319148936,55.5657150754166,-88.0236511230469
19.768085106383,55.5657150754166,-87.49365234375
19.8356382978723,55.5657150754166,-86.5736541748047
19.9031914893617,55.5657150754166,-85.3136520385742
19.9707446808511,55.5657150754166,-83.363655090332
20.0382978723404,55.5657150754166,-80.522087097168
20.1058510638298,55.5657150754166,-77.3020858764648
20.1734042553191,55.5657150754166,-73.9920883178711
20.2409574468085,55.5657150754166,-67.2520904541016
20.3085106382979,55.5657150754166,-62.3720855712891
20.3760638297872,55.5657150754166,-61.9720878601074
20.4436170212766,55.5657150754166,-64.4020843505859
20.511170212766,55.5657150754166,-66.772087097168
20.5787234042553,55.5657150754166,-64.5190887451172
20.6462765957447,55.5657150754166,-60.2290878295898
20.713829787234,55.5657150754166,-55.5890884399414
20.7813829787234,55.5657150754166,-50.6890869140625
20.8489361702128,55.5657150754166,-44.7090873718262
20.9164893617021,55.5657150754166,-38.0290870666504
20.9840425531915,55.5657150754166,-30.8190879821777
21.0515957446809,55.5657150754166,-26.3290882110596
21.1191489361702,55.5657150754166,0.401821672916412
21.1867021276596,55.5657150754166,-0.788178324699402
21.2542553191489,55.5657150754166,3.49182176589966
21.3218085106383,55.5657150754166,8.54182147979736
21.3893617021277,55.5657150754166,7.49182176589966
21.456914893617,55.5657150754166,16.9118213653564
21.5244680851064,55.5657150754166,25.7118225097656
21.5920212765957,55.5657150754166,38.1118202209473
21.6595744680851,55.5657150754166,49.8808517456055
21.7271276595745,55.5657150754166,63.5008544921875
21.7946808510638,55.5657150754166,81.7108535766602
21.8622340425532,55.5657150754166,98.4308547973633
21.9297872340426,55.5657150754166,103.160850524902
21.9973404255319,55.5657150754166,104.050849914551
22.0648936170213,55.5657150754166,118.530853271484
22.1324468085106,55.5657150754166,124.580856323242
22.2,55.5657150754166,134.288269042969
9.5,55.4975163863224,20.9724998474121
9.56755319148936,55.4975163863224,12.792498588562
9.63510638297872,55.4975163863224,3.91249895095825
9.70265957446808,55.4975163863224,11.6624994277954
9.77021276595745,55.4975163863224,17.2424983978271
9.83776595744681,55.4975163863224,18.8590850830078
9.90531914893617,55.4975163863224,10.2090845108032
9.97287234042553,55.4975163863224,23.099084854126
10.0404255319149,55.4975163863224,31.9190845489502
10.1079787234043,55.4975163863224,38.3290863037109
10.1755319148936,55.4975163863224,32.619083404541
10.243085106383,55.4975163863224,20.8190841674805
10.3106382978723,55.4975163863224,10.5290851593018
10.3781914893617,55.4975163863224,2.1694507598877
10.4457446808511,55.4975163863224,-0.350549161434174
10.5132978723404,55.4975163863224,0.519450843334198
10.5808510638298,55.4975163863224,4.1394510269165
10.6484042553192,55.4975163863224,8.74945068359375
10.7159574468085,55.4975163863224,-6.23054933547974
10.7835106382979,55.4975163863224,-22.8105487823486
10.8510638297872,55.4975163863224,-24.2605495452881
10.9186170212766,55.4975163863224,-20.2671794891357
10.986170212766,55.4975163863224,-14.7171792984009
11.0537234042553,55.4975163863224,-4.18717956542969
11.1212765957447,55.4975163863224,2.86282062530518
11.188829787234,55.4975163863224,8.35282039642334
11.2563829787234,55.4975163863224,25.8528213500977
11.3239361702128,55.4975163863224,32.6928215026855
11.3914893617021,55.4975163863224,31.0928211212158
11.4590425531915,55.4975163863224,34.0629768371582
11.5265957446809,55.4975163863224,35.6129760742188
11.5941489361702,55.4975163863224,39.2129745483398
11.6617021276596,55.4975163863224,38.5429763793945
11.7292553191489,55.4975163863224,43.0029754638672
11.7968085106383,55.4975163863224,54.7829742431641
11.8643617021277,55.4975163863224,53.682975769043
11.931914893617,55.4975163863224,45.7929763793945
11.9994680851064,55.4975163863224,38.7442054748535
12.0670212765957,55.4975163863224,25.5142040252686
12.1345744680851,55.4975163863224,10.3742046356201
12.2021276595745,55.4975163863224,-3.68579506874084
12.2696808510638,55.4975163863224,-10.3357954025269
12.3372340425532,55.4975163863224,-11.5657949447632
12.4047872340426,55.4975163863224,-12.0857954025269
12.4723404255319,55.4975163863224,-11.3557949066162
12.5398936170213,55.4975163863224,-10.6066694259644
12.6074468085106,55.4975163863224,-10.7266693115234
12.675,55.4975163863224,-11.4166698455811
12.7425531914894,55.4975163863224,-7.82666969299316
12.8101063829787,55.4975163863224,-6.44666957855225
12.8776595744681,55.4975163863224,-2.95666980743408
12.9452127659574,55.4975163863224,8.53332996368408
13.0127659574468,55.4975163863224,26.9633312225342
13.0803191489362,55.4975163863224,36.200122833252
13.1478723404255,55.4975163863224,43.6701240539551
13.2154255319149,55.4975163863224,54.950122833252
13.2829787234043,55.4975163863224,56.5501251220703
13.3505319148936,55.4975163863224,65.3301239013672
13.418085106383,55.4975163863224,63.8801231384277
13.4856382978723,55.4975163863224,58.5001220703125
13.5531914893617,55.4975163863224,62.3401222229004
13.6207446808511,55.4975163863224,78.8192825317383
13.6882978723404,55.4975163863224,66.399284362793
13.7558510638298,55.4975163863224,51.9092826843262
13.8234042553192,55.4975163863224,50.7392845153809
13.8909574468085,55.4975163863224,40.5192832946777
13.9585106382979,55.4975163863224,47.3292846679688
14.0260638297872,55.4975163863224,56.1292839050293
14.0936170212766,55.4975163863224,53.8692855834961
14.161170212766,55.4975163863224,48.8322334289551
14.2287234042553,55.4975163863224,37.1322326660156
14.2962765957447,55.4975163863224,22.3622341156006
14.363829787234,55.4975163863224,-20.8577651977539
14.4313829787234,55.4975163863224,-40.2877655029297
14.4989361702128,55.4975163863224,-46.1477661132812
14.5664893617021,55.4975163863224,-50.1477661132812
14.6340425531915,55.4975163863224,-58.8777656555176
14.7015957446809,55.4975163863224,-65.6365203857422
14.7691489361702,55.4975163863224,-67.2865219116211
14.8367021276596,55.4975163863224,-70.2365188598633
14.9042553191489,55.4975163863224,-72.046516418457
14.9718085106383,55.4975163863224,-74.8465194702148
15.0393617021277,55.4975163863224,-78.6965179443359
15.106914893617,55.4975163863224,-83.5265197753906
15.1744680851064,55.4975163863224,-80.2465209960938
15.2420212765957,55.4975163863224,-76.1927108764648
15.3095744680851,55.4975163863224,-75.0027084350586
15.3771276595745,55.4975163863224,-74.9727096557617
15.4446808510638,55.4975163863224,-74.9327087402344
15.5122340425532,55.4975163863224,-74.4427108764648
15.5797872340426,55.4975163863224,-82.0027084350586
15.6473404255319,55.4975163863224,-82.3027114868164
15.7148936170213,55.4975163863224,-81.5227127075195
15.7824468085106,55.4975163863224,-84.2844619750977
15.85,55.4975163863224,-85.444465637207
15.9175531914894,55.4975163863224,-83.9544677734375
15.9851063829787,55.4975163863224,-81.5444641113281
16.0526595744681,55.4975163863224,-79.694465637207
16.1202127659574,55.4975163863224,-78.1344680786133
16.1877659574468,55.4975163863224,-76.824462890625
16.2553191489362,55.4975163863224,-74.3144607543945
16.3228723404255,55.4975163863224,-72.1853256225586
16.3904255319149,55.4975163863224,-69.825325012207
16.4579787234043,55.4975163863224,-67.1353225708008
16.5255319148936,55.4975163863224,-61.7753257751465
16.593085106383,55.4975163863224,-55.0653266906738
16.6606382978723,55.4975163863224,-46.2553253173828
16.7281914893617,55.4975163863224,-39.4453239440918
16.7957446808511,55.4975163863224,-36.7753257751465
16.8632978723404,55.4975163863224,-35.9067726135254
16.9308510638298,55.4975163863224,-35.9667701721191
16.9984042553192,55.4975163863224,-36.1367721557617
17.0659574468085,55.4975163863224,-36.6767730712891
17.1335106382979,55.4975163863224,-35.8367729187012
17.2010638297872,55.4975163863224,-34.3367729187012
17.2686170212766,55.4975163863224,-33.7267723083496
17.336170212766,55.4975163863224,-32.4067726135254
17.4037234042553,55.4975163863224,-32.1334838867188
17.4712765957447,55.4975163863224,-30.9034843444824
17.538829787234,55.4975163863224,-36.8834838867188
17.6063829787234,55.4975163863224,-47.6434860229492
17.6739361702128,55.4975163863224,-54.0634841918945
17.7414893617021,55.4975163863224,-61.953483581543
17.8090425531915,55.4975163863224,-66.7134857177734
17.8765957446809,55.4975163863224,-69.3834838867188
17.9441489361702,55.4975163863224,-71.0598831176758
18.0117021276596,55.4975163863224,-70.7498779296875
18.0792553191489,55.4975163863224,-73.2898788452148
18.1468085106383,55.4975163863224,-77.2098770141602
18.2143617021277,55.4975163863224,-81.6498794555664
18.281914893617,55.4975163863224,-85.4098815917969
18.3494680851064,55.4975163863224,-87.0798797607422
18.4170212765957,55.4975163863224,-88.3973236083984
18.4845744680851,55.4975163863224,-87.6173248291016
18.5521276595745,55.4975163863224,-85.5873260498047
18.6196808510638,55.4975163863224,-82.75732421875
18.6872340425532,55.4975163863224,-82.0573196411133
18.7547872340426,55.4975163863224,-85.4873199462891
18.8223404255319,55.4975163863224,-87.0973205566406
18.8898936170213,55.4975163863224,-87.3273239135742
18.9574468085106,55.4975163863224,-86.9785690307617
19.025,55.4975163863224,-85.3085708618164
19.0925531914894,55.4975163863224,-86.4085693359375
19.1601063829787,55.4975163863224,-85.6985702514648
19.2276595744681,55.4975163863224,-81.0485687255859
19.2952127659575,55.4975163863224,-80.5885696411133
19.3627659574468,55.4975163863224,-83.6885757446289
19.4303191489362,55.4975163863224,-88.78857421875
19.4978723404255,55.4975163863224,-91.6636505126953
19.5654255319149,55.4975163863224,-93.3536529541016
19.6329787234043,55.4975163863224,-92.99365234375
19.7005319148936,55.4975163863224,-92.1836547851562
19.768085106383,55.4975163863224,-91.1436538696289
19.8356382978723,55.4975163863224,-89.113655090332
19.9031914893617,55.4975163863224,-86.5736541748047
19.9707446808511,55.4975163863224,-83.3136520385742
20.0382978723404,55.4975163863224,-76.9720840454102
20.1058510638298,55.4975163863224,-69.6020889282227
20.1734042553191,55.4975163863224,-62.4820861816406
20.2409574468085,55.4975163863224,-54.462085723877
20.3085106382979,55.4975163863224,-50.1720886230469
20.3760638297872,55.4975163863224,-48.0020866394043
20.4436170212766,55.4975163863224,-44.9520874023438
20.511170212766,55.4975163863224,-50.272087097168
20.5787234042553,55.4975163863224,-57.199089050293
20.6462765957447,55.4975163863224,-58.4690895080566
20.713829787234,55.4975163863224,-55.9290885925293
20.7813829787234,55.4975163863224,-48.949089050293
20.8489361702128,55.4975163863224,-40.0190887451172
20.9164893617021,55.4975163863224,-31.0490894317627
20.9840425531915,55.4975163863224,-24.3990879058838
21.0515957446809,55.4975163863224,-21.3690891265869
21.1191489361702,55.4975163863224,1.88182163238525
21.1867021276596,55.4975163863224,-1.89817833900452
21.2542553191489,55.4975163863224,-0.558178305625916
21.3218085106383,55.4975163863224,2.64182162284851
21.3893617021277,55.4975163863224,3.53182172775269
21.456914893617,55.4975163863224,8.8018217086792
21.5244680851064,55.4975163863224,19.0918216705322
21.5920212765957,55.4975163863224,30.0018215179443
21.6595744680851,55.4975163863224,40.550853729248
21.7271276595745,55.4975163863224,51.5408515930176
21.7946808510638,55.4975163863224,63.3808517456055
21.8622340425532,55.4975163863224,73.2308502197266
21.9297872340426,55.4975163863224,85.1808547973633
21.9973404255319,55.4975163863224,96.0408554077148
22.0648936170213,55.4975163863224,95.4208526611328
22.1324468085106,55.4975163863224,112.95085144043
22.2,55.4975163863224,106.858261108398
9.5,55.4293176972281,36.3824996948242
9.56755319148936,55.4293176972281,1.32249903678894
9.63510638297872,55.4293176972281,-12.1175012588501
9.70265957446808,55.4293176972281,-4.51750087738037
9.77021276595745,55.4293176972281,8.8824987411499
9.83776595744681,55.4293176972281,26.5590839385986
9.90531914893617,55.4293176972281,27.4590854644775
9.97287234042553,55.4293176972281,45.9190864562988
10.0404255319149,55.4293176972281,61.7490844726562
10.1079787234043,55.4293176972281,55.429084777832
10.1755319148936,55.4293176972281,26.7790851593018
10.243085106383,55.4293176972281,15.9590845108032
10.3106382978723,55.4293176972281,10.7290849685669
10.3781914893617,55.4293176972281,4.5294508934021
10.4457446808511,55.4293176972281,3.92945075035095
10.5132978723404,55.4293176972281,8.1694507598877
10.5808510638298,55.4293176972281,8.99945068359375
10.6484042553192,55.4293176972281,-2.27054905891418
10.7159574468085,55.4293176972281,-13.5405492782593
10.7835106382979,55.4293176972281,-19.7105484008789
10.8510638297872,55.4293176972281,-26.0705490112305
10.9186170212766,55.4293176972281,-22.8271789550781
10.986170212766,55.4293176972281,-19.4971790313721
11.0537234042553,55.4293176972281,-9.93717956542969
11.1212765957447,55.4293176972281,-7.53717947006226
11.188829787234,55.4293176972281,7.78282070159912
11.2563829787234,55.4293176972281,18.8928203582764
11.3239361702128,55.4293176972281,30.9028205871582
11.3914893617021,55.4293176972281,36.6328201293945
11.4590425531915,55.4293176972281,53.1729736328125
11.5265957446809,55.4293176972281,41.7329750061035
11.5941489361702,55.4293176972281,40.4529762268066
11.6617021276596,55.4293176972281,35.8829765319824
11.7292553191489,55.4293176972281,34.4729766845703
11.7968085106383,55.4293176972281,39.1429748535156
11.8643617021277,55.4293176972281,36.1429748535156
11.931914893617,55.4293176972281,35.4429740905762
11.9994680851064,55.4293176972281,39.0742034912109
12.0670212765957,55.4293176972281,32.1642036437988
12.1345744680851,55.4293176972281,12.4442052841187
12.2021276595745,55.4293176972281,-0.825795114040375
12.2696808510638,55.4293176972281,-8.30579471588135
12.3372340425532,55.4293176972281,-10.0957946777344
12.4047872340426,55.4293176972281,-14.2357950210571
12.4723404255319,55.4293176972281,-14.995795249939
12.5398936170213,55.4293176972281,-15.4766693115234
12.6074468085106,55.4293176972281,-13.0966701507568
12.675,55.4293176972281,-11.6866693496704
12.7425531914894,55.4293176972281,-7.70666980743408
12.8101063829787,55.4293176972281,-3.16666960716248
12.8776595744681,55.4293176972281,-2.32666969299316
12.9452127659574,55.4293176972281,2.39333033561707
13.0127659574468,55.4293176972281,10.7533302307129
13.0803191489362,55.4293176972281,26.200122833252
13.1478723404255,55.4293176972281,36.4201240539551
13.2154255319149,55.4293176972281,46.3601226806641
13.2829787234043,55.4293176972281,47.4401245117188
13.3505319148936,55.4293176972281,41.6601219177246
13.418085106383,55.4293176972281,42.9401245117188
13.4856382978723,55.4293176972281,30.4301242828369
13.5531914893617,55.4293176972281,26.1701240539551
13.6207446808511,55.4293176972281,27.9592838287354
13.6882978723404,55.4293176972281,20.479284286499
13.7558510638298,55.4293176972281,20.7192840576172
13.8234042553192,55.4293176972281,10.5892839431763
13.8909574468085,55.4293176972281,-1.7107161283493
13.9585106382979,55.4293176972281,4.11928367614746
14.0260638297872,55.4293176972281,17.7192840576172
14.0936170212766,55.4293176972281,26.5392837524414
14.161170212766,55.4293176972281,25.3022346496582
14.2287234042553,55.4293176972281,6.9922342300415
14.2962765957447,55.4293176972281,-19.1377658843994
14.363829787234,55.4293176972281,-36.1777648925781
14.4313829787234,55.4293176972281,-45.2577667236328
14.4989361702128,55.4293176972281,-56.2377662658691
14.5664893617021,55.4293176972281,-64.1277694702148
14.6340425531915,55.4293176972281,-69.7177658081055
14.7015957446809,55.4293176972281,-70.3865203857422
14.7691489361702,55.4293176972281,-69.7765197753906
14.8367021276596,55.4293176972281,-70.7065200805664
14.9042553191489,55.4293176972281,-68.1165161132812
14.9718085106383,55.4293176972281,-67.5265197753906
15.0393617021277,55.4293176972281,-70.1665191650391
15.106914893617,55.4293176972281,-76.8565216064453
15.1744680851064,55.4293176972281,-76.0365219116211
15.2420212765957,55.4293176972281,-75.1127090454102
15.3095744680851,55.4293176972281,-74.9927139282227
15.3771276595745,55.4293176972281,-75.0027084350586
15.4446808510638,55.4293176972281,-75.0027084350586
15.5122340425532,55.4293176972281,-75.2127151489258
15.5797872340426,55.4293176972281,-78.4527130126953
15.6473404255319,55.4293176972281,-86.4827117919922
15.7148936170213,55.4293176972281,-89.9727096557617
15.7824468085106,55.4293176972281,-92.3744659423828
15.85,55.4293176972281,-92.7144622802734
15.9175531914894,55.4293176972281,-91.0844650268555
15.9851063829787,55.4293176972281,-88.6044616699219
16.0526595744681,55.4293176972281,-85.3944625854492
16.1202127659574,55.4293176972281,-81.8344650268555
16.1877659574468,55.4293176972281,-78.4644622802734
16.2553191489362,55.4293176972281,-74.7544631958008
16.3228723404255,55.4293176972281,-70.4653244018555
16.3904255319149,55.4293176972281,-66.6353225708008
16.4579787234043,55.4293176972281,-62.9753265380859
16.5255319148936,55.4293176972281,-54.9753265380859
16.593085106383,55.4293176972281,-48.5253257751465
16.6606382978723,55.4293176972281,-45.1953239440918
16.7281914893617,55.4293176972281,-46.075325012207
16.7957446808511,55.4293176972281,-47.3953247070312
16.8632978723404,55.4293176972281,-47.7067718505859
16.9308510638298,55.4293176972281,-48.3767700195312
16.9984042553192,55.4293176972281,-49.7167701721191
17.0659574468085,55.4293176972281,-49.0967712402344
17.1335106382979,55.4293176972281,-48.6867713928223
17.2010638297872,55.4293176972281,-47.6467704772949
17.2686170212766,55.4293176972281,-48.4567718505859
17.336170212766,55.4293176972281,-48.3467712402344
17.4037234042553,55.4293176972281,-48.9034843444824
17.4712765957447,55.4293176972281,-50.8734855651855
17.538829787234,55.4293176972281,-55.5034828186035
17.6063829787234,55.4293176972281,-61.1734848022461
17.6739361702128,55.4293176972281,-68.3934860229492
17.7414893617021,55.4293176972281,-72.3434829711914
17.8090425531915,55.4293176972281,-72.0034866333008
17.8765957446809,55.4293176972281,-70.5534820556641
17.9441489361702,55.4293176972281,-69.7698822021484
18.0117021276596,55.4293176972281,-73.3098831176758
18.0792553191489,55.4293176972281,-76.8898773193359
18.1468085106383,55.4293176972281,-79.0798797607422
18.2143617021277,55.4293176972281,-82.7198791503906
18.281914893617,55.4293176972281,-84.9898834228516
18.3494680851064,55.4293176972281,-85.7098770141602
18.4170212765957,55.4293176972281,-84.6073226928711
18.4845744680851,55.4293176972281,-84.2673187255859
18.5521276595745,55.4293176972281,-83.4773254394531
18.6196808510638,55.4293176972281,-81.0873260498047
18.6872340425532,55.4293176972281,-81.8973236083984
18.7547872340426,55.4293176972281,-86.4173202514648
18.8223404255319,55.4293176972281,-88.25732421875
18.8898936170213,55.4293176972281,-89.3773193359375
18.9574468085106,55.4293176972281,-88.4985733032227
19.025,55.4293176972281,-84.9385757446289
19.0925531914894,55.4293176972281,-85.3385696411133
19.1601063829787,55.4293176972281,-80.9985733032227
19.2276595744681,55.4293176972281,-81.0485687255859
19.2952127659575,55.4293176972281,-85.1985702514648
19.3627659574468,55.4293176972281,-87.5485687255859
19.4303191489362,55.4293176972281,-90.6485748291016
19.4978723404255,55.4293176972281,-93.863655090332
19.5654255319149,55.4293176972281,-95.5936508178711
19.6329787234043,55.4293176972281,-96.5936508178711
19.7005319148936,55.4293176972281,-95.7036514282227
19.768085106383,55.4293176972281,-93.623649597168
19.8356382978723,55.4293176972281,-91.9236526489258
19.9031914893617,55.4293176972281,-87.4036560058594
19.9707446808511,55.4293176972281,-78.2336502075195
20.0382978723404,55.4293176972281,-64.7420883178711
20.1058510638298,55.4293176972281,-54.4920883178711
20.1734042553191,55.4293176972281,-49.0420875549316
20.2409574468085,55.4293176972281,-45.6520881652832
20.3085106382979,55.4293176972281,-44.3820877075195
20.3760638297872,55.4293176972281,-42.1220855712891
20.4436170212766,55.4293176972281,-40.0320854187012
20.511170212766,55.4293176972281,-38.7020874023438
20.5787234042553,55.4293176972281,-37.6290893554688
20.6462765957447,55.4293176972281,-43.2190895080566
20.713829787234,55.4293176972281,-43.2890892028809
20.7813829787234,55.4293176972281,-39.1490898132324
20.8489361702128,55.4293176972281,-32.2390899658203
20.9164893617021,55.4293176972281,-25.9790878295898
20.9840425531915,55.4293176972281,-21.8790893554688
21.0515957446809,55.4293176972281,-12.3290891647339
21.1191489361702,55.4293176972281,4.93182182312012
21.1867021276596,55.4293176972281,-1.92817831039429
21.2542553191489,55.4293176972281,-0.308178335428238
21.3218085106383,55.4293176972281,2.95182156562805
21.3893617021277,55.4293176972281,1.64182162284851
21.456914893617,55.4293176972281,2.92182159423828
21.5244680851064,55.4293176972281,13.6018218994141
21.5920212765957,55.4293176972281,25.6218223571777
21.6595744680851,55.4293176972281,34.2608528137207
21.7271276595745,55.4293176972281,43.8508529663086
21.7946808510638,55.4293176972281,53.2608528137207
21.8622340425532,55.4293176972281,64.8508529663086
21.9297872340426,55.4293176972281,78.1408538818359
21.9973404255319,55.4293176972281,85.9608535766602
22.0648936170213,55.4293176972281,83.2908554077148
22.1324468085106,55.4293176972281,94.1708526611328
22.2,55.4293176972281,97.588264465332
9.5,55.3611190081339,22.082498550415
9.56755319148936,55.3611190081339,3.98249912261963
9.63510638297872,55.3611190081339,-10.7675008773804
9.70265957446808,55.3611190081339,-13.4375009536743
9.77021276595745,55.3611190081339,-0.467500954866409
9.83776595744681,55.3611190081339,13.889084815979
9.90531914893617,55.3611190081339,40.2890853881836
9.97287234042553,55.3611190081339,57.179084777832
10.0404255319149,55.3611190081339,62.0590858459473
10.1079787234043,55.3611190081339,76.2290878295898
10.1755319148936,55.3611190081339,59.9790840148926
10.243085106383,55.3611190081339,39.6890830993652
10.3106382978723,55.3611190081339,23.0690841674805
10.3781914893617,55.3611190081339,21.3394508361816
10.4457446808511,55.3611190081339,21.399450302124
10.5132978723404,55.3611190081339,17.5494499206543
10.5808510638298,55.3611190081339,16.3494510650635
10.6484042553192,55.3611190081339,12.0594511032104
10.7159574468085,55.3611190081339,7.95945072174072
10.7835106382979,55.3611190081339,-17.9405498504639
10.8510638297872,55.3611190081339,-22.620548248291
10.9186170212766,55.3611190081339,-18.5571804046631
10.986170212766,55.3611190081339,-25.0171794891357
11.0537234042553,55.3611190081339,-6.32717943191528
11.1212765957447,55.3611190081339,-1.09717953205109
11.188829787234,55.3611190081339,5.58282041549683
11.2563829787234,55.3611190081339,20.8028202056885
11.3239361702128,55.3611190081339,44.2328186035156
11.3914893617021,55.3611190081339,48.4728202819824
11.4590425531915,55.3611190081339,53.622974395752
11.5265957446809,55.3611190081339,32.9729766845703
11.5941489361702,55.3611190081339,31.6329746246338
11.6617021276596,55.3611190081339,31.0729751586914
11.7292553191489,55.3611190081339,36.9929733276367
11.7968085106383,55.3611190081339,33.3929748535156
11.8643617021277,55.3611190081339,29.762975692749
11.931914893617,55.3611190081339,39.4529762268066
11.9994680851064,55.3611190081339,36.944206237793
12.0670212765957,55.3611190081339,23.5642051696777
12.1345744680851,55.3611190081339,19.8742046356201
12.2021276595745,55.3611190081339,15.4542045593262
12.2696808510638,55.3611190081339,12.4442052841187
12.3372340425532,55.3611190081339,14.9542045593262
12.4047872340426,55.3611190081339,0.984204888343811
12.4723404255319,55.3611190081339,-18.615795135498
12.5398936170213,55.3611190081339,-19.0766696929932
12.6074468085106,55.3611190081339,-15.9266700744629
12.675,55.3611190081339,-12.1466693878174
12.7425531914894,55.3611190081339,-7.71666955947876
12.8101063829787,55.3611190081339,-2.56666970252991
12.8776595744681,55.3611190081339,-5.04666948318481
12.9452127659574,55.3611190081339,-10.1566696166992
13.0127659574468,55.3611190081339,-8.53666973114014
13.0803191489362,55.3611190081339,-3.34987664222717
13.1478723404255,55.3611190081339,2.99012327194214
13.2154255319149,55.3611190081339,10.9601230621338
13.2829787234043,55.3611190081339,16.1001224517822
13.3505319148936,55.3611190081339,14.7801237106323
13.418085106383,55.3611190081339,4.55012321472168
13.4856382978723,55.3611190081339,-6.43987655639648
13.5531914893617,55.3611190081339,-10.8598766326904
13.6207446808511,55.3611190081339,-19.8007164001465
13.6882978723404,55.3611190081339,-24.1207160949707
13.7558510638298,55.3611190081339,-23.7207164764404
13.8234042553192,55.3611190081339,-23.9407157897949
13.8909574468085,55.3611190081339,-22.8807163238525
13.9585106382979,55.3611190081339,-20.2807159423828
14.0260638297872,55.3611190081339,-10.7607164382935
14.0936170212766,55.3611190081339,-5.45071601867676
14.161170212766,55.3611190081339,-5.48776578903198
14.2287234042553,55.3611190081339,-13.0677661895752
14.2962765957447,55.3611190081339,-32.0477676391602
14.363829787234,55.3611190081339,-42.6377639770508
14.4313829787234,55.3611190081339,-49.3177642822266
14.4989361702128,55.3611190081339,-57.3177642822266
14.5664893617021,55.3611190081339,-60.5677642822266
14.6340425531915,55.3611190081339,-57.327766418457
14.7015957446809,55.3611190081339,-48.6665191650391
14.7691489361702,55.3611190081339,-63.7765197753906
14.8367021276596,55.3611190081339,-67.1865234375
14.9042553191489,55.3611190081339,-70.316520690918
14.9718085106383,55.3611190081339,-67.1765213012695
15.0393617021277,55.3611190081339,-71.4165191650391
15.106914893617,55.3611190081339,-79.6365203857422
15.1744680851064,55.3611190081339,-79.8865203857422
15.2420212765957,55.3611190081339,-82.9527130126953
15.3095744680851,55.3611190081339,-79.8327102661133
15.3771276595745,55.3611190081339,-75.5627136230469
15.4446808510638,55.3611190081339,-75.0027084350586
15.5122340425532,55.3611190081339,-75.8127136230469
15.5797872340426,55.3611190081339,-81.2727127075195
15.6473404255319,55.3611190081339,-88.1827087402344
15.7148936170213,55.3611190081339,-93.162712097168
15.7824468085106,55.3611190081339,-95.7144622802734
15.85,55.3611190081339,-96.9744644165039
15.9175531914894,55.3611190081339,-95.0044631958008
15.9851063829787,55.3611190081339,-92.9744644165039
16.0526595744681,55.3611190081339,-90.2044677734375
16.1202127659574,55.3611190081339,-82.2144622802734
16.1877659574468,55.3611190081339,-77.0344619750977
16.2553191489362,55.3611190081339,-74.8044662475586
16.3228723404255,55.3611190081339,-70.6353225708008
16.3904255319149,55.3611190081339,-67.7653274536133
16.4579787234043,55.3611190081339,-59.2353248596191
16.5255319148936,55.3611190081339,-54.9053268432617
16.593085106383,55.3611190081339,-57.9653244018555
16.6606382978723,55.3611190081339,-61.135326385498
16.7281914893617,55.3611190081339,-62.4753265380859
16.7957446808511,55.3611190081339,-62.9753265380859
16.8632978723404,55.3611190081339,-63.3367729187012
16.9308510638298,55.3611190081339,-64.0267715454102
16.9984042553192,55.3611190081339,-64.936767578125
17.0659574468085,55.3611190081339,-64.686767578125
17.1335106382979,55.3611190081339,-65.1267700195312
17.2010638297872,55.3611190081339,-64.7167739868164
17.2686170212766,55.3611190081339,-65.326774597168
17.336170212766,55.3611190081339,-65.3467712402344
17.4037234042553,55.3611190081339,-67.2634811401367
17.4712765957447,55.3611190081339,-70.3034820556641
17.538829787234,55.3611190081339,-75.0934829711914
17.6063829787234,55.3611190081339,-77.2434844970703
17.6739361702128,55.3611190081339,-76.3034820556641
17.7414893617021,55.3611190081339,-76.1534881591797
17.8090425531915,55.3611190081339,-76.2734832763672
17.8765957446809,55.3611190081339,-74.703483581543
17.9441489361702,55.3611190081339,-71.509880065918
18.0117021276596,55.3611190081339,-76.3498840332031
18.0792553191489,55.3611190081339,-79.5498809814453
18.1468085106383,55.3611190081339,-79.4998779296875
18.2143617021277,55.3611190081339,-80.5298767089844
18.281914893617,55.3611190081339,-81.5798797607422
18.3494680851064,55.3611190081339,-82.3598785400391
18.4170212765957,55.3611190081339,-82.5573196411133
18.4845744680851,55.3611190081339,-82.5273208618164
18.5521276595745,55.3611190081339,-82.2473220825195
18.6196808510638,55.3611190081339,-81.5373229980469
18.6872340425532,55.3611190081339,-84.0873260498047
18.7547872340426,55.3611190081339,-87.0473251342773
18.8223404255319,55.3611190081339,-89.5373229980469
18.8898936170213,55.3611190081339,-91.2473220825195
18.9574468085106,55.3611190081339,-87.9085693359375
19.025,55.3611190081339,-83.9385757446289
19.0925531914894,55.3611190081339,-84.4785690307617
19.1601063829787,55.3611190081339,-81.8785705566406
19.2276595744681,55.3611190081339,-84.6585693359375
19.2952127659575,55.3611190081339,-88.418571472168
19.3627659574468,55.3611190081339,-89.9685745239258
19.4303191489362,55.3611190081339,-92.2085723876953
19.4978723404255,55.3611190081339,-95.4036560058594
19.5654255319149,55.3611190081339,-97.5736541748047
19.6329787234043,55.3611190081339,-98.4236526489258
19.7005319148936,55.3611190081339,-97.9236526489258
19.768085106383,55.3611190081339,-95.4736557006836
19.8356382978723,55.3611190081339,-93.2236557006836
19.9031914893617,55.3611190081339,-86.5336532592773
19.9707446808511,55.3611190081339,-75.6936492919922
20.0382978723404,55.3611190081339,-64.6120834350586
20.1058510638298,55.3611190081339,-54.0020866394043
20.1734042553191,55.3611190081339,-46.8420867919922
20.2409574468085,55.3611190081339,-42.272087097168
20.3085106382979,55.3611190081339,-38.5720863342285
20.3760638297872,55.3611190081339,-36.9820861816406
20.4436170212766,55.3611190081339,-37.2020874023438
20.511170212766,55.3611190081339,-37.1720886230469
20.5787234042553,55.3611190081339,-36.6790885925293
20.6462765957447,55.3611190081339,-33.4290885925293
20.713829787234,55.3611190081339,-29.5890884399414
20.7813829787234,55.3611190081339,-28.9290885925293
20.8489361702128,55.3611190081339,-28.5690879821777
20.9164893617021,55.3611190081339,-24.5190887451172
20.9840425531915,55.3611190081339,-19.3790893554688
21.0515957446809,55.3611190081339,3.68091130256653
21.1191489361702,55.3611190081339,-2.08817839622498
21.1867021276596,55.3611190081339,-2.02817821502686
21.2542553191489,55.3611190081339,0.531821668148041
21.3218085106383,55.3611190081339,0.151821672916412
21.3893617021277,55.3611190081339,0.811821699142456
21.456914893617,55.3611190081339,2.22182178497314
21.5244680851064,55.3611190081339,9.91182136535645
21.5920212765957,55.3611190081339,16.5118217468262
21.6595744680851,55.3611190081339,23.9508533477783
21.7271276595745,55.3611190081339,34.0408515930176
21.7946808510638,55.3611190081339,48.490852355957
21.8622340425532,55.3611190081339,56.1208534240723
21.9297872340426,55.3611190081339,64.5508499145508
21.9973404255319,55.3611190081339,70.760856628418
22.0648936170213,55.3611190081339,70.4608535766602
22.1324468085106,55.3611190081339,69.010856628418
22.2,55.3611190081339,68.4582595825195
9.5,55.2929203190397,27.6575527191162
9.56755319148936,55.2929203190397,9.03755283355713
9.63510638297872,55.2929203190397,-6.48244714736938
9.70265957446808,55.2929203190397,-5.76244735717773
9.77021276595745,55.2929203190397,-7.58244752883911
9.83776595744681,55.2929203190397,8.21223258972168
9.90531914893617,55.2929203190397,34.1322326660156
9.97287234042553,55.2929203190397,61.9922332763672
10.0404255319149,55.2929203190397,75.4522323608398
10.1079787234043,55.2929203190397,55.6922340393066
10.1755319148936,55.2929203190397,33.362232208252
10.243085106383,55.2929203190397,27.7922325134277
10.3106382978723,55.2929203190397,38.3022308349609
10.3781914893617,55.2929203190397,51.7506866455078
10.4457446808511,55.2929203190397,56.6306838989258
10.5132978723404,55.2929203190397,50.7706832885742
10.5808510638298,55.2929203190397,43.9806861877441
10.6484042553192,55.2929203190397,29.1606845855713
10.7159574468085,55.2929203190397,13.7906847000122
10.7835106382979,55.2929203190397,-6.65931510925293
10.8510638297872,55.2929203190397,-17.4693145751953
10.9186170212766,55.2929203190397,-13.674222946167
10.986170212766,55.2929203190397,-25.4342231750488
11.0537234042553,55.2929203190397,-16.754222869873
11.1212765957447,55.2929203190397,-5.6442232131958
11.188829787234,55.2929203190397,10.4257764816284
11.2563829787234,55.2929203190397,16.0957775115967
11.3239361702128,55.2929203190397,22.3857765197754
11.3914893617021,55.2929203190397,30.8357772827148
11.4590425531915,55.2929203190397,34.5892295837402
11.5265957446809,55.2929203190397,36.1792297363281
11.5941489361702,55.2929203190397,30.7492294311523
11.6617021276596,55.2929203190397,17.8792304992676
11.7292553191489,55.2929203190397,35.3792304992676
11.7968085106383,55.2929203190397,32.9292297363281
11.8643617021277,55.2929203190397,37.2792282104492
11.931914893617,55.2929203190397,48.8092308044434
11.9994680851064,55.2929203190397,43.2409400939941
12.0670212765957,55.2929203190397,28.7909412384033
12.1345744680851,55.2929203190397,21.5209407806396
12.2021276595745,55.2929203190397,14.0809412002563
12.2696808510638,55.2929203190397,19.8609409332275
12.3372340425532,55.2929203190397,26.3409404754639
12.4047872340426,55.2929203190397,21.3209419250488
12.4723404255319,55.2929203190397,-20.2890586853027
12.5398936170213,55.2929203190397,-22.3681812286377
12.6074468085106,55.2929203190397,-20.1081809997559
12.675,55.2929203190397,-14.3281803131104
12.7425531914894,55.2929203190397,-12.6181802749634
12.8101063829787,55.2929203190397,-11.8981809616089
12.8776595744681,55.2929203190397,-12.7081804275513
12.9452127659574,55.2929203190397,-21.018180847168
13.0127659574468,55.2929203190397,-27.0581798553467
13.0803191489362,55.2929203190397,-28.3495979309082
13.1478723404255,55.2929203190397,-27.779598236084
13.2154255319149,55.2929203190397,-24.8195991516113
13.2829787234043,55.2929203190397,-21.1795997619629
13.3505319148936,55.2929203190397,-22.9995994567871
13.418085106383,55.2929203190397,-24.3095989227295
13.4856382978723,55.2929203190397,-26.029598236084
13.5531914893617,55.2929203190397,-26.7695980072021
13.6207446808511,55.2929203190397,-28.9632015228271
13.6882978723404,55.2929203190397,-35.7632026672363
13.7558510638298,55.2929203190397,-37.8232002258301
13.8234042553192,55.2929203190397,-37.8232002258301
13.8909574468085,55.2929203190397,-36.8031997680664
13.9585106382979,55.2929203190397,-32.0732002258301
14.0260638297872,55.2929203190397,-24.8332004547119
14.0936170212766,55.2929203190397,-22.9532012939453
14.161170212766,55.2929203190397,-18.578821182251
14.2287234042553,55.2929203190397,-22.5588207244873
14.2962765957447,55.2929203190397,-39.8088188171387
14.363829787234,55.2929203190397,-47.3788185119629
14.4313829787234,55.2929203190397,-46.2788200378418
14.4989361702128,55.2929203190397,-44.3088188171387
14.5664893617021,55.2929203190397,-49.4588203430176
14.6340425531915,55.2929203190397,-41.2188186645508
14.7015957446809,55.2929203190397,-31.3057231903076
14.7691489361702,55.2929203190397,-11.8057231903076
14.8367021276596,55.2929203190397,-45.9557228088379
14.9042553191489,55.2929203190397,-63.8457221984863
14.9718085106383,55.2929203190397,-70.5757217407227
15.0393617021277,55.2929203190397,-72.5657196044922
15.106914893617,55.2929203190397,-73.2257232666016
15.1744680851064,55.2929203190397,-62.675724029541
15.2420212765957,55.2929203190397,-78.9845352172852
15.3095744680851,55.2929203190397,-76.7845306396484
15.3771276595745,55.2929203190397,-74.89453125
15.4446808510638,55.2929203190397,-74.7745361328125
15.5122340425532,55.2929203190397,-76.3445358276367
15.5797872340426,55.2929203190397,-85.1745376586914
15.6473404255319,55.2929203190397,-88.6845321655273
15.7148936170213,55.2929203190397,-92.014533996582
15.7824468085106,55.2929203190397,-96.7997360229492
15.85,55.2929203190397,-98.2897338867188
15.9175531914894,55.2929203190397,-95.9197311401367
15.9851063829787,55.2929203190397,-94.6997375488281
16.0526595744681,55.2929203190397,-90.9197311401367
16.1202127659574,55.2929203190397,-77.3197326660156
16.1877659574468,55.2929203190397,-71.1497344970703
16.2553191489362,55.2929203190397,-73.0997314453125
16.3228723404255,55.2929203190397,-70.03173828125
16.3904255319149,55.2929203190397,-65.4317321777344
16.4579787234043,55.2929203190397,-59.3617362976074
16.5255319148936,55.2929203190397,-59.9617347717285
16.593085106383,55.2929203190397,-65.891731262207
16.6606382978723,55.2929203190397,-69.4917373657227
16.7281914893617,55.2929203190397,-71.2517318725586
16.7957446808511,55.2929203190397,-71.4717330932617
16.8632978723404,55.2929203190397,-71.3466567993164
16.9308510638298,55.2929203190397,-71.7866592407227
16.9984042553192,55.2929203190397,-73.1566543579102
17.0659574468085,55.2929203190397,-74.0366592407227
17.1335106382979,55.2929203190397,-75.4466552734375
17.2010638297872,55.2929203190397,-76.1166610717773
17.2686170212766,55.2929203190397,-77.8366546630859
17.336170212766,55.2929203190397,-79.2566604614258
17.4037234042553,55.2929203190397,-81.9533081054688
17.4712765957447,55.2929203190397,-83.8733062744141
17.538829787234,55.2929203190397,-83.5533065795898
17.6063829787234,55.2929203190397,-82.4233093261719
17.6739361702128,55.2929203190397,-81.4733123779297
17.7414893617021,55.2929203190397,-79.643310546875
17.8090425531915,55.2929203190397,-78.3633117675781
17.8765957446809,55.2929203190397,-78.023307800293
17.9441489361702,55.2929203190397,-73.8791732788086
18.0117021276596,55.2929203190397,-76.0791778564453
18.0792553191489,55.2929203190397,-74.0891723632812
18.1468085106383,55.2929203190397,-71.6791763305664
18.2143617021277,55.2929203190397,-72.6691741943359
18.281914893617,55.2929203190397,-74.039176940918
18.3494680851064,55.2929203190397,-78.2091751098633
18.4170212765957,55.2929203190397,-79.7587966918945
18.4845744680851,55.2929203190397,-79.8587951660156
18.5521276595745,55.2929203190397,-78.2787933349609
18.6196808510638,55.2929203190397,-78.7387924194336
18.6872340425532,55.2929203190397,-84.3887939453125
18.7547872340426,55.2929203190397,-89.2787933349609
18.8223404255319,55.2929203190397,-89.9587936401367
18.8898936170213,55.2929203190397,-88.2787933349609
18.9574468085106,55.2929203190397,-83.1196746826172
19.025,55.2929203190397,-81.2396774291992
19.0925531914894,55.2929203190397,-82.6896743774414
19.1601063829787,55.2929203190397,-84.7696762084961
19.2276595744681,55.2929203190397,-88.0896759033203
19.2952127659575,55.2929203190397,-91.549674987793
19.3627659574468,55.2929203190397,-93.1196746826172
19.4303191489362,55.2929203190397,-93.4896774291992
19.4978723404255,55.2929203190397,-95.8246612548828
19.5654255319149,55.2929203190397,-98.7046585083008
19.6329787234043,55.2929203190397,-100.084655761719
19.7005319148936,55.2929203190397,-98.8046569824219
19.768085106383,55.2929203190397,-88.4846572875977
19.8356382978723,55.2929203190397,-80.024658203125
19.9031914893617,55.2929203190397,-72.4546585083008
19.9707446808511,55.2929203190397,-66.2246627807617
20.0382978723404,55.2929203190397,-61.6779708862305
20.1058510638298,55.2929203190397,-55.4279708862305
20.1734042553191,55.2929203190397,-48.9579696655273
20.2409574468085,55.2929203190397,-43.8079719543457
20.3085106382979,55.2929203190397,-39.8979721069336
20.3760638297872,55.2929203190397,-35.977970123291
20.4436170212766,55.2929203190397,-32.1379699707031
20.511170212766,55.2929203190397,-29.2579708099365
20.5787234042553,55.2929203190397,-28.0452728271484
20.6462765957447,55.2929203190397,-28.0452728271484
20.713829787234,55.2929203190397,-27.7952728271484
20.7813829787234,55.2929203190397,-26.4752731323242
20.8489361702128,55.2929203190397,-25.6252727508545
20.9164893617021,55.2929203190397,-20.5052738189697
20.9840425531915,55.2929203190397,-1.59527349472046
21.0515957446809,55.2929203190397,-0.615273535251617
21.1191489361702,55.2929203190397,-3.48434233665466
21.1867021276596,55.2929203190397,-3.26434230804443
21.2542553191489,55.2929203190397,-2.44434237480164
21.3218085106383,55.2929203190397,-0.0643423274159431
21.3893617021277,55.2929203190397,0.735657691955566
21.456914893617,55.2929203190397,1.99565768241882
21.5244680851064,55.2929203190397,7.82565784454346
21.5920212765957,55.2929203190397,18.8056583404541
21.6595744680851,55.2929203190397,14.3364524841309
21.7271276595745,55.2929203190397,20.2164535522461
21.7946808510638,55.2929203190397,30.2564525604248
21.8622340425532,55.2929203190397,42.4864540100098
21.9297872340426,55.2929203190397,53.0064544677734
21.9973404255319,55.2929203190397,57.7564544677734
22.0648936170213,55.2929203190397,52.0764541625977
22.1324468085106,55.2929203190397,50.3564529418945
22.2,55.2929203190397,49.7139930725098
9.5,55.2247216299455,27.7575531005859
9.56755319148936,55.2247216299455,20.0575523376465
9.63510638297872,55.2247216299455,1.64755260944366
9.70265957446808,55.2247216299455,-12.2824478149414
9.77021276595745,55.2247216299455,-11.3124475479126
9.83776595744681,55.2247216299455,1.63223230838776
9.90531914893617,55.2247216299455,20.2022323608398
9.97287234042553,55.2247216299455,44.212230682373
10.0404255319149,55.2247216299455,28.3822326660156
10.1079787234043,55.2247216299455,46.612232208252
10.1755319148936,55.2247216299455,32.2322311401367
10.243085106383,55.2247216299455,32.1222305297852
10.3106382978723,55.2247216299455,43.2522315979004
10.3781914893617,55.2247216299455,60.4806861877441
10.4457446808511,55.2247216299455,78.1006851196289
10.5132978723404,55.2247216299455,81.0406875610352
10.5808510638298,55.2247216299455,76.2606887817383
10.6484042553192,55.2247216299455,60.3606834411621
10.7159574468085,55.2247216299455,33.1406860351562
10.7835106382979,55.2247216299455,-9.78931522369385
10.8510638297872,55.2247216299455,-9.65931510925293
10.9186170212766,55.2247216299455,-18.9642238616943
10.986170212766,55.2247216299455,-18.8442230224609
11.0537234042553,55.2247216299455,-19.7742233276367
11.1212765957447,55.2247216299455,-3.48422312736511
11.188829787234,55.2247216299455,-7.21422338485718
11.2563829787234,55.2247216299455,6.15577697753906
11.3239361702128,55.2247216299455,10.3057765960693
11.3914893617021,55.2247216299455,10.0257768630981
11.4590425531915,55.2247216299455,15.8992300033569
11.5265957446809,55.2247216299455,12.4492292404175
11.5941489361702,55.2247216299455,11.9592294692993
11.6617021276596,55.2247216299455,12.519229888916
11.7292553191489,55.2247216299455,18.7392292022705
11.7968085106383,55.2247216299455,41.079231262207
11.8643617021277,55.2247216299455,68.329231262207
11.931914893617,55.2247216299455,94.5192260742188
11.9994680851064,55.2247216299455,67.7509384155273
12.0670212765957,55.2247216299455,31.9309406280518
12.1345744680851,55.2247216299455,13.0509414672852
12.2021276595745,55.2247216299455,2.88094115257263
12.2696808510638,55.2247216299455,-0.609058856964111
12.3372340425532,55.2247216299455,-3.96905875205994
12.4047872340426,55.2247216299455,-14.9990587234497
12.4723404255319,55.2247216299455,-21.1190586090088
12.5398936170213,55.2247216299455,-23.768180847168
12.6074468085106,55.2247216299455,-23.768180847168
12.675,55.2247216299455,-23.0481796264648
12.7425531914894,55.2247216299455,-23.518180847168
12.8101063829787,55.2247216299455,-24.8281803131104
12.8776595744681,55.2247216299455,-25.1381797790527
12.9452127659574,55.2247216299455,-25.3781814575195
13.0127659574468,55.2247216299455,-30.7881813049316
13.0803191489362,55.2247216299455,-35.9895973205566
13.1478723404255,55.2247216299455,-37.9195976257324
13.2154255319149,55.2247216299455,-39.0795974731445
13.2829787234043,55.2247216299455,-39.9095993041992
13.3505319148936,55.2247216299455,-40.4795989990234
13.418085106383,55.2247216299455,-40.9295997619629
13.4856382978723,55.2247216299455,-40.5695991516113
13.5531914893617,55.2247216299455,-38.9595985412598
13.6207446808511,55.2247216299455,-39.4532012939453
13.6882978723404,55.2247216299455,-41.9431991577148
13.7558510638298,55.2247216299455,-42.0732002258301
13.8234042553192,55.2247216299455,-41.6431999206543
13.8909574468085,55.2247216299455,-40.9532012939453
13.9585106382979,55.2247216299455,-40.0232009887695
14.0260638297872,55.2247216299455,-38.5432014465332
14.0936170212766,55.2247216299455,-37.4431991577148
14.161170212766,55.2247216299455,-37.3088188171387
14.2287234042553,55.2247216299455,-37.9888191223145
14.2962765957447,55.2247216299455,-44.3088188171387
14.363829787234,55.2247216299455,-43.7388191223145
14.4313829787234,55.2247216299455,-42.0388221740723
14.4989361702128,55.2247216299455,-44.7488212585449
14.5664893617021,55.2247216299455,-46.4988212585449
14.6340425531915,55.2247216299455,-39.2288208007812
14.7015957446809,55.2247216299455,-7.08572340011597
14.7691489361702,55.2247216299455,90.9342803955078
14.8367021276596,55.2247216299455,60.5442771911621
14.9042553191489,55.2247216299455,7.15427684783936
14.9718085106383,55.2247216299455,-30.5157241821289
15.0393617021277,55.2247216299455,-57.3157234191895
15.106914893617,55.2247216299455,-65.1057205200195
15.1744680851064,55.2247216299455,-64.0957260131836
15.2420212765957,55.2247216299455,-49.8645324707031
15.3095744680851,55.2247216299455,-56.0645332336426
15.3771276595745,55.2247216299455,-58.2445335388184
15.4446808510638,55.2247216299455,-64.8345336914062
15.5122340425532,55.2247216299455,-73.8245315551758
15.5797872340426,55.2247216299455,-90.2045364379883
15.6473404255319,55.2247216299455,-89.6245346069336
15.7148936170213,55.2247216299455,-88.9245376586914
15.7824468085106,55.2247216299455,-94.1597366333008
15.85,55.2247216299455,-94.0897369384766
15.9175531914894,55.2247216299455,-92.6597366333008
15.9851063829787,55.2247216299455,-90.8397369384766
16.0526595744681,55.2247216299455,-87.7697372436523
16.1202127659574,55.2247216299455,-79.8197326660156
16.1877659574468,55.2247216299455,-75.0797348022461
16.2553191489362,55.2247216299455,-73.4897308349609
16.3228723404255,55.2247216299455,-69.8217315673828
16.3904255319149,55.2247216299455,-63.8117332458496
16.4579787234043,55.2247216299455,-57.1217346191406
16.5255319148936,55.2247216299455,-56.9617347717285
16.593085106383,55.2247216299455,-60.6417350769043
16.6606382978723,55.2247216299455,-66.2117385864258
16.7281914893617,55.2247216299455,-72.6817321777344
16.7957446808511,55.2247216299455,-77.0517349243164
16.8632978723404,55.2247216299455,-80.6066589355469
16.9308510638298,55.2247216299455,-82.6966552734375
16.9984042553192,55.2247216299455,-84.8766555786133
17.0659574468085,55.2247216299455,-87.3166580200195
17.1335106382979,55.2247216299455,-88.1866607666016
17.2010638297872,55.2247216299455,-89.3866577148438
17.2686170212766,55.2247216299455,-89.2566604614258
17.336170212766,55.2247216299455,-88.8566589355469
17.4037234042553,55.2247216299455,-88.2433090209961
17.4712765957447,55.2247216299455,-85.273307800293
17.538829787234,55.2247216299455,-78.7333068847656
17.6063829787234,55.2247216299455,-70.2633056640625
17.6739361702128,55.2247216299455,-62.4033088684082
17.7414893617021,55.2247216299455,-58.8033103942871
17.8090425531915,55.2247216299455,-61.6833076477051
17.8765957446809,55.2247216299455,-65.3533096313477
17.9441489361702,55.2247216299455,-61.6291732788086
18.0117021276596,55.2247216299455,-64.039176940918
18.0792553191489,55.2247216299455,-65.5091781616211
18.1468085106383,55.2247216299455,-62.289176940918
18.2143617021277,55.2247216299455,-61.789176940918
18.281914893617,55.2247216299455,-67.0691757202148
18.3494680851064,55.2247216299455,-77.6191787719727
18.4170212765957,55.2247216299455,-80.5687942504883
18.4845744680851,55.2247216299455,-82.0087966918945
18.5521276595745,55.2247216299455,-81.0387954711914
18.6196808510638,55.2247216299455,-81.6587905883789
18.6872340425532,55.2247216299455,-85.0787963867188
18.7547872340426,55.2247216299455,-88.7387924194336
18.8223404255319,55.2247216299455,-86.4987945556641
18.8898936170213,55.2247216299455,-84.6887969970703
18.9574468085106,55.2247216299455,-81.2796783447266
19.025,55.2247216299455,-79.7496795654297
19.0925531914894,55.2247216299455,-81.8996734619141
19.1601063829787,55.2247216299455,-86.5696792602539
19.2276595744681,55.2247216299455,-91.3896789550781
19.2952127659575,55.2247216299455,-94.9696731567383
19.3627659574468,55.2247216299455,-95.4096755981445
19.4303191489362,55.2247216299455,-95.299674987793
19.4978723404255,55.2247216299455,-96.8046569824219
19.5654255319149,55.2247216299455,-99.3246612548828
19.6329787234043,55.2247216299455,-100.314659118652
19.7005319148936,55.2247216299455,-93.904655456543
19.768085106383,55.2247216299455,-75.6746597290039
19.8356382978723,55.2247216299455,-63.6046600341797
19.9031914893617,55.2247216299455,-63.774658203125
19.9707446808511,55.2247216299455,-64.7446594238281
20.0382978723404,55.2247216299455,-61.5079727172852
20.1058510638298,55.2247216299455,-56.2779693603516
20.1734042553191,55.2247216299455,-50.5279693603516
20.2409574468085,55.2247216299455,-46.8079719543457
20.3085106382979,55.2247216299455,-44.0179710388184
20.3760638297872,55.2247216299455,-41.037971496582
20.4436170212766,55.2247216299455,-33.8079719543457
20.511170212766,55.2247216299455,-28.8879699707031
20.5787234042553,55.2247216299455,-26.7452735900879
20.6462765957447,55.2247216299455,-24.0152740478516
20.713829787234,55.2247216299455,-24.0252742767334
20.7813829787234,55.2247216299455,-23.7552738189697
20.8489361702128,55.2247216299455,-21.2852725982666
20.9164893617021,55.2247216299455,-1.75527346134186
20.9840425531915,55.2247216299455,1.88472652435303
21.0515957446809,55.2247216299455,-3.47527360916138
21.1191489361702,55.2247216299455,-4.74434232711792
21.1867021276596,55.2247216299455,-2.76434230804443
21.2542553191489,55.2247216299455,-1.30434226989746
21.3218085106383,55.2247216299455,2.9556577205658
21.3893617021277,55.2247216299455,3.31565761566162
21.456914893617,55.2247216299455,1.89565765857697
21.5244680851064,55.2247216299455,3.52565765380859
21.5920212765957,55.2247216299455,6.16565752029419
21.6595744680851,55.2247216299455,6.87645292282104
21.7271276595745,55.2247216299455,11.8964529037476
21.7946808510638,55.2247216299455,17.2364521026611
21.8622340425532,55.2247216299455,22.2564525604248
21.9297872340426,55.2247216299455,28.7064533233643
21.9973404255319,55.2247216299455,37.0064544677734
22.0648936170213,55.2247216299455,38.5464515686035
22.1324468085106,55.2247216299455,38.7964515686035
22.2,55.2247216299455,36.9939956665039
9.5,55.1565229408513,-3.28244733810425
9.56755319148936,55.1565229408513,-11.622447013855
9.63510638297872,55.1565229408513,-16.9724464416504
9.70265957446808,55.1565229408513,-23.8724479675293
9.77021276595745,55.1565229408513,-20.3524475097656
9.83776595744681,55.1565229408513,-19.0677680969238
9.90531914893617,55.1565229408513,-7.94776773452759
9.97287234042553,55.1565229408513,3.57223224639893
10.0404255319149,55.1565229408513,0.722232341766357
10.1079787234043,55.1565229408513,36.0522308349609
10.1755319148936,55.1565229408513,68.9922332763672
10.243085106383,55.1565229408513,44.3222312927246
10.3106382978723,55.1565229408513,42.5322341918945
10.3781914893617,55.1565229408513,55.6506843566895
10.4457446808511,55.1565229408513,68.7106857299805
10.5132978723404,55.1565229408513,89.1206817626953
10.5808510638298,55.1565229408513,87.0306854248047
10.6484042553192,55.1565229408513,67.6106872558594
10.7159574468085,55.1565229408513,24.7206859588623
10.7835106382979,55.1565229408513,-9.77931499481201
10.8510638297872,55.1565229408513,-7.0593147277832
10.9186170212766,55.1565229408513,-9.7042236328125
10.986170212766,55.1565229408513,-21.6542224884033
11.0537234042553,55.1565229408513,-14.5142230987549
11.1212765957447,55.1565229408513,-5.65422296524048
11.188829787234,55.1565229408513,-11.0642232894897
11.2563829787234,55.1565229408513,-11.4742231369019
11.3239361702128,55.1565229408513,-7.26422309875488
11.3914893617021,55.1565229408513,-6.70422315597534
11.4590425531915,55.1565229408513,-8.4207706451416
11.5265957446809,55.1565229408513,-5.74077033996582
11.5941489361702,55.1565229408513,-3.52077031135559
11.6617021276596,55.1565229408513,0.679229617118835
11.7292553191489,55.1565229408513,3.62922954559326
11.7968085106383,55.1565229408513,12.5992298126221
11.8643617021277,55.1565229408513,32.7192306518555
11.931914893617,55.1565229408513,41.4392280578613
11.9994680851064,55.1565229408513,17.2209415435791
12.0670212765957,55.1565229408513,2.32094120979309
12.1345744680851,55.1565229408513,-5.13905906677246
12.2021276595745,55.1565229408513,-8.32905864715576
12.2696808510638,55.1565229408513,-11.1390590667725
12.3372340425532,55.1565229408513,-11.6890592575073
12.4047872340426,55.1565229408513,-14.7190589904785
12.4723404255319,55.1565229408513,-18.2590579986572
12.5398936170213,55.1565229408513,-23.5781803131104
12.6074468085106,55.1565229408513,-26.1181812286377
12.675,55.1565229408513,-28.3581809997559
12.7425531914894,55.1565229408513,-31.1281814575195
12.8101063829787,55.1565229408513,-31.1881809234619
12.8776595744681,55.1565229408513,-30.1981811523438
12.9452127659574,55.1565229408513,-30.4281806945801
13.0127659574468,55.1565229408513,-31.3981800079346
13.0803191489362,55.1565229408513,-34.8195991516113
13.1478723404255,55.1565229408513,-37.029598236084
13.2154255319149,55.1565229408513,-38.589599609375
13.2829787234043,55.1565229408513,-39.4295997619629
13.3505319148936,55.1565229408513,-40.8995971679688
13.418085106383,55.1565229408513,-42.3295974731445
13.4856382978723,55.1565229408513,-43.0095977783203
13.5531914893617,55.1565229408513,-43.4595985412598
13.6207446808511,55.1565229408513,-43.8432006835938
13.6882978723404,55.1565229408513,-44.0832023620605
13.7558510638298,55.1565229408513,-44.1132011413574
13.8234042553192,55.1565229408513,-44.0531997680664
13.8909574468085,55.1565229408513,-43.9532012939453
13.9585106382979,55.1565229408513,-43.853199005127
14.0260638297872,55.1565229408513,-43.7831993103027
14.0936170212766,55.1565229408513,-44.0032005310059
14.161170212766,55.1565229408513,-44.658821105957
14.2287234042553,55.1565229408513,-45.7788200378418
14.2962765957447,55.1565229408513,-46.4688186645508
14.363829787234,55.1565229408513,-45.0288200378418
14.4313829787234,55.1565229408513,-44.598819732666
14.4989361702128,55.1565229408513,-46.3188209533691
14.5664893617021,55.1565229408513,-45.0788192749023
14.6340425531915,55.1565229408513,-38.098819732666
14.7015957446809,55.1565229408513,0.664276719093323
14.7691489361702,55.1565229408513,70.7042770385742
14.8367021276596,55.1565229408513,101.674278259277
14.9042553191489,55.1565229408513,104.754280090332
14.9718085106383,55.1565229408513,90.4442749023438
15.0393617021277,55.1565229408513,34.5242767333984
15.106914893617,55.1565229408513,-21.3957233428955
15.1744680851064,55.1565229408513,-55.1457214355469
15.2420212765957,55.1565229408513,-65.1745376586914
15.3095744680851,55.1565229408513,-59.4145355224609
15.3771276595745,55.1565229408513,-63.4745330810547
15.4446808510638,55.1565229408513,-62.8545341491699
15.5122340425532,55.1565229408513,-68.6745376586914
15.5797872340426,55.1565229408513,-81.0045318603516
15.6473404255319,55.1565229408513,-88.9345321655273
15.7148936170213,55.1565229408513,-90.0645370483398
15.7824468085106,55.1565229408513,-89.1797332763672
15.85,55.1565229408513,-89.2897338867188
15.9175531914894,55.1565229408513,-89.5897369384766
15.9851063829787,55.1565229408513,-87.229736328125
16.0526595744681,55.1565229408513,-83.1297302246094
16.1202127659574,55.1565229408513,-80.0797348022461
16.1877659574468,55.1565229408513,-79.1297302246094
16.2553191489362,55.1565229408513,-76.8497314453125
16.3228723404255,55.1565229408513,-70.3517379760742
16.3904255319149,55.1565229408513,-62.9417343139648
16.4579787234043,55.1565229408513,-55.8617362976074
16.5255319148936,55.1565229408513,-53.5217361450195
16.593085106383,55.1565229408513,-57.9517364501953
16.6606382978723,55.1565229408513,-63.5717353820801
16.7281914893617,55.1565229408513,-64.9017333984375
16.7957446808511,55.1565229408513,-64.0817337036133
16.8632978723404,55.1565229408513,-60.7466583251953
16.9308510638298,55.1565229408513,-53.1566581726074
16.9984042553192,55.1565229408513,-54.766658782959
17.0659574468085,55.1565229408513,-60.7866592407227
17.1335106382979,55.1565229408513,-59.5666580200195
17.2010638297872,55.1565229408513,-61.2566566467285
17.2686170212766,55.1565229408513,-65.4066543579102
17.336170212766,55.1565229408513,-64.1966552734375
17.4037234042553,55.1565229408513,-60.1333084106445
17.4712765957447,55.1565229408513,-55.273307800293
17.538829787234,55.1565229408513,-50.023307800293
17.6063829787234,55.1565229408513,-46.6533088684082
17.6739361702128,55.1565229408513,-45.7833099365234
17.7414893617021,55.1565229408513,-47.0133094787598
17.8090425531915,55.1565229408513,-48.7133102416992
17.8765957446809,55.1565229408513,-46.0333099365234
17.9441489361702,55.1565229408513,-42.3091735839844
18.0117021276596,55.1565229408513,-47.9891738891602
18.0792553191489,55.1565229408513,-59.079174041748
18.1468085106383,55.1565229408513,-63.6891746520996
18.2143617021277,55.1565229408513,-66.2491760253906
18.281914893617,55.1565229408513,-71.6091766357422
18.3494680851064,55.1565229408513,-77.9191741943359
18.4170212765957,55.1565229408513,-80.128791809082
18.4845744680851,55.1565229408513,-82.2987899780273
18.5521276595745,55.1565229408513,-84.4587936401367
18.6196808510638,55.1565229408513,-86.9887924194336
18.6872340425532,55.1565229408513,-91.3387908935547
18.7547872340426,55.1565229408513,-92.1587905883789
18.8223404255319,55.1565229408513,-90.6687927246094
18.8898936170213,55.1565229408513,-89.5587921142578
18.9574468085106,55.1565229408513,-88.4696731567383
19.025,55.1565229408513,-88.4696731567383
19.0925531914894,55.1565229408513,-89.7196731567383
19.1601063829787,55.1565229408513,-92.3596725463867
19.2276595744681,55.1565229408513,-96.2396774291992
19.2952127659575,55.1565229408513,-98.4596786499023
19.3627659574468,55.1565229408513,-98.1796722412109
19.4303191489362,55.1565229408513,-97.6196746826172
19.4978723404255,55.1565229408513,-98.1746597290039
19.5654255319149,55.1565229408513,-99.3446578979492
19.6329787234043,55.1565229408513,-96.6146621704102
19.7005319148936,55.1565229408513,-85.9546585083008
19.768085106383,55.1565229408513,-72.6246566772461
19.8356382978723,55.1565229408513,-67.5946578979492
19.9031914893617,55.1565229408513,-64.8346557617188
19.9707446808511,55.1565229408513,-62.894660949707
20.0382978723404,55.1565229408513,-60.0479698181152
20.1058510638298,55.1565229408513,-56.0079727172852
20.1734042553191,55.1565229408513,-50.9379692077637
20.2409574468085,55.1565229408513,-47.0679702758789
20.3085106382979,55.1565229408513,-44.4179725646973
20.3760638297872,55.1565229408513,-40.4479713439941
20.4436170212766,55.1565229408513,-34.7579727172852
20.511170212766,55.1565229408513,-30.9179706573486
20.5787234042553,55.1565229408513,-29.5752735137939
20.6462765957447,55.1565229408513,-26.8052730560303
20.713829787234,55.1565229408513,-21.3352737426758
20.7813829787234,55.1565229408513,-14.3552732467651
20.8489361702128,55.1565229408513,0.0247264858335257
20.9164893617021,55.1565229408513,0.0247264858335257
20.9840425531915,55.1565229408513,-3.79527354240417
21.0515957446809,55.1565229408513,-4.67527341842651
21.1191489361702,55.1565229408513,-3.50434231758118
21.1867021276596,55.1565229408513,-0.224342331290245
21.2542553191489,55.1565229408513,1.77565765380859
21.3218085106383,55.1565229408513,-0.324342340230942
21.3893617021277,55.1565229408513,-0.28434231877327
21.456914893617,55.1565229408513,0.595657646656036
21.5244680851064,55.1565229408513,1.67565762996674
21.5920212765957,55.1565229408513,2.48565769195557
21.6595744680851,55.1565229408513,3.55645275115967
21.7271276595745,55.1565229408513,5.29645252227783
21.7946808510638,55.1565229408513,5.27645254135132
21.8622340425532,55.1565229408513,8.47645282745361
21.9297872340426,55.1565229408513,14.3764524459839
21.9973404255319,55.1565229408513,17.8464527130127
22.0648936170213,55.1565229408513,26.1464519500732
22.1324468085106,55.1565229408513,41.2264518737793
22.2,55.1565229408513,17.8039932250977
9.5,55.0883242517571,-11.1824474334717
9.56755319148936,55.0883242517571,-26.0124473571777
9.63510638297872,55.0883242517571,-18.4624481201172
9.70265957446808,55.0883242517571,-14.7824478149414
9.77021276595745,55.0883242517571,-20.9224472045898
9.83776595744681,55.0883242517571,-19.2277679443359
9.90531914893617,55.0883242517571,-23.1277675628662
9.97287234042553,55.0883242517571,-15.4877672195435
10.0404255319149,55.0883242517571,2.44223237037659
10.1079787234043,55.0883242517571,16.2622318267822
10.1755319148936,55.0883242517571,16.6822319030762
10.243085106383,55.0883242517571,45.2522315979004
10.3106382978723,55.0883242517571,36.3522338867188
10.3781914893617,55.0883242517571,41.6406860351562
10.4457446808511,55.0883242517571,56.3706855773926
10.5132978723404,55.0883242517571,68.7306823730469
10.5808510638298,55.0883242517571,59.5906867980957
10.6484042553192,55.0883242517571,49.4906845092773
10.7159574468085,55.0883242517571,5.20068502426147
10.7835106382979,55.0883242517571,-11.4693145751953
10.8510638297872,55.0883242517571,8.78068542480469
10.9186170212766,55.0883242517571,-14.4842233657837
10.986170212766,55.0883242517571,-20.6942234039307
11.0537234042553,55.0883242517571,-11.5242233276367
11.1212765957447,55.0883242517571,-7.34422302246094
11.188829787234,55.0883242517571,-10.3342227935791
11.2563829787234,55.0883242517571,-14.7842235565186
11.3239361702128,55.0883242517571,-13.3642234802246
11.3914893617021,55.0883242517571,-12.0742235183716
11.4590425531915,55.0883242517571,-10.4507703781128
11.5265957446809,55.0883242517571,-11.3407707214355
11.5941489361702,55.0883242517571,-8.24077033996582
11.6617021276596,55.0883242517571,-3.72077035903931
11.7292553191489,55.0883242517571,1.09922957420349
11.7968085106383,55.0883242517571,2.66922950744629
11.8643617021277,55.0883242517571,25.1592292785645
11.931914893617,55.0883242517571,29.1692295074463
11.9994680851064,55.0883242517571,22.9409408569336
12.0670212765957,55.0883242517571,9.9709415435791
12.1345744680851,55.0883242517571,1.73094117641449
12.2021276595745,55.0883242517571,-1.72905886173248
12.2696808510638,55.0883242517571,-5.17905902862549
12.3372340425532,55.0883242517571,-9.10905838012695
12.4047872340426,55.0883242517571,-10.2890586853027
12.4723404255319,55.0883242517571,-15.4390592575073
12.5398936170213,55.0883242517571,-20.1781806945801
12.6074468085106,55.0883242517571,-23.3781814575195
12.675,55.0883242517571,-27.8181800842285
12.7425531914894,55.0883242517571,-29.3981800079346
12.8101063829787,55.0883242517571,-30.6881809234619
12.8776595744681,55.0883242517571,-31.4881801605225
12.9452127659574,55.0883242517571,-29.6881809234619
13.0127659574468,55.0883242517571,-32.0981788635254
13.0803191489362,55.0883242517571,-34.1096000671387
13.1478723404255,55.0883242517571,-37.8596000671387
13.2154255319149,55.0883242517571,-39.8995971679688
13.2829787234043,55.0883242517571,-40.1395988464355
13.3505319148936,55.0883242517571,-40.8596000671387
13.418085106383,55.0883242517571,-42.7095985412598
13.4856382978723,55.0883242517571,-43.9496002197266
13.5531914893617,55.0883242517571,-44.3895988464355
13.6207446808511,55.0883242517571,-44.8432006835938
13.6882978723404,55.0883242517571,-45.0932006835938
13.7558510638298,55.0883242517571,-45.2131996154785
13.8234042553192,55.0883242517571,-45.223201751709
13.8909574468085,55.0883242517571,-45.2831993103027
13.9585106382979,55.0883242517571,-45.5531997680664
14.0260638297872,55.0883242517571,-46.0432014465332
14.0936170212766,55.0883242517571,-46.603199005127
14.161170212766,55.0883242517571,-47.1888198852539
14.2287234042553,55.0883242517571,-47.5788192749023
14.2962765957447,55.0883242517571,-47.0288200378418
14.363829787234,55.0883242517571,-42.3088188171387
14.4313829787234,55.0883242517571,-41.7088203430176
14.4989361702128,55.0883242517571,-43.8788185119629
14.5664893617021,55.0883242517571,-40.4688186645508
14.6340425531915,55.0883242517571,-28.1488208770752
14.7015957446809,55.0883242517571,2.35427665710449
14.7691489361702,55.0883242517571,49.4642753601074
14.8367021276596,55.0883242517571,79.7842788696289
14.9042553191489,55.0883242517571,96.4542770385742
14.9718085106383,55.0883242517571,102.984275817871
15.0393617021277,55.0883242517571,94.9042739868164
15.106914893617,55.0883242517571,63.4242782592773
15.1744680851064,55.0883242517571,-23.4757232666016
15.2420212765957,55.0883242517571,-69.2745361328125
15.3095744680851,55.0883242517571,-72.4245376586914
15.3771276595745,55.0883242517571,-73.014533996582
15.4446808510638,55.0883242517571,-71.4845352172852
15.5122340425532,55.0883242517571,-71.1045303344727
15.5797872340426,55.0883242517571,-76.1345367431641
15.6473404255319,55.0883242517571,-80.0945358276367
15.7148936170213,55.0883242517571,-84.6245346069336
15.7824468085106,55.0883242517571,-88.109733581543
15.85,55.0883242517571,-87.1497344970703
15.9175531914894,55.0883242517571,-86.5397338867188
15.9851063829787,55.0883242517571,-82.0797348022461
16.0526595744681,55.0883242517571,-78.0997314453125
16.1202127659574,55.0883242517571,-77.2397308349609
16.1877659574468,55.0883242517571,-78.9097366333008
16.2553191489362,55.0883242517571,-78.2397308349609
16.3228723404255,55.0883242517571,-70.9617385864258
16.3904255319149,55.0883242517571,-61.8417358398438
16.4579787234043,55.0883242517571,-54.3717346191406
16.5255319148936,55.0883242517571,-48.7917366027832
16.593085106383,55.0883242517571,-48.0417366027832
16.6606382978723,55.0883242517571,-46.0917358398438
16.7281914893617,55.0883242517571,-40.6417350769043
16.7957446808511,55.0883242517571,-35.6217346191406
16.8632978723404,55.0883242517571,-33.0366592407227
16.9308510638298,55.0883242517571,-32.6266593933105
16.9984042553192,55.0883242517571,-36.4766578674316
17.0659574468085,55.0883242517571,-36.8766593933105
17.1335106382979,55.0883242517571,-40.1366577148438
17.2010638297872,55.0883242517571,-49.3766593933105
17.2686170212766,55.0883242517571,-50.2266578674316
17.336170212766,55.0883242517571,-47.896656036377
17.4037234042553,55.0883242517571,-44.893310546875
17.4712765957447,55.0883242517571,-42.2033081054688
17.538829787234,55.0883242517571,-40.4233093261719
17.6063829787234,55.0883242517571,-41.273307800293
17.6739361702128,55.0883242517571,-42.5633087158203
17.7414893617021,55.0883242517571,-41.5133094787598
17.8090425531915,55.0883242517571,-38.7233085632324
17.8765957446809,55.0883242517571,-38.3833084106445
17.9441489361702,55.0883242517571,-40.7591743469238
18.0117021276596,55.0883242517571,-49.479175567627
18.0792553191489,55.0883242517571,-58.4291763305664
18.1468085106383,55.0883242517571,-66.5891723632812
18.2143617021277,55.0883242517571,-68.2591781616211
18.281914893617,55.0883242517571,-69.4291763305664
18.3494680851064,55.0883242517571,-74.1691741943359
18.4170212765957,55.0883242517571,-74.4687957763672
18.4845744680851,55.0883242517571,-79.5387954711914
18.5521276595745,55.0883242517571,-83.2887954711914
18.6196808510638,55.0883242517571,-88.8587951660156
18.6872340425532,55.0883242517571,-92.2887954711914
18.7547872340426,55.0883242517571,-94.3387908935547
18.8223404255319,55.0883242517571,-94.9887924194336
18.8898936170213,55.0883242517571,-93.8287963867188
18.9574468085106,55.0883242517571,-93.0996780395508
19.025,55.0883242517571,-93.3396759033203
19.0925531914894,55.0883242517571,-94.4796752929688
19.1601063829787,55.0883242517571,-96.669677734375
19.2276595744681,55.0883242517571,-100.219673156738
19.2952127659575,55.0883242517571,-101.319679260254
19.3627659574468,55.0883242517571,-100.689674377441
19.4303191489362,55.0883242517571,-99.2796783447266
19.4978723404255,55.0883242517571,-98.0946578979492
19.5654255319149,55.0883242517571,-96.0446624755859
19.6329787234043,55.0883242517571,-88.0046615600586
19.7005319148936,55.0883242517571,-79.7646560668945
19.768085106383,55.0883242517571,-73.4346618652344
19.8356382978723,55.0883242517571,-69.1046600341797
19.9031914893617,55.0883242517571,-65.4346618652344
19.9707446808511,55.0883242517571,-62.7246589660645
20.0382978723404,55.0883242517571,-59.6079711914062
20.1058510638298,55.0883242517571,-55.6779708862305
20.1734042553191,55.0883242517571,-51.3479690551758
20.2409574468085,55.0883242517571,-46.5579719543457
20.3085106382979,55.0883242517571,-42.2979698181152
20.3760638297872,55.0883242517571,-36.7079696655273
20.4436170212766,55.0883242517571,-31.5179710388184
20.511170212766,55.0883242517571,-29.3579711914062
20.5787234042553,55.0883242517571,-27.9852733612061
20.6462765957447,55.0883242517571,-23.7852725982666
20.713829787234,55.0883242517571,-12.6852731704712
20.7813829787234,55.0883242517571,1.37472653388977
20.8489361702128,55.0883242517571,-1.5152735710144
20.9164893617021,55.0883242517571,-4.78527355194092
20.9840425531915,55.0883242517571,-5.44527339935303
21.0515957446809,55.0883242517571,-5.28527355194092
21.1191489361702,55.0883242517571,-4.52434253692627
21.1867021276596,55.0883242517571,-0.894342303276062
21.2542553191489,55.0883242517571,3.01565766334534
21.3218085106383,55.0883242517571,2.55565762519836
21.3893617021277,55.0883242517571,-0.114342324435711
21.456914893617,55.0883242517571,0.00565767288208008
21.5244680851064,55.0883242517571,0.365657687187195
21.5920212765957,55.0883242517571,1.41565763950348
21.6595744680851,55.0883242517571,2.08645272254944
21.7271276595745,55.0883242517571,3.20645260810852
21.7946808510638,55.0883242517571,5.91645288467407
21.8622340425532,55.0883242517571,8.3464527130127
21.9297872340426,55.0883242517571,10.2164525985718
21.9973404255319,55.0883242517571,10.1264524459839
22.0648936170213,55.0883242517571,20.9664535522461
22.1324468085106,55.0883242517571,36.806453704834
22.2,55.0883242517571,13.0439939498901
9.5,55.0201255626629,5.6375527381897
9.56755319148936,55.0201255626629,-7.34244728088379
9.63510638297872,55.0201255626629,9.07755279541016
9.70265957446808,55.0201255626629,13.3075523376465
9.77021276595745,55.0201255626629,20.9675521850586
9.83776595744681,55.0201255626629,-4.29776763916016
9.90531914893617,55.0201255626629,-18.3377685546875
9.97287234042553,55.0201255626629,-34.137767791748
10.0404255319149,55.0201255626629,-25.0977668762207
10.1079787234043,55.0201255626629,-9.87776756286621
10.1755319148936,55.0201255626629,-9.47776794433594
10.243085106383,55.0201255626629,-7.75776767730713
10.3106382978723,55.0201255626629,-3.01776766777039
10.3781914893617,55.0201255626629,1.82068514823914
10.4457446808511,55.0201255626629,9.55068492889404
10.5132978723404,55.0201255626629,16.1006851196289
10.5808510638298,55.0201255626629,15.5006847381592
10.6484042553192,55.0201255626629,0.0606851205229759
10.7159574468085,55.0201255626629,-10.1193151473999
10.7835106382979,55.0201255626629,-0.699314892292023
10.8510638297872,55.0201255626629,4.35068511962891
10.9186170212766,55.0201255626629,-17.5842227935791
10.986170212766,55.0201255626629,-21.4942226409912
11.0537234042553,55.0201255626629,-11.7942228317261
11.1212765957447,55.0201255626629,-9.74422359466553
11.188829787234,55.0201255626629,-10.0942230224609
11.2563829787234,55.0201255626629,-8.03422355651855
11.3239361702128,55.0201255626629,-6.07422304153442
11.3914893617021,55.0201255626629,-10.8542232513428
11.4590425531915,55.0201255626629,-11.4507703781128
11.5265957446809,55.0201255626629,-11.3207702636719
11.5941489361702,55.0201255626629,-9.95077037811279
11.6617021276596,55.0201255626629,-7.94077014923096
11.7292553191489,55.0201255626629,-4.84077024459839
11.7968085106383,55.0201255626629,-0.38077038526535
11.8643617021277,55.0201255626629,7.62922954559326
11.931914893617,55.0201255626629,36.7592277526855
11.9994680851064,55.0201255626629,48.6809425354004
12.0670212765957,55.0201255626629,28.1809406280518
12.1345744680851,55.0201255626629,3.28094124794006
12.2021276595745,55.0201255626629,-0.639058828353882
12.2696808510638,55.0201255626629,0.810941159725189
12.3372340425532,55.0201255626629,0.490941166877747
12.4047872340426,55.0201255626629,-0.849058866500854
12.4723404255319,55.0201255626629,-2.99905872344971
12.5398936170213,55.0201255626629,-20.6781806945801
12.6074468085106,55.0201255626629,-21.3981800079346
12.675,55.0201255626629,-24.598180770874
12.7425531914894,55.0201255626629,-27.1881809234619
12.8101063829787,55.0201255626629,-24.268180847168
12.8776595744681,55.0201255626629,-19.018180847168
12.9452127659574,55.0201255626629,-18.4281806945801
13.0127659574468,55.0201255626629,-19.4181804656982
13.0803191489362,55.0201255626629,-19.839599609375
13.1478723404255,55.0201255626629,-25.0695991516113
13.2154255319149,55.0201255626629,-41.8995971679688
13.2829787234043,55.0201255626629,-44.6695976257324
13.3505319148936,55.0201255626629,-43.9895973205566
13.418085106383,55.0201255626629,-44.4395980834961
13.4856382978723,55.0201255626629,-45.029598236084
13.5531914893617,55.0201255626629,-45.4895973205566
13.6207446808511,55.0201255626629,-45.8332023620605
13.6882978723404,55.0201255626629,-46.0132026672363
13.7558510638298,55.0201255626629,-46.0932006835938
13.8234042553192,55.0201255626629,-46.1431999206543
13.8909574468085,55.0201255626629,-46.3931999206543
13.9585106382979,55.0201255626629,-46.8132019042969
14.0260638297872,55.0201255626629,-47.2632026672363
14.0936170212766,55.0201255626629,-47.6832008361816
14.161170212766,55.0201255626629,-47.4288215637207
14.2287234042553,55.0201255626629,-46.2988204956055
14.2962765957447,55.0201255626629,-46.6088218688965
14.363829787234,55.0201255626629,-41.1788215637207
14.4313829787234,55.0201255626629,-38.658821105957
14.4989361702128,55.0201255626629,-33.4888191223145
14.5664893617021,55.0201255626629,-26.1388206481934
14.6340425531915,55.0201255626629,-20.7188205718994
14.7015957446809,55.0201255626629,-14.9957237243652
14.7691489361702,55.0201255626629,-7.35572338104248
14.8367021276596,55.0201255626629,6.59427690505981
14.9042553191489,55.0201255626629,20.1742763519287
14.9718085106383,55.0201255626629,34.0242767333984
15.0393617021277,55.0201255626629,33.1942749023438
15.106914893617,55.0201255626629,10.2342767715454
15.1744680851064,55.0201255626629,-24.425724029541
15.2420212765957,55.0201255626629,-55.9445343017578
15.3095744680851,55.0201255626629,-69.8545303344727
15.3771276595745,55.0201255626629,-71.264533996582
15.4446808510638,55.0201255626629,-73.0245361328125
15.5122340425532,55.0201255626629,-74.7445373535156
15.5797872340426,55.0201255626629,-76.5545349121094
15.6473404255319,55.0201255626629,-77.6245346069336
15.7148936170213,55.0201255626629,-83.1045303344727
15.7824468085106,55.0201255626629,-84.2097320556641
15.85,55.0201255626629,-83.5997314453125
15.9175531914894,55.0201255626629,-79.2897338867188
15.9851063829787,55.0201255626629,-74.0397338867188
16.0526595744681,55.0201255626629,-74.3297348022461
16.1202127659574,55.0201255626629,-73.6597366333008
16.1877659574468,55.0201255626629,-70.979736328125
16.2553191489362,55.0201255626629,-67.9597320556641
16.3228723404255,55.0201255626629,-61.4417343139648
16.3904255319149,55.0201255626629,-51.4717330932617
16.4579787234043,55.0201255626629,-45.0817337036133
16.5255319148936,55.0201255626629,-39.601734161377
16.593085106383,55.0201255626629,-34.7517356872559
16.6606382978723,55.0201255626629,-27.4717350006104
16.7281914893617,55.0201255626629,-22.9717350006104
16.7957446808511,55.0201255626629,-23.2717342376709
16.8632978723404,55.0201255626629,-23.1466579437256
16.9308510638298,55.0201255626629,-23.8766574859619
16.9984042553192,55.0201255626629,-25.3566570281982
17.0659574468085,55.0201255626629,-28.2666568756104
17.1335106382979,55.0201255626629,-34.0066566467285
17.2010638297872,55.0201255626629,-37.8666572570801
17.2686170212766,55.0201255626629,-36.4766578674316
17.336170212766,55.0201255626629,-34.956657409668
17.4037234042553,55.0201255626629,-32.7133102416992
17.4712765957447,55.0201255626629,-32.9133071899414
17.538829787234,55.0201255626629,-35.2833099365234
17.6063829787234,55.0201255626629,-37.0433082580566
17.6739361702128,55.0201255626629,-37.3033103942871
17.7414893617021,55.0201255626629,-36.1133079528809
17.8090425531915,55.0201255626629,-33.7433090209961
17.8765957446809,55.0201255626629,-30.3933086395264
17.9441489361702,55.0201255626629,-30.309175491333
18.0117021276596,55.0201255626629,-32.8491744995117
18.0792553191489,55.0201255626629,-34.8191757202148
18.1468085106383,55.0201255626629,-38.0891761779785
18.2143617021277,55.0201255626629,-42.8191757202148
18.281914893617,55.0201255626629,-48.579174041748
18.3494680851064,55.0201255626629,-57.5691757202148
18.4170212765957,55.0201255626629,-67.4087905883789
18.4845744680851,55.0201255626629,-76.9787902832031
18.5521276595745,55.0201255626629,-85.5087966918945
18.6196808510638,55.0201255626629,-89.6587905883789
18.6872340425532,55.0201255626629,-92.128791809082
18.7547872340426,55.0201255626629,-94.2087936401367
18.8223404255319,55.0201255626629,-96.5187911987305
18.8898936170213,55.0201255626629,-96.4587936401367
18.9574468085106,55.0201255626629,-97.2896728515625
19.025,55.0201255626629,-97.2396774291992
19.0925531914894,55.0201255626629,-98.7696762084961
19.1601063829787,55.0201255626629,-100.519676208496
19.2276595744681,55.0201255626629,-102.899673461914
19.2952127659575,55.0201255626629,-103.32967376709
19.3627659574468,55.0201255626629,-102.069679260254
19.4303191489362,55.0201255626629,-100.029678344727
19.4978723404255,55.0201255626629,-96.4346618652344
19.5654255319149,55.0201255626629,-87.2846603393555
19.6329787234043,55.0201255626629,-74.3546600341797
19.7005319148936,55.0201255626629,-72.2346572875977
19.768085106383,55.0201255626629,-64.4446563720703
19.8356382978723,55.0201255626629,-56.9146575927734
19.9031914893617,55.0201255626629,-50.6046600341797
19.9707446808511,55.0201255626629,-45.5646591186523
20.0382978723404,55.0201255626629,-40.6779708862305
20.1058510638298,55.0201255626629,-39.6379699707031
20.1734042553191,55.0201255626629,-37.1879692077637
20.2409574468085,55.0201255626629,-33.9579696655273
20.3085106382979,55.0201255626629,-30.8079700469971
20.3760638297872,55.0201255626629,-28.2679710388184
20.4436170212766,55.0201255626629,-27.7579708099365
20.511170212766,55.0201255626629,-24.3379707336426
20.5787234042553,55.0201255626629,-16.7152729034424
20.6462765957447,55.0201255626629,-5.80527353286743
20.713829787234,55.0201255626629,-0.165273517370224
20.7813829787234,55.0201255626629,-2.84527349472046
20.8489361702128,55.0201255626629,-4.57527351379395
20.9164893617021,55.0201255626629,-4.78527355194092
20.9840425531915,55.0201255626629,-4.81527328491211
21.0515957446809,55.0201255626629,-4.72527360916138
21.1191489361702,55.0201255626629,-4.30434226989746
21.1867021276596,55.0201255626629,-2.76434230804443
21.2542553191489,55.0201255626629,1.37565767765045
21.3218085106383,55.0201255626629,1.56565761566162
21.3893617021277,55.0201255626629,0.0756576731801033
21.456914893617,55.0201255626629,-0.0243423264473677
21.5244680851064,55.0201255626629,0.305657684803009
21.5920212765957,55.0201255626629,-0.0743423253297806
21.6595744680851,55.0201255626629,2.29645276069641
21.7271276595745,55.0201255626629,3.29645276069641
21.7946808510638,55.0201255626629,14.786452293396
21.8622340425532,55.0201255626629,21.326452255249
21.9297872340426,55.0201255626629,24.7764530181885
21.9973404255319,55.0201255626629,25.496452331543
22.0648936170213,55.0201255626629,20.3664531707764
22.1324468085106,55.0201255626629,28.3964519500732
22.2,55.0201255626629,15.2439937591553
9.5,54.9519268735687,45.2375526428223
9.56755319148936,54.9519268735687,31.3475532531738
9.63510638297872,54.9519268735687,18.3175525665283
9.70265957446808,54.9519268735687,5.29755258560181
9.77021276595745,54.9519268735687,8.59755229949951
9.83776595744681,54.9519268735687,18.7622318267822
9.90531914893617,54.9519268735687,38.2822341918945
9.97287234042553,54.9519268735687,-13.3577680587769
10.0404255319149,54.9519268735687,-34.2977676391602
10.1079787234043,54.9519268735687,-32.2177658081055
10.1755319148936,54.9519268735687,-15.4277677536011
10.243085106383,54.9519268735687,-17.5377674102783
10.3106382978723,54.9519268735687,-10.5777673721313
10.3781914893617,54.9519268735687,-5.09931468963623
10.4457446808511,54.9519268735687,-2.50931477546692
10.5132978723404,54.9519268735687,3.45068502426147
10.5808510638298,54.9519268735687,3.11068511009216
10.6484042553192,54.9519268735687,-0.729314863681793
10.7159574468085,54.9519268735687,7.11068534851074
10.7835106382979,54.9519268735687,8.6306848526001
10.8510638297872,54.9519268735687,-15.739315032959
10.9186170212766,54.9519268735687,-19.4042224884033
10.986170212766,54.9519268735687,-11.8542232513428
11.0537234042553,54.9519268735687,-4.07422304153442
11.1212765957447,54.9519268735687,-1.82422316074371
11.188829787234,54.9519268735687,-1.3042231798172
11.2563829787234,54.9519268735687,-2.324223279953
11.3239361702128,54.9519268735687,-2.574223279953
11.3914893617021,54.9519268735687,-1.36422312259674
11.4590425531915,54.9519268735687,-2.61077046394348
11.5265957446809,54.9519268735687,-2.98077034950256
11.5941489361702,54.9519268735687,-8.28077030181885
11.6617021276596,54.9519268735687,-3.78077030181885
11.7292553191489,54.9519268735687,-0.210770383477211
11.7968085106383,54.9519268735687,-1.47077035903931
11.8643617021277,54.9519268735687,-3.25077033042908
11.931914893617,54.9519268735687,4.15922975540161
11.9994680851064,54.9519268735687,20.4309406280518
12.0670212765957,54.9519268735687,5.95094108581543
12.1345744680851,54.9519268735687,2.51094126701355
12.2021276595745,54.9519268735687,6.77094125747681
12.2696808510638,54.9519268735687,7.20094108581543
12.3372340425532,54.9519268735687,0.670941174030304
12.4047872340426,54.9519268735687,3.21094107627869
12.4723404255319,54.9519268735687,41.2209396362305
12.5398936170213,54.9519268735687,0.631819486618042
12.6074468085106,54.9519268735687,-22.6981811523438
12.675,54.9519268735687,-26.3081798553467
12.7425531914894,54.9519268735687,-29.4381809234619
12.8101063829787,54.9519268735687,-28.5481796264648
12.8776595744681,54.9519268735687,-29.268180847168
12.9452127659574,54.9519268735687,-31.9081802368164
13.0127659574468,54.9519268735687,-33.4781799316406
13.0803191489362,54.9519268735687,-36.0396003723145
13.1478723404255,54.9519268735687,-38.0495986938477
13.2154255319149,54.9519268735687,-45.1495971679688
13.2829787234043,54.9519268735687,-46.0195999145508
13.3505319148936,54.9519268735687,-45.6695976257324
13.418085106383,54.9519268735687,-45.9895973205566
13.4856382978723,54.9519268735687,-46.3295974731445
13.5531914893617,54.9519268735687,-46.6395988464355
13.6207446808511,54.9519268735687,-46.7432022094727
13.6882978723404,54.9519268735687,-46.8132019042969
13.7558510638298,54.9519268735687,-46.8232002258301
13.8234042553192,54.9519268735687,-46.9232025146484
13.8909574468085,54.9519268735687,-47.0032005310059
13.9585106382979,54.9519268735687,-46.9232025146484
14.0260638297872,54.9519268735687,-46.7032012939453
14.0936170212766,54.9519268735687,-46.0932006835938
14.161170212766,54.9519268735687,-45.0088195800781
14.2287234042553,54.9519268735687,-42.4788208007812
14.2962765957447,54.9519268735687,-40.5888214111328
14.363829787234,54.9519268735687,-35.3288192749023
14.4313829787234,54.9519268735687,-30.1188201904297
14.4989361702128,54.9519268735687,-23.8888206481934
14.5664893617021,54.9519268735687,-19.6688194274902
14.6340425531915,54.9519268735687,-17.2188205718994
14.7015957446809,54.9519268735687,-17.6657238006592
14.7691489361702,54.9519268735687,-15.8857231140137
14.8367021276596,54.9519268735687,-16.095724105835
14.9042553191489,54.9519268735687,-22.0257225036621
14.9718085106383,54.9519268735687,-25.1957225799561
15.0393617021277,54.9519268735687,-23.5857238769531
15.106914893617,54.9519268735687,-25.0857238769531
15.1744680851064,54.9519268735687,-38.0157241821289
15.2420212765957,54.9519268735687,-44.7145347595215
15.3095744680851,54.9519268735687,-55.1845321655273
15.3771276595745,54.9519268735687,-62.7145347595215
15.4446808510638,54.9519268735687,-65.3445358276367
15.5122340425532,54.9519268735687,-74.3145370483398
15.5797872340426,54.9519268735687,-77.0545349121094
15.6473404255319,54.9519268735687,-79.3045349121094
15.7148936170213,54.9519268735687,-79.6145324707031
15.7824468085106,54.9519268735687,-75.7997360229492
15.85,54.9519268735687,-70.3497314453125
15.9175531914894,54.9519268735687,-73.9897308349609
15.9851063829787,54.9519268735687,-74.3697357177734
16.0526595744681,54.9519268735687,-71.0097351074219
16.1202127659574,54.9519268735687,-68.6897354125977
16.1877659574468,54.9519268735687,-61.4597320556641
16.2553191489362,54.9519268735687,-51.9797325134277
16.3228723404255,54.9519268735687,-42.6817359924316
16.3904255319149,54.9519268735687,-32.3417358398438
16.4579787234043,54.9519268735687,-24.8917350769043
16.5255319148936,54.9519268735687,-20.5817356109619
16.593085106383,54.9519268735687,-16.1917343139648
16.6606382978723,54.9519268735687,-15.5417346954346
16.7281914893617,54.9519268735687,-17.991735458374
16.7957446808511,54.9519268735687,-18.9417343139648
16.8632978723404,54.9519268735687,-18.7566585540771
16.9308510638298,54.9519268735687,-18.3466567993164
16.9984042553192,54.9519268735687,-19.786657333374
17.0659574468085,54.9519268735687,-19.7766571044922
17.1335106382979,54.9519268735687,-21.3466567993164
17.2010638297872,54.9519268735687,-22.5466575622559
17.2686170212766,54.9519268735687,-25.2666568756104
17.336170212766,54.9519268735687,-27.5066585540771
17.4037234042553,54.9519268735687,-27.2533092498779
17.4712765957447,54.9519268735687,-29.5433082580566
17.538829787234,54.9519268735687,-30.8033084869385
17.6063829787234,54.9519268735687,-29.0733089447021
17.6739361702128,54.9519268735687,-27.1833095550537
17.7414893617021,54.9519268735687,-24.7633094787598
17.8090425531915,54.9519268735687,-23.4433097839355
17.8765957446809,54.9519268735687,-23.0133094787598
17.9441489361702,54.9519268735687,-23.3491744995117
18.0117021276596,54.9519268735687,-25.2091751098633
18.0792553191489,54.9519268735687,-26.979175567627
18.1468085106383,54.9519268735687,-27.8891754150391
18.2143617021277,54.9519268735687,-28.4491748809814
18.281914893617,54.9519268735687,-28.3991756439209
18.3494680851064,54.9519268735687,-29.309175491333
18.4170212765957,54.9519268735687,-34.7787933349609
18.4845744680851,54.9519268735687,-46.8287925720215
18.5521276595745,54.9519268735687,-62.8887939453125
18.6196808510638,54.9519268735687,-81.9487915039062
18.6872340425532,54.9519268735687,-91.8687973022461
18.7547872340426,54.9519268735687,-93.7487945556641
18.8223404255319,54.9519268735687,-96.0187911987305
18.8898936170213,54.9519268735687,-97.9587936401367
18.9574468085106,54.9519268735687,-98.7796783447266
19.025,54.9519268735687,-100.269676208496
19.0925531914894,54.9519268735687,-101.549674987793
19.1601063829787,54.9519268735687,-103.489677429199
19.2276595744681,54.9519268735687,-105.059677124023
19.2952127659575,54.9519268735687,-105.08967590332
19.3627659574468,54.9519268735687,-104.129676818848
19.4303191489362,54.9519268735687,-102.529678344727
19.4978723404255,54.9519268735687,-95.5346603393555
19.5654255319149,54.9519268735687,-83.5946578979492
19.6329787234043,54.9519268735687,-73.3646621704102
19.7005319148936,54.9519268735687,-62.0446586608887
19.768085106383,54.9519268735687,-50.0446586608887
19.8356382978723,54.9519268735687,-42.3746604919434
19.9031914893617,54.9519268735687,-31.1346588134766
19.9707446808511,54.9519268735687,-5.70465898513794
20.0382978723404,54.9519268735687,-3.38797092437744
20.1058510638298,54.9519268735687,-4.62797069549561
20.1734042553191,54.9519268735687,-5.76797103881836
20.2409574468085,54.9519268735687,-2.5779709815979
20.3085106382979,54.9519268735687,-9.00797080993652
20.3760638297872,54.9519268735687,-14.7079706192017
20.4436170212766,54.9519268735687,-9.79797077178955
20.511170212766,54.9519268735687,-3.79797077178955
20.5787234042553,54.9519268735687,0.104726485908031
20.6462765957447,54.9519268735687,-0.565273523330688
20.713829787234,54.9519268735687,-2.28527355194092
20.7813829787234,54.9519268735687,-1.91527354717255
20.8489361702128,54.9519268735687,-2.71527361869812
20.9164893617021,54.9519268735687,-4.03527355194092
20.9840425531915,54.9519268735687,-3.64527344703674
21.0515957446809,54.9519268735687,-2.75527358055115
21.1191489361702,54.9519268735687,-2.88434243202209
21.1867021276596,54.9519268735687,-2.33434224128723
21.2542553191489,54.9519268735687,-0.0843423306941986
21.3218085106383,54.9519268735687,2.54565763473511
21.3893617021277,54.9519268735687,2.99565768241882
21.456914893617,54.9519268735687,2.99565768241882
21.5244680851064,54.9519268735687,2.44565773010254
21.5920212765957,54.9519268735687,0.965657651424408
21.6595744680851,54.9519268735687,2.92645263671875
21.7271276595745,54.9519268735687,5.19645261764526
21.7946808510638,54.9519268735687,13.3964529037476
21.8622340425532,54.9519268735687,19.8064517974854
21.9297872340426,54.9519268735687,26.4864521026611
21.9973404255319,54.9519268735687,26.6164531707764
22.0648936170213,54.9519268735687,28.6564521789551
22.1324468085106,54.9519268735687,39.2264518737793
22.2,54.9519268735687,28.9939937591553
9.5,54.8837281844745,19.0175533294678
9.56755319148936,54.8837281844745,2.27755260467529
9.63510638297872,54.8837281844745,19.7275524139404
9.70265957446808,54.8837281844745,3.44755268096924
9.77021276595745,54.8837281844745,-1.68244731426239
9.83776595744681,54.8837281844745,9.86223220825195
9.90531914893617,54.8837281844745,18.862232208252
9.97287234042553,54.8837281844745,13.2622327804565
10.0404255319149,54.8837281844745,-27.5877685546875
10.1079787234043,54.8837281844745,-32.6777687072754
10.1755319148936,54.8837281844745,-22.2277679443359
10.243085106383,54.8837281844745,12.6822319030762
10.3106382978723,54.8837281844745,1.72223234176636
10.3781914893617,54.8837281844745,-2.58931493759155
10.4457446808511,54.8837281844745,-0.979314863681793
10.5132978723404,54.8837281844745,-2.23931479454041
10.5808510638298,54.8837281844745,-2.3293149471283
10.6484042553192,54.8837281844745,1.23068511486053
10.7159574468085,54.8837281844745,14.4906854629517
10.7835106382979,54.8837281844745,-10.9293146133423
10.8510638297872,54.8837281844745,-17.0193157196045
10.9186170212766,54.8837281844745,-8.04422283172607
10.986170212766,54.8837281844745,1.14577686786652
11.0537234042553,54.8837281844745,7.74577665328979
11.1212765957447,54.8837281844745,7.07577705383301
11.188829787234,54.8837281844745,9.75577640533447
11.2563829787234,54.8837281844745,8.25577640533447
11.3239361702128,54.8837281844745,1.9457768201828
11.3914893617021,54.8837281844745,-2.84422326087952
11.4590425531915,54.8837281844745,-1.88077032566071
11.5265957446809,54.8837281844745,-3.80077028274536
11.5941489361702,54.8837281844745,-1.99077033996582
11.6617021276596,54.8837281844745,-1.63077032566071
11.7292553191489,54.8837281844745,4.79922962188721
11.7968085106383,54.8837281844745,16.2092304229736
11.8643617021277,54.8837281844745,16.4092292785645
11.931914893617,54.8837281844745,6.66922950744629
11.9994680851064,54.8837281844745,3.90094113349915
12.0670212765957,54.8837281844745,1.47094118595123
12.1345744680851,54.8837281844745,10.1009407043457
12.2021276595745,54.8837281844745,5.59094095230103
12.2696808510638,54.8837281844745,-14.7890586853027
12.3372340425532,54.8837281844745,-21.2290592193604
12.4047872340426,54.8837281844745,-19.4490585327148
12.4723404255319,54.8837281844745,-18.6990585327148
12.5398936170213,54.8837281844745,-21.1881809234619
12.6074468085106,54.8837281844745,-20.2481803894043
12.675,54.8837281844745,-21.2281799316406
12.7425531914894,54.8837281844745,-24.3581809997559
12.8101063829787,54.8837281844745,-28.5281810760498
12.8776595744681,54.8837281844745,-31.6681804656982
12.9452127659574,54.8837281844745,-36.5081787109375
13.0127659574468,54.8837281844745,-41.3381805419922
13.0803191489362,54.8837281844745,-43.2495994567871
13.1478723404255,54.8837281844745,-43.9795989990234
13.2154255319149,54.8837281844745,-44.7995986938477
13.2829787234043,54.8837281844745,-45.3596000671387
13.3505319148936,54.8837281844745,-45.8796005249023
13.418085106383,54.8837281844745,-46.2695999145508
13.4856382978723,54.8837281844745,-46.529598236084
13.5531914893617,54.8837281844745,-46.5495986938477
13.6207446808511,54.8837281844745,-46.5331993103027
13.6882978723404,54.8837281844745,-46.3832015991211
13.7558510638298,54.8837281844745,-46.1931991577148
13.8234042553192,54.8837281844745,-45.9631996154785
13.8909574468085,54.8837281844745,-45.5032005310059
13.9585106382979,54.8837281844745,-44.7732009887695
14.0260638297872,54.8837281844745,-43.6431999206543
14.0936170212766,54.8837281844745,-42.2032012939453
14.161170212766,54.8837281844745,-40.5188217163086
14.2287234042553,54.8837281844745,-37.5788192749023
14.2962765957447,54.8837281844745,-34.3788185119629
14.363829787234,54.8837281844745,-27.3788204193115
14.4313829787234,54.8837281844745,-21.6988201141357
14.4989361702128,54.8837281844745,-19.6488208770752
14.5664893617021,54.8837281844745,-19.4888210296631
14.6340425531915,54.8837281844745,-17.0588207244873
14.7015957446809,54.8837281844745,-15.4457235336304
14.7691489361702,54.8837281844745,-20.4657230377197
14.8367021276596,54.8837281844745,-34.8457221984863
14.9042553191489,54.8837281844745,-42.0557250976562
14.9718085106383,54.8837281844745,-46.4457244873047
15.0393617021277,54.8837281844745,-50.3357238769531
15.106914893617,54.8837281844745,-53.0157241821289
15.1744680851064,54.8837281844745,-52.9657249450684
15.2420212765957,54.8837281844745,-58.824535369873
15.3095744680851,54.8837281844745,-65.3145370483398
15.3771276595745,54.8837281844745,-69.7745361328125
15.4446808510638,54.8837281844745,-71.6145324707031
15.5122340425532,54.8837281844745,-73.7045364379883
15.5797872340426,54.8837281844745,-74.6945343017578
15.6473404255319,54.8837281844745,-76.014533996582
15.7148936170213,54.8837281844745,-75.4545364379883
15.7824468085106,54.8837281844745,-76.6497344970703
15.85,54.8837281844745,-73.0697326660156
15.9175531914894,54.8837281844745,-72.479736328125
15.9851063829787,54.8837281844745,-67.5297317504883
16.0526595744681,54.8837281844745,-62.0697326660156
16.1202127659574,54.8837281844745,-55.4797325134277
16.1877659574468,54.8837281844745,-45.5797348022461
16.2553191489362,54.8837281844745,-36.7697334289551
16.3228723404255,54.8837281844745,-29.5817356109619
16.3904255319149,54.8837281844745,-23.4417343139648
16.4579787234043,54.8837281844745,-18.8817348480225
16.5255319148936,54.8837281844745,-17.4417343139648
16.593085106383,54.8837281844745,-17.431734085083
16.6606382978723,54.8837281844745,-16.9417343139648
16.7281914893617,54.8837281844745,-17.4817352294922
16.7957446808511,54.8837281844745,-16.681734085083
16.8632978723404,54.8837281844745,-15.706657409668
16.9308510638298,54.8837281844745,-24.3366584777832
16.9984042553192,54.8837281844745,-29.9666576385498
17.0659574468085,54.8837281844745,-28.8666572570801
17.1335106382979,54.8837281844745,-27.6366577148438
17.2010638297872,54.8837281844745,-27.8366584777832
17.2686170212766,54.8837281844745,-27.706657409668
17.336170212766,54.8837281844745,-28.8266582489014
17.4037234042553,54.8837281844745,-29.0733089447021
17.4712765957447,54.8837281844745,-28.5433082580566
17.538829787234,54.8837281844745,-26.4233093261719
17.6063829787234,54.8837281844745,-24.1933097839355
17.6739361702128,54.8837281844745,-22.833309173584
17.7414893617021,54.8837281844745,-22.0033092498779
17.8090425531915,54.8837281844745,-21.5133094787598
17.8765957446809,54.8837281844745,-22.66330909729
17.9441489361702,54.8837281844745,-23.2691745758057
18.0117021276596,54.8837281844745,-22.6291751861572
18.0792553191489,54.8837281844745,-21.4991760253906
18.1468085106383,54.8837281844745,-21.3891754150391
18.2143617021277,54.8837281844745,-21.3391742706299
18.281914893617,54.8837281844745,-20.5891742706299
18.3494680851064,54.8837281844745,-19.2691745758057
18.4170212765957,54.8837281844745,-20.1987934112549
18.4845744680851,54.8837281844745,-24.6287937164307
18.5521276595745,54.8837281844745,-34.1587944030762
18.6196808510638,54.8837281844745,-54.2687950134277
18.6872340425532,54.8837281844745,-82.9187927246094
18.7547872340426,54.8837281844745,-93.3587951660156
18.8223404255319,54.8837281844745,-95.7887954711914
18.8898936170213,54.8837281844745,-97.8287963867188
18.9574468085106,54.8837281844745,-99.3196792602539
19.025,54.8837281844745,-100.819679260254
19.0925531914894,54.8837281844745,-102.349678039551
19.1601063829787,54.8837281844745,-104.57967376709
19.2276595744681,54.8837281844745,-106.569679260254
19.2952127659575,54.8837281844745,-106.929672241211
19.3627659574468,54.8837281844745,-106.679672241211
19.4303191489362,54.8837281844745,-103.57967376709
19.4978723404255,54.8837281844745,-97.0646591186523
19.5654255319149,54.8837281844745,-86.1046600341797
19.6329787234043,54.8837281844745,-72.5846557617188
19.7005319148936,54.8837281844745,-58.1646575927734
19.768085106383,54.8837281844745,-47.1546592712402
19.8356382978723,54.8837281844745,-32.8746604919434
19.9031914893617,54.8837281844745,-12.8146591186523
19.9707446808511,54.8837281844745,33.5553398132324
20.0382978723404,54.8837281844745,53.8220291137695
20.1058510638298,54.8837281844745,53.4820289611816
20.1734042553191,54.8837281844745,54.2520294189453
20.2409574468085,54.8837281844745,49.4120292663574
20.3085106382979,54.8837281844745,35.5420303344727
20.3760638297872,54.8837281844745,20.2220287322998
20.4436170212766,54.8837281844745,13.6620292663574
20.511170212766,54.8837281844745,11.6120290756226
20.5787234042553,54.8837281844745,9.41472625732422
20.6462765957447,54.8837281844745,8.36472606658936
20.713829787234,54.8837281844745,5.29472637176514
20.7813829787234,54.8837281844745,5.11472654342651
20.8489361702128,54.8837281844745,4.0947265625
20.9164893617021,54.8837281844745,-0.245273515582085
20.9840425531915,54.8837281844745,-0.105273514986038
21.0515957446809,54.8837281844745,0.554726481437683
21.1191489361702,54.8837281844745,0.825657665729523
21.1867021276596,54.8837281844745,2.885657787323
21.2542553191489,54.8837281844745,2.66565775871277
21.3218085106383,54.8837281844745,3.62565755844116
21.3893617021277,54.8837281844745,2.96565771102905
21.456914893617,54.8837281844745,4.53565788269043
21.5244680851064,54.8837281844745,3.62565755844116
21.5920212765957,54.8837281844745,2.90565776824951
21.6595744680851,54.8837281844745,6.32645273208618
21.7271276595745,54.8837281844745,14.1764526367188
21.7946808510638,54.8837281844745,21.2664527893066
21.8622340425532,54.8837281844745,30.5264530181885
21.9297872340426,54.8837281844745,32.3664512634277
21.9973404255319,54.8837281844745,30.7164535522461
22.0648936170213,54.8837281844745,32.056453704834
22.1324468085106,54.8837281844745,43.186450958252
22.2,54.8837281844745,27.6539936065674
9.5,54.8155294953802,17.9375534057617
9.56755319148936,54.8155294953802,5.52755260467529
9.63510638297872,54.8155294953802,1.46755266189575
9.70265957446808,54.8155294953802,-11.0624475479126
9.77021276595745,54.8155294953802,-23.4924468994141
9.83776595744681,54.8155294953802,-17.1777667999268
9.90531914893617,54.8155294953802,-15.4577674865723
9.97287234042553,54.8155294953802,-9.92776775360107
10.0404255319149,54.8155294953802,-20.6177673339844
10.1079787234043,54.8155294953802,-29.2877674102783
10.1755319148936,54.8155294953802,-28.0677680969238
10.243085106383,54.8155294953802,-21.7677669525146
10.3106382978723,54.8155294953802,-0.337767630815506
10.3781914893617,54.8155294953802,5.48068523406982
10.4457446808511,54.8155294953802,-5.88931465148926
10.5132978723404,54.8155294953802,-8.09931468963623
10.5808510638298,54.8155294953802,-2.05931496620178
10.6484042553192,54.8155294953802,13.1406850814819
10.7159574468085,54.8155294953802,4.41068506240845
10.7835106382979,54.8155294953802,-20.6493148803711
10.8510638297872,54.8155294953802,-10.8593149185181
10.9186170212766,54.8155294953802,-3.26422309875488
10.986170212766,54.8155294953802,-0.594223201274872
11.0537234042553,54.8155294953802,1.51577687263489
11.1212765957447,54.8155294953802,3.31577682495117
11.188829787234,54.8155294953802,4.70577669143677
11.2563829787234,54.8155294953802,7.9657769203186
11.3239361702128,54.8155294953802,8.6657772064209
11.3914893617021,54.8155294953802,7.25577688217163
11.4590425531915,54.8155294953802,2.52922964096069
11.5265957446809,54.8155294953802,2.33922958374023
11.5941489361702,54.8155294953802,3.9592297077179
11.6617021276596,54.8155294953802,8.02922916412354
11.7292553191489,54.8155294953802,2.07922959327698
11.7968085106383,54.8155294953802,4.69922971725464
11.8643617021277,54.8155294953802,11.2492294311523
11.931914893617,54.8155294953802,12.6492300033569
11.9994680851064,54.8155294953802,12.4709415435791
12.0670212765957,54.8155294953802,13.9809408187866
12.1345744680851,54.8155294953802,-1.11905884742737
12.2021276595745,54.8155294953802,-12.7290592193604
12.2696808510638,54.8155294953802,-21.359058380127
12.3372340425532,54.8155294953802,-21.6290588378906
12.4047872340426,54.8155294953802,-19.3090591430664
12.4723404255319,54.8155294953802,-19.0990581512451
12.5398936170213,54.8155294953802,-17.3181800842285
12.6074468085106,54.8155294953802,-16.9181804656982
12.675,54.8155294953802,-17.7581806182861
12.7425531914894,54.8155294953802,-19.1181812286377
12.8101063829787,54.8155294953802,-20.6581802368164
12.8776595744681,54.8155294953802,-22.1981811523438
12.9452127659574,54.8155294953802,-26.0481796264648
13.0127659574468,54.8155294953802,-33.5881805419922
13.0803191489362,54.8155294953802,-40.1296005249023
13.1478723404255,54.8155294953802,-42.8796005249023
13.2154255319149,54.8155294953802,-43.6495971679688
13.2829787234043,54.8155294953802,-44.0995979309082
13.3505319148936,54.8155294953802,-44.5495986938477
13.418085106383,54.8155294953802,-44.8995971679688
13.4856382978723,54.8155294953802,-45.0396003723145
13.5531914893617,54.8155294953802,-44.9995994567871
13.6207446808511,54.8155294953802,-44.7732009887695
13.6882978723404,54.8155294953802,-44.5032005310059
13.7558510638298,54.8155294953802,-44.1332015991211
13.8234042553192,54.8155294953802,-43.6431999206543
13.8909574468085,54.8155294953802,-42.7131996154785
13.9585106382979,54.8155294953802,-41.4332008361816
14.0260638297872,54.8155294953802,-39.9232025146484
14.0936170212766,54.8155294953802,-36.603199005127
14.161170212766,54.8155294953802,-31.848819732666
14.2287234042553,54.8155294953802,-26.4688205718994
14.2962765957447,54.8155294953802,-20.7288208007812
14.363829787234,54.8155294953802,-17.4388198852539
14.4313829787234,54.8155294953802,-17.158821105957
14.4989361702128,54.8155294953802,-17.1488208770752
14.5664893617021,54.8155294953802,-16.328821182251
14.6340425531915,54.8155294953802,-16.7988204956055
14.7015957446809,54.8155294953802,-32.175724029541
14.7691489361702,54.8155294953802,-42.4757232666016
14.8367021276596,54.8155294953802,-45.925724029541
14.9042553191489,54.8155294953802,-48.1257247924805
14.9718085106383,54.8155294953802,-52.0057220458984
15.0393617021277,54.8155294953802,-55.9557228088379
15.106914893617,54.8155294953802,-59.5357246398926
15.1744680851064,54.8155294953802,-63.5157241821289
15.2420212765957,54.8155294953802,-66.7045364379883
15.3095744680851,54.8155294953802,-68.6345367431641
15.3771276595745,54.8155294953802,-70.2145309448242
15.4446808510638,54.8155294953802,-71.8745346069336
15.5122340425532,54.8155294953802,-72.6045303344727
15.5797872340426,54.8155294953802,-74.1645355224609
15.6473404255319,54.8155294953802,-75.6545333862305
15.7148936170213,54.8155294953802,-75.7945327758789
15.7824468085106,54.8155294953802,-73.7097320556641
15.85,54.8155294953802,-69.6497344970703
15.9175531914894,54.8155294953802,-65.7997360229492
15.9851063829787,54.8155294953802,-59.5897331237793
16.0526595744681,54.8155294953802,-51.1297340393066
16.1202127659574,54.8155294953802,-42.1997337341309
16.1877659574468,54.8155294953802,-37.7897338867188
16.2553191489362,54.8155294953802,-35.5297355651855
16.3228723404255,54.8155294953802,-32.6917343139648
16.3904255319149,54.8155294953802,-26.2517356872559
16.4579787234043,54.8155294953802,-25.431734085083
16.5255319148936,54.8155294953802,-26.7517356872559
16.593085106383,54.8155294953802,-25.8317356109619
16.6606382978723,54.8155294953802,-25.3117351531982
16.7281914893617,54.8155294953802,-28.8617343902588
16.7957446808511,54.8155294953802,-30.3317356109619
16.8632978723404,54.8155294953802,-30.6366577148438
16.9308510638298,54.8155294953802,-31.6366577148438
16.9984042553192,54.8155294953802,-28.1866569519043
17.0659574468085,54.8155294953802,-24.6366577148438
17.1335106382979,54.8155294953802,-23.7566585540771
17.2010638297872,54.8155294953802,-21.3566570281982
17.2686170212766,54.8155294953802,-17.3866577148438
17.336170212766,54.8155294953802,-19.1566581726074
17.4037234042553,54.8155294953802,-19.8533096313477
17.4712765957447,54.8155294953802,-20.9433097839355
17.538829787234,54.8155294953802,-21.1033096313477
17.6063829787234,54.8155294953802,-20.2833099365234
17.6739361702128,54.8155294953802,-19.7833099365234
17.7414893617021,54.8155294953802,-18.4833087921143
17.8090425531915,54.8155294953802,-15.4433088302612
17.8765957446809,54.8155294953802,-10.3033094406128
17.9441489361702,54.8155294953802,-1.88917505741119
18.0117021276596,54.8155294953802,-4.75917530059814
18.0792553191489,54.8155294953802,-3.81917500495911
18.1468085106383,54.8155294953802,-3.91917514801025
18.2143617021277,54.8155294953802,-4.11917495727539
18.281914893617,54.8155294953802,3.01082491874695
18.3494680851064,54.8155294953802,0.540824890136719
18.4170212765957,54.8155294953802,-13.4287939071655
18.4845744680851,54.8155294953802,-16.3787937164307
18.5521276595745,54.8155294953802,-23.5287933349609
18.6196808510638,54.8155294953802,-32.6687927246094
18.6872340425532,54.8155294953802,-61.378791809082
18.7547872340426,54.8155294953802,-87.8887939453125
18.8223404255319,54.8155294953802,-93.0787963867188
18.8898936170213,54.8155294953802,-95.7387924194336
18.9574468085106,54.8155294953802,-98.4596786499023
19.025,54.8155294953802,-100.019676208496
19.0925531914894,54.8155294953802,-101.849678039551
19.1601063829787,54.8155294953802,-104.239677429199
19.2276595744681,54.8155294953802,-105.929672241211
19.2952127659575,54.8155294953802,-106.889678955078
19.3627659574468,54.8155294953802,-107.58967590332
19.4303191489362,54.8155294953802,-104.419677734375
19.4978723404255,54.8155294953802,-97.6046600341797
19.5654255319149,54.8155294953802,-87.9946594238281
19.6329787234043,54.8155294953802,-69.644660949707
19.7005319148936,54.8155294953802,-51.894660949707
19.768085106383,54.8155294953802,-38.1346588134766
19.8356382978723,54.8155294953802,-26.9746589660645
19.9031914893617,54.8155294953802,-19.024658203125
19.9707446808511,54.8155294953802,17.8953399658203
20.0382978723404,54.8155294953802,34.3420295715332
20.1058510638298,54.8155294953802,46.3020286560059
20.1734042553191,54.8155294953802,42.3720283508301
20.2409574468085,54.8155294953802,52.4420280456543
20.3085106382979,54.8155294953802,50.9720306396484
20.3760638297872,54.8155294953802,44.462028503418
20.4436170212766,54.8155294953802,34.6620292663574
20.511170212766,54.8155294953802,27.5920295715332
20.5787234042553,54.8155294953802,24.7547264099121
20.6462765957447,54.8155294953802,24.2047271728516
20.713829787234,54.8155294953802,17.4647274017334
20.7813829787234,54.8155294953802,12.5147266387939
20.8489361702128,54.8155294953802,10.7447261810303
20.9164893617021,54.8155294953802,4.15472650527954
20.9840425531915,54.8155294953802,6.31472635269165
21.0515957446809,54.8155294953802,7.90472650527954
21.1191489361702,54.8155294953802,9.84565734863281
21.1867021276596,54.8155294953802,6.02565765380859
21.2542553191489,54.8155294953802,6.39565753936768
21.3218085106383,54.8155294953802,7.32565784454346
21.3893617021277,54.8155294953802,11.0956573486328
21.456914893617,54.8155294953802,13.2256574630737
21.5244680851064,54.8155294953802,10.2756576538086
21.5920212765957,54.8155294953802,12.0756578445435
21.6595744680851,54.8155294953802,14.2664527893066
21.7271276595745,54.8155294953802,20.7664527893066
21.7946808510638,54.8155294953802,29.1764526367188
21.8622340425532,54.8155294953802,38.5064544677734
21.9297872340426,54.8155294953802,44.2264518737793
21.9973404255319,54.8155294953802,47.8664512634277
22.0648936170213,54.8155294953802,45.1664543151855
22.1324468085106,54.8155294953802,30.5364532470703
22.2,54.8155294953802,34.1039924621582
9.5,54.747330806286,43.7039680480957
9.56755319148936,54.747330806286,42.183967590332
9.63510638297872,54.747330806286,39.9239654541016
9.70265957446808,54.747330806286,22.2339668273926
9.77021276595745,54.747330806286,-0.556033372879028
9.83776595744681,54.747330806286,0.803115606307983
9.90531914893617,54.747330806286,-3.93688440322876
9.97287234042553,54.747330806286,-19.1168842315674
10.0404255319149,54.747330806286,-23.3868846893311
10.1079787234043,54.747330806286,-24.9068851470947
10.1755319148936,54.747330806286,-24.9568843841553
10.243085106383,54.747330806286,-21.9468841552734
10.3106382978723,54.747330806286,-19.9668846130371
10.3781914893617,54.747330806286,-17.4014110565186
10.4457446808511,54.747330806286,-19.8414115905762
10.5132978723404,54.747330806286,-16.2314109802246
10.5808510638298,54.747330806286,-12.3714113235474
10.6484042553192,54.747330806286,5.01858854293823
10.7159574468085,54.747330806286,-11.641411781311
10.7835106382979,54.747330806286,-20.2614116668701
10.8510638297872,54.747330806286,-11.9614114761353
10.9186170212766,54.747330806286,-5.75887489318848
10.986170212766,54.747330806286,-0.268874734640121
11.0537234042553,54.747330806286,2.78112530708313
11.1212765957447,54.747330806286,2.53112530708313
11.188829787234,54.747330806286,1.44112527370453
11.2563829787234,54.747330806286,3.7011251449585
11.3239361702128,54.747330806286,9.82112503051758
11.3914893617021,54.747330806286,11.5211248397827
11.4590425531915,54.747330806286,12.5878772735596
11.5265957446809,54.747330806286,12.8278770446777
11.5941489361702,54.747330806286,10.0178775787354
11.6617021276596,54.747330806286,6.80787754058838
11.7292553191489,54.747330806286,6.22787761688232
11.7968085106383,54.747330806286,4.83787727355957
11.8643617021277,54.747330806286,6.74787759780884
11.931914893617,54.747330806286,10.1678771972656
11.9994680851064,54.747330806286,6.51813650131226
12.0670212765957,54.747330806286,-5.19186353683472
12.1345744680851,54.747330806286,-12.7918634414673
12.2021276595745,54.747330806286,-18.5618629455566
12.2696808510638,54.747330806286,-21.3118629455566
12.3372340425532,54.747330806286,-20.4618625640869
12.4047872340426,54.747330806286,-19.7718639373779
12.4723404255319,54.747330806286,-18.9518642425537
12.5398936170213,54.747330806286,-17.0866870880127
12.6074468085106,54.747330806286,-16.8466873168945
12.675,54.747330806286,-17.9066867828369
12.7425531914894,54.747330806286,-19.0766868591309
12.8101063829787,54.747330806286,-20.066686630249
12.8776595744681,54.747330806286,-21.816686630249
12.9452127659574,54.747330806286,-24.8066864013672
13.0127659574468,54.747330806286,-27.5566864013672
13.0803191489362,54.747330806286,-30.0199508666992
13.1478723404255,54.747330806286,-32.4699516296387
13.2154255319149,54.747330806286,-38.0499496459961
13.2829787234043,54.747330806286,-40.3999481201172
13.3505319148936,54.747330806286,-40.4799499511719
13.418085106383,54.747330806286,-40.6099510192871
13.4856382978723,54.747330806286,-41.1299514770508
13.5531914893617,54.747330806286,-41.9799499511719
13.6207446808511,54.747330806286,-42.1321487426758
13.6882978723404,54.747330806286,-41.8121490478516
13.7558510638298,54.747330806286,-41.2721481323242
13.8234042553192,54.747330806286,-40.4921493530273
13.8909574468085,54.747330806286,-39.3821487426758
13.9585106382979,54.747330806286,-37.7321472167969
14.0260638297872,54.747330806286,-33.0421485900879
14.0936170212766,54.747330806286,-27.2221488952637
14.161170212766,54.747330806286,-24.152437210083
14.2287234042553,54.747330806286,-19.6224365234375
14.2962765957447,54.747330806286,-15.1824378967285
14.363829787234,54.747330806286,-13.1724376678467
14.4313829787234,54.747330806286,-12.9624376296997
14.4989361702128,54.747330806286,-22.5824375152588
14.5664893617021,54.747330806286,-29.2224369049072
14.6340425531915,54.747330806286,-38.5224380493164
14.7015957446809,54.747330806286,-45.9922866821289
14.7691489361702,54.747330806286,-48.8722877502441
14.8367021276596,54.747330806286,-51.6122856140137
14.9042553191489,54.747330806286,-54.4922866821289
14.9718085106383,54.747330806286,-56.6122856140137
15.0393617021277,54.747330806286,-58.7622871398926
15.106914893617,54.747330806286,-61.2922859191895
15.1744680851064,54.747330806286,-64.0622863769531
15.2420212765957,54.747330806286,-65.4650344848633
15.3095744680851,54.747330806286,-66.9850311279297
15.3771276595745,54.747330806286,-68.6850357055664
15.4446808510638,54.747330806286,-69.9150314331055
15.5122340425532,54.747330806286,-71.4350357055664
15.5797872340426,54.747330806286,-72.525032043457
15.6473404255319,54.747330806286,-72.7050323486328
15.7148936170213,54.747330806286,-71.3550338745117
15.7824468085106,54.747330806286,-68.154182434082
15.85,54.747330806286,-62.1141815185547
15.9175531914894,54.747330806286,-56.6141815185547
15.9851063829787,54.747330806286,-52.4441833496094
16.0526595744681,54.747330806286,-46.3741836547852
16.1202127659574,54.747330806286,-42.4541816711426
16.1877659574468,54.747330806286,-40.594181060791
16.2553191489362,54.747330806286,-38.7841835021973
16.3228723404255,54.747330806286,-37.251049041748
16.3904255319149,54.747330806286,-37.2910499572754
16.4579787234043,54.747330806286,-36.2410507202148
16.5255319148936,54.747330806286,-36.8310508728027
16.593085106383,54.747330806286,-34.5310478210449
16.6606382978723,54.747330806286,-31.7410488128662
16.7281914893617,54.747330806286,-32.7710494995117
16.7957446808511,54.747330806286,-32.3010482788086
16.8632978723404,54.747330806286,-31.2936782836914
16.9308510638298,54.747330806286,-28.6436786651611
16.9984042553192,54.747330806286,-23.2636775970459
17.0659574468085,54.747330806286,-20.4136791229248
17.1335106382979,54.747330806286,-22.7036781311035
17.2010638297872,54.747330806286,-18.3236789703369
17.2686170212766,54.747330806286,-14.9636783599854
17.336170212766,54.747330806286,-11.1336784362793
17.4037234042553,54.747330806286,-8.9320707321167
17.4712765957447,54.747330806286,-8.11207103729248
17.538829787234,54.747330806286,-6.52207088470459
17.6063829787234,54.747330806286,-3.58207082748413
17.6739361702128,54.747330806286,1.6579293012619
17.7414893617021,54.747330806286,24.3579292297363
17.8090425531915,54.747330806286,31.9379291534424
17.8765957446809,54.747330806286,32.937931060791
17.9441489361702,54.747330806286,47.9401206970215
18.0117021276596,54.747330806286,24.9501209259033
18.0792553191489,54.747330806286,51.2101211547852
18.1468085106383,54.747330806286,44.6201210021973
18.2143617021277,54.747330806286,33.1101226806641
18.281914893617,54.747330806286,23.8101215362549
18.3494680851064,54.747330806286,28.6101207733154
18.4170212765957,54.747330806286,0.0136523433029652
18.4845744680851,54.747330806286,-5.63634777069092
18.5521276595745,54.747330806286,-11.9463472366333
18.6196808510638,54.747330806286,-21.0763473510742
18.6872340425532,54.747330806286,-35.3663482666016
18.7547872340426,54.747330806286,-75.0463485717773
18.8223404255319,54.747330806286,-87.5463485717773
18.8898936170213,54.747330806286,-91.00634765625
18.9574468085106,54.747330806286,-93.9963150024414
19.025,54.747330806286,-96.6363143920898
19.0925531914894,54.747330806286,-98.8063125610352
19.1601063829787,54.747330806286,-100.676315307617
19.2276595744681,54.747330806286,-102.38631439209
19.2952127659575,54.747330806286,-103.486312866211
19.3627659574468,54.747330806286,-103.926315307617
19.4303191489362,54.747330806286,-100.836318969727
19.4978723404255,54.747330806286,-95.467041015625
19.5654255319149,54.747330806286,-86.5670394897461
19.6329787234043,54.747330806286,-66.0070419311523
19.7005319148936,54.747330806286,-40.3670425415039
19.768085106383,54.747330806286,-29.6370410919189
19.8356382978723,54.747330806286,-26.5170402526855
19.9031914893617,54.747330806286,-19.6970405578613
19.9707446808511,54.747330806286,6.73295879364014
20.0382978723404,54.747330806286,12.613920211792
20.1058510638298,54.747330806286,17.7239208221436
20.1734042553191,54.747330806286,25.0439205169678
20.2409574468085,54.747330806286,37.3239212036133
20.3085106382979,54.747330806286,25.6439208984375
20.3760638297872,54.747330806286,30.3739204406738
20.4436170212766,54.747330806286,32.6539192199707
20.511170212766,54.747330806286,29.943920135498
20.5787234042553,54.747330806286,25.0259552001953
20.6462765957447,54.747330806286,22.5559558868408
20.713829787234,54.747330806286,26.3059558868408
20.7813829787234,54.747330806286,17.7759552001953
20.8489361702128,54.747330806286,14.6359558105469
20.9164893617021,54.747330806286,12.9659557342529
20.9840425531915,54.747330806286,14.2659559249878
21.0515957446809,54.747330806286,12.755955696106
21.1191489361702,54.747330806286,13.7316703796387
21.1867021276596,54.747330806286,12.6216707229614
21.2542553191489,54.747330806286,17.9316711425781
21.3218085106383,54.747330806286,14.8916702270508
21.3893617021277,54.747330806286,18.0116710662842
21.456914893617,54.747330806286,21.711669921875
21.5244680851064,54.747330806286,20.9216709136963
21.5920212765957,54.747330806286,24.3116703033447
21.6595744680851,54.747330806286,22.4924049377441
21.7271276595745,54.747330806286,28.0924053192139
21.7946808510638,54.747330806286,34.6924057006836
21.8622340425532,54.747330806286,47.8524055480957
21.9297872340426,54.747330806286,48.7124061584473
21.9973404255319,54.747330806286,33.6924057006836
22.0648936170213,54.747330806286,34.2424049377441
22.1324468085106,54.747330806286,42.7824058532715
22.2,54.747330806286,44.2399139404297
9.5,54.6791321171918,38.3939666748047
9.56755319148936,54.6791321171918,38.3539657592773
9.63510638297872,54.6791321171918,43.2139663696289
9.70265957446808,54.6791321171918,44.4539680480957
9.77021276595745,54.6791321171918,35.683967590332
9.83776595744681,54.6791321171918,23.6131153106689
9.90531914893617,54.6791321171918,6.22311544418335
9.97287234042553,54.6791321171918,-5.59688425064087
10.0404255319149,54.6791321171918,-15.5468845367432
10.1079787234043,54.6791321171918,-22.5668849945068
10.1755319148936,54.6791321171918,-23.0668849945068
10.243085106383,54.6791321171918,-22.056884765625
10.3106382978723,54.6791321171918,-19.2068843841553
10.3781914893617,54.6791321171918,-19.4914112091064
10.4457446808511,54.6791321171918,-19.6514110565186
10.5132978723404,54.6791321171918,-19.7014122009277
10.5808510638298,54.6791321171918,-19.6214122772217
10.6484042553192,54.6791321171918,-9.62141132354736
10.7159574468085,54.6791321171918,-23.0114116668701
10.7835106382979,54.6791321171918,-19.1414108276367
10.8510638297872,54.6791321171918,-15.5114116668701
10.9186170212766,54.6791321171918,-12.5888748168945
10.986170212766,54.6791321171918,-10.9488744735718
11.0537234042553,54.6791321171918,-12.6288747787476
11.1212765957447,54.6791321171918,-9.72887516021729
11.188829787234,54.6791321171918,-4.96887493133545
11.2563829787234,54.6791321171918,-1.51887476444244
11.3239361702128,54.6791321171918,1.42112529277802
11.3914893617021,54.6791321171918,4.89112520217896
11.4590425531915,54.6791321171918,10.1078777313232
11.5265957446809,54.6791321171918,10.4778776168823
11.5941489361702,54.6791321171918,12.8678779602051
11.6617021276596,54.6791321171918,13.4478778839111
11.7292553191489,54.6791321171918,10.6778774261475
11.7968085106383,54.6791321171918,2.15787744522095
11.8643617021277,54.6791321171918,1.98787748813629
11.931914893617,54.6791321171918,1.09787750244141
11.9994680851064,54.6791321171918,-7.18186330795288
12.0670212765957,54.6791321171918,-12.0118637084961
12.1345744680851,54.6791321171918,-16.3418636322021
12.2021276595745,54.6791321171918,-18.8118629455566
12.2696808510638,54.6791321171918,-18.8918628692627
12.3372340425532,54.6791321171918,-18.4618625640869
12.4047872340426,54.6791321171918,-18.2718639373779
12.4723404255319,54.6791321171918,-17.9518642425537
12.5398936170213,54.6791321171918,-17.6766872406006
12.6074468085106,54.6791321171918,-19.0066871643066
12.675,54.6791321171918,-20.4166870117188
12.7425531914894,54.6791321171918,-18.4766864776611
12.8101063829787,54.6791321171918,-17.9766864776611
12.8776595744681,54.6791321171918,-20.9566860198975
12.9452127659574,54.6791321171918,-21.2766857147217
13.0127659574468,54.6791321171918,-20.5566864013672
13.0803191489362,54.6791321171918,-21.6899490356445
13.1478723404255,54.6791321171918,-23.3599491119385
13.2154255319149,54.6791321171918,-23.4499492645264
13.2829787234043,54.6791321171918,-19.4799499511719
13.3505319148936,54.6791321171918,-13.5799503326416
13.418085106383,54.6791321171918,-16.139949798584
13.4856382978723,54.6791321171918,-27.3399505615234
13.5531914893617,54.6791321171918,-33.1299514770508
13.6207446808511,54.6791321171918,-36.5421485900879
13.6882978723404,54.6791321171918,-37.2121505737305
13.7558510638298,54.6791321171918,-36.3521499633789
13.8234042553192,54.6791321171918,-34.4921493530273
13.8909574468085,54.6791321171918,-31.9221496582031
13.9585106382979,54.6791321171918,-28.0021495819092
14.0260638297872,54.6791321171918,-24.9221496582031
14.0936170212766,54.6791321171918,-26.2421493530273
14.161170212766,54.6791321171918,-27.322437286377
14.2287234042553,54.6791321171918,-26.5124378204346
14.2962765957447,54.6791321171918,-23.0524368286133
14.363829787234,54.6791321171918,-20.2324371337891
14.4313829787234,54.6791321171918,-20.3624382019043
14.4989361702128,54.6791321171918,-31.1424369812012
14.5664893617021,54.6791321171918,-41.0624389648438
14.6340425531915,54.6791321171918,-46.1624374389648
14.7015957446809,54.6791321171918,-48.8322868347168
14.7691489361702,54.6791321171918,-50.2222862243652
14.8367021276596,54.6791321171918,-52.652286529541
14.9042553191489,54.6791321171918,-53.4522857666016
14.9718085106383,54.6791321171918,-51.3622856140137
15.0393617021277,54.6791321171918,-54.34228515625
15.106914893617,54.6791321171918,-59.0522880554199
15.1744680851064,54.6791321171918,-61.5722846984863
15.2420212765957,54.6791321171918,-60.9450340270996
15.3095744680851,54.6791321171918,-61.1650314331055
15.3771276595745,54.6791321171918,-64.5850296020508
15.4446808510638,54.6791321171918,-65.0950317382812
15.5122340425532,54.6791321171918,-66.8150329589844
15.5797872340426,54.6791321171918,-67.6750335693359
15.6473404255319,54.6791321171918,-67.1450347900391
15.7148936170213,54.6791321171918,-65.2450332641602
15.7824468085106,54.6791321171918,-62.2041816711426
15.85,54.6791321171918,-58.154182434082
15.9175531914894,54.6791321171918,-54.2041816711426
15.9851063829787,54.6791321171918,-51.0241813659668
16.0526595744681,54.6791321171918,-48.0541839599609
16.1202127659574,54.6791321171918,-45.4141807556152
16.1877659574468,54.6791321171918,-42.9841842651367
16.2553191489362,54.6791321171918,-39.9141807556152
16.3228723404255,54.6791321171918,-37.8610496520996
16.3904255319149,54.6791321171918,-36.9610481262207
16.4579787234043,54.6791321171918,-34.5510482788086
16.5255319148936,54.6791321171918,-32.2010498046875
16.593085106383,54.6791321171918,-30.4110488891602
16.6606382978723,54.6791321171918,-29.671049118042
16.7281914893617,54.6791321171918,-28.4310493469238
16.7957446808511,54.6791321171918,-27.0210494995117
16.8632978723404,54.6791321171918,-24.6936779022217
16.9308510638298,54.6791321171918,-22.9136791229248
16.9984042553192,54.6791321171918,-20.653678894043
17.0659574468085,54.6791321171918,-17.8836784362793
17.1335106382979,54.6791321171918,-8.83367824554443
17.2010638297872,54.6791321171918,-1.41367828845978
17.2686170212766,54.6791321171918,3.46632170677185
17.336170212766,54.6791321171918,2.34632182121277
17.4037234042553,54.6791321171918,-1.01207077503204
17.4712765957447,54.6791321171918,0.227929264307022
17.538829787234,54.6791321171918,2.54792928695679
17.6063829787234,54.6791321171918,10.587929725647
17.6739361702128,54.6791321171918,36.0979309082031
17.7414893617021,54.6791321171918,60.437931060791
17.8090425531915,54.6791321171918,85.3879318237305
17.8765957446809,54.6791321171918,82.3479309082031
17.9441489361702,54.6791321171918,97.6001205444336
18.0117021276596,54.6791321171918,87.9401245117188
18.0792553191489,54.6791321171918,43.6101226806641
18.1468085106383,54.6791321171918,65.3401184082031
18.2143617021277,54.6791321171918,79.240119934082
18.281914893617,54.6791321171918,60.6501197814941
18.3494680851064,54.6791321171918,25.1401214599609
18.4170212765957,54.6791321171918,12.4836521148682
18.4845744680851,54.6791321171918,-3.42634773254395
18.5521276595745,54.6791321171918,-5.07634782791138
18.6196808510638,54.6791321171918,-7.98634767532349
18.6872340425532,54.6791321171918,-9.47634792327881
18.7547872340426,54.6791321171918,-30.5863475799561
18.8223404255319,54.6791321171918,-75.4563446044922
18.8898936170213,54.6791321171918,-83.9263458251953
18.9574468085106,54.6791321171918,-87.1363143920898
19.025,54.6791321171918,-89.9663162231445
19.0925531914894,54.6791321171918,-92.1563186645508
19.1601063829787,54.6791321171918,-93.7563171386719
19.2276595744681,54.6791321171918,-94.9163131713867
19.2952127659575,54.6791321171918,-95.2663116455078
19.3627659574468,54.6791321171918,-95.2863159179688
19.4303191489362,54.6791321171918,-93.5163116455078
19.4978723404255,54.6791321171918,-89.2870407104492
19.5654255319149,54.6791321171918,-77.5470428466797
19.6329787234043,54.6791321171918,-52.8070411682129
19.7005319148936,54.6791321171918,-30.5870418548584
19.768085106383,54.6791321171918,-26.4570407867432
19.8356382978723,54.6791321171918,-21.8770408630371
19.9031914893617,54.6791321171918,-8.7770414352417
19.9707446808511,54.6791321171918,3.83295893669128
20.0382978723404,54.6791321171918,0.273920565843582
20.1058510638298,54.6791321171918,2.8339204788208
20.1734042553191,54.6791321171918,2.68392062187195
20.2409574468085,54.6791321171918,3.14392066001892
20.3085106382979,54.6791321171918,4.62392044067383
20.3760638297872,54.6791321171918,3.34392046928406
20.4436170212766,54.6791321171918,7.59392070770264
20.511170212766,54.6791321171918,11.3739204406738
20.5787234042553,54.6791321171918,10.4959564208984
20.6462765957447,54.6791321171918,10.6759557723999
20.713829787234,54.6791321171918,12.0359563827515
20.7813829787234,54.6791321171918,10.1059560775757
20.8489361702128,54.6791321171918,10.1259565353394
20.9164893617021,54.6791321171918,9.27595615386963
20.9840425531915,54.6791321171918,13.8359565734863
21.0515957446809,54.6791321171918,18.6659564971924
21.1191489361702,54.6791321171918,12.8816709518433
21.1867021276596,54.6791321171918,21.5916709899902
21.2542553191489,54.6791321171918,27.44167137146
21.3218085106383,54.6791321171918,23.2316703796387
21.3893617021277,54.6791321171918,18.1816711425781
21.456914893617,54.6791321171918,19.0516700744629
21.5244680851064,54.6791321171918,21.1316699981689
21.5920212765957,54.6791321171918,26.1716709136963
21.6595744680851,54.6791321171918,29.5924053192139
21.7271276595745,54.6791321171918,27.8024044036865
21.7946808510638,54.6791321171918,34.9724044799805
21.8622340425532,54.6791321171918,34.9324035644531
21.9297872340426,54.6791321171918,28.1924057006836
21.9973404255319,54.6791321171918,44.2624053955078
22.0648936170213,54.6791321171918,51.0924034118652
22.1324468085106,54.6791321171918,51.8824043273926
22.2,54.6791321171918,52.1899147033691
9.5,54.6109334280976,43.56396484375
9.56755319148936,54.6109334280976,32.2539672851562
9.63510638297872,54.6109334280976,24.2139663696289
9.70265957446808,54.6109334280976,24.7239665985107
9.77021276595745,54.6109334280976,24.8839664459229
9.83776595744681,54.6109334280976,18.1031150817871
9.90531914893617,54.6109334280976,11.1231155395508
9.97287234042553,54.6109334280976,-2.02688431739807
10.0404255319149,54.6109334280976,-18.6368846893311
10.1079787234043,54.6109334280976,-22.0068836212158
10.1755319148936,54.6109334280976,-20.1568851470947
10.243085106383,54.6109334280976,-19.9068851470947
10.3106382978723,54.6109334280976,-20.2568836212158
10.3781914893617,54.6109334280976,-19.3014125823975
10.4457446808511,54.6109334280976,-18.5814113616943
10.5132978723404,54.6109334280976,-18.2914123535156
10.5808510638298,54.6109334280976,-20.4114112854004
10.6484042553192,54.6109334280976,-22.0414123535156
10.7159574468085,54.6109334280976,-21.6414108276367
10.7835106382979,54.6109334280976,-22.1714115142822
10.8510638297872,54.6109334280976,-22.6214122772217
10.9186170212766,54.6109334280976,-22.4388751983643
10.986170212766,54.6109334280976,-20.3288745880127
11.0537234042553,54.6109334280976,-22.3988742828369
11.1212765957447,54.6109334280976,-22.4988746643066
11.188829787234,54.6109334280976,-19.6388740539551
11.2563829787234,54.6109334280976,-13.0888748168945
11.3239361702128,54.6109334280976,-5.69887495040894
11.3914893617021,54.6109334280976,-0.958874762058258
11.4590425531915,54.6109334280976,1.20787751674652
11.5265957446809,54.6109334280976,-0.622122526168823
11.5941489361702,54.6109334280976,-1.20212244987488
11.6617021276596,54.6109334280976,-1.37212252616882
11.7292553191489,54.6109334280976,-1.54212248325348
11.7968085106383,54.6109334280976,-3.53212261199951
11.8643617021277,54.6109334280976,0.347877502441406
11.931914893617,54.6109334280976,-2.91212248802185
11.9994680851064,54.6109334280976,-9.98186302185059
12.0670212765957,54.6109334280976,-12.7618637084961
12.1345744680851,54.6109334280976,-17.6918640136719
12.2021276595745,54.6109334280976,-17.1618633270264
12.2696808510638,54.6109334280976,-18.6618633270264
12.3372340425532,54.6109334280976,-17.68186378479
12.4047872340426,54.6109334280976,-16.8418636322021
12.4723404255319,54.6109334280976,-17.2118625640869
12.5398936170213,54.6109334280976,-17.5466861724854
12.6074468085106,54.6109334280976,-18.0966873168945
12.675,54.6109334280976,-18.3366870880127
12.7425531914894,54.6109334280976,-13.8366861343384
12.8101063829787,54.6109334280976,-12.0366859436035
12.8776595744681,54.6109334280976,-15.0166864395142
12.9452127659574,54.6109334280976,-15.066686630249
13.0127659574468,54.6109334280976,-14.816686630249
13.0803191489362,54.6109334280976,-14.4499502182007
13.1478723404255,54.6109334280976,-11.8699502944946
13.2154255319149,54.6109334280976,-3.07994985580444
13.2829787234043,54.6109334280976,6.10004997253418
13.3505319148936,54.6109334280976,8.5400505065918
13.418085106383,54.6109334280976,-10.0899496078491
13.4856382978723,54.6109334280976,-22.6299495697021
13.5531914893617,54.6109334280976,-26.3499507904053
13.6207446808511,54.6109334280976,-28.0021495819092
13.6882978723404,54.6109334280976,-28.5721492767334
13.7558510638298,54.6109334280976,-28.1021480560303
13.8234042553192,54.6109334280976,-25.4321479797363
13.8909574468085,54.6109334280976,-23.3521480560303
13.9585106382979,54.6109334280976,-23.0721492767334
14.0260638297872,54.6109334280976,-22.7921485900879
14.0936170212766,54.6109334280976,-24.4621486663818
14.161170212766,54.6109334280976,-26.3624382019043
14.2287234042553,54.6109334280976,-28.1224365234375
14.2962765957447,54.6109334280976,-29.2624378204346
14.363829787234,54.6109334280976,-30.5124378204346
14.4313829787234,54.6109334280976,-29.0424365997314
14.4989361702128,54.6109334280976,-30.7824382781982
14.5664893617021,54.6109334280976,-37.2324371337891
14.6340425531915,54.6109334280976,-43.0424385070801
14.7015957446809,54.6109334280976,-46.4422874450684
14.7691489361702,54.6109334280976,-47.6922874450684
14.8367021276596,54.6109334280976,-48.8822860717773
14.9042553191489,54.6109334280976,-49.8822860717773
14.9718085106383,54.6109334280976,-51.0322875976562
15.0393617021277,54.6109334280976,-52.8622856140137
15.106914893617,54.6109334280976,-55.2422866821289
15.1744680851064,54.6109334280976,-56.84228515625
15.2420212765957,54.6109334280976,-55.4250335693359
15.3095744680851,54.6109334280976,-55.8150329589844
15.3771276595745,54.6109334280976,-59.7850341796875
15.4446808510638,54.6109334280976,-61.2250328063965
15.5122340425532,54.6109334280976,-62.4750328063965
15.5797872340426,54.6109334280976,-62.6450309753418
15.6473404255319,54.6109334280976,-62.1550331115723
15.7148936170213,54.6109334280976,-60.715030670166
15.7824468085106,54.6109334280976,-58.6841812133789
15.85,54.6109334280976,-55.7841835021973
15.9175531914894,54.6109334280976,-53.714183807373
15.9851063829787,54.6109334280976,-51.7741813659668
16.0526595744681,54.6109334280976,-48.4941825866699
16.1202127659574,54.6109334280976,-44.3541831970215
16.1877659574468,54.6109334280976,-40.0241813659668
16.2553191489362,54.6109334280976,-37.5641822814941
16.3228723404255,54.6109334280976,-35.2810478210449
16.3904255319149,54.6109334280976,-31.3010501861572
16.4579787234043,54.6109334280976,-26.2910499572754
16.5255319148936,54.6109334280976,-23.9110488891602
16.593085106383,54.6109334280976,-21.8910503387451
16.6606382978723,54.6109334280976,-18.7610492706299
16.7281914893617,54.6109334280976,-19.6810493469238
16.7957446808511,54.6109334280976,-20.7710494995117
16.8632978723404,54.6109334280976,-18.5536785125732
16.9308510638298,54.6109334280976,-16.2136783599854
16.9984042553192,54.6109334280976,-2.98367834091187
17.0659574468085,54.6109334280976,8.60632133483887
17.1335106382979,54.6109334280976,3.01632165908813
17.2010638297872,54.6109334280976,15.8963212966919
17.2686170212766,54.6109334280976,16.7263221740723
17.336170212766,54.6109334280976,16.1363220214844
17.4037234042553,54.6109334280976,16.5579299926758
17.4712765957447,54.6109334280976,25.1779289245605
17.538829787234,54.6109334280976,26.3779296875
17.6063829787234,54.6109334280976,17.1479301452637
17.6739361702128,54.6109334280976,27.9579296112061
17.7414893617021,54.6109334280976,59.0279273986816
17.8090425531915,54.6109334280976,74.6179275512695
17.8765957446809,54.6109334280976,65.3479309082031
17.9441489361702,54.6109334280976,99.0901184082031
18.0117021276596,54.6109334280976,75.2801208496094
18.0792553191489,54.6109334280976,66.8101196289062
18.1468085106383,54.6109334280976,44.5001220703125
18.2143617021277,54.6109334280976,62.9401206970215
18.281914893617,54.6109334280976,69.4501190185547
18.3494680851064,54.6109334280976,31.0601215362549
18.4170212765957,54.6109334280976,10.3636522293091
18.4845744680851,54.6109334280976,0.643652319908142
18.5521276595745,54.6109334280976,-10.8563480377197
18.6196808510638,54.6109334280976,-28.8463478088379
18.6872340425532,54.6109334280976,-33.696346282959
18.7547872340426,54.6109334280976,-7.79634761810303
18.8223404255319,54.6109334280976,-33.2363471984863
18.8898936170213,54.6109334280976,-75.2463455200195
18.9574468085106,54.6109334280976,-79.2363128662109
19.025,54.6109334280976,-82.1763153076172
19.0925531914894,54.6109334280976,-84.2063140869141
19.1601063829787,54.6109334280976,-85.1363143920898
19.2276595744681,54.6109334280976,-85.7463150024414
19.2952127659575,54.6109334280976,-86.1663131713867
19.3627659574468,54.6109334280976,-85.5963134765625
19.4303191489362,54.6109334280976,-83.856315612793
19.4978723404255,54.6109334280976,-80.1670379638672
19.5654255319149,54.6109334280976,-70.3870391845703
19.6329787234043,54.6109334280976,-50.4970397949219
19.7005319148936,54.6109334280976,-27.7570419311523
19.768085106383,54.6109334280976,-21.3170413970947
19.8356382978723,54.6109334280976,-12.2270412445068
19.9031914893617,54.6109334280976,1.51295900344849
19.9707446808511,54.6109334280976,0.212958991527557
20.0382978723404,54.6109334280976,-1.00607943534851
20.1058510638298,54.6109334280976,-0.126079440116882
20.1734042553191,54.6109334280976,0.893920540809631
20.2409574468085,54.6109334280976,2.71392059326172
20.3085106382979,54.6109334280976,6.5339207649231
20.3760638297872,54.6109334280976,7.32392072677612
20.4436170212766,54.6109334280976,9.78392028808594
20.511170212766,54.6109334280976,21.4639205932617
20.5787234042553,54.6109334280976,23.5059566497803
20.6462765957447,54.6109334280976,23.125955581665
20.713829787234,54.6109334280976,23.2359561920166
20.7813829787234,54.6109334280976,16.9259567260742
20.8489361702128,54.6109334280976,15.4559564590454
20.9164893617021,54.6109334280976,16.10595703125
20.9840425531915,54.6109334280976,19.5259552001953
21.0515957446809,54.6109334280976,11.4559564590454
21.1191489361702,54.6109334280976,9.57167053222656
21.1867021276596,54.6109334280976,18.1416702270508
21.2542553191489,54.6109334280976,15.0216703414917
21.3218085106383,54.6109334280976,16.0416698455811
21.3893617021277,54.6109334280976,16.7316703796387
21.456914893617,54.6109334280976,21.6416702270508
21.5244680851064,54.6109334280976,18.5916709899902
21.5920212765957,54.6109334280976,20.3716697692871
21.6595744680851,54.6109334280976,25.3024044036865
21.7271276595745,54.6109334280976,26.3824043273926
21.7946808510638,54.6109334280976,28.3424053192139
21.8622340425532,54.6109334280976,30.2324047088623
21.9297872340426,54.6109334280976,35.5624046325684
21.9973404255319,54.6109334280976,39.892406463623
22.0648936170213,54.6109334280976,44.9524040222168
22.1324468085106,54.6109334280976,50.3024063110352
22.2,54.6109334280976,55.1299133300781
9.5,54.5427347390034,33.3439674377441
9.56755319148936,54.5427347390034,24.3839664459229
9.63510638297872,54.5427347390034,19.3439674377441
9.70265957446808,54.5427347390034,13.333966255188
9.77021276595745,54.5427347390034,19.5539665222168
9.83776595744681,54.5427347390034,24.7531147003174
9.90531914893617,54.5427347390034,21.3231163024902
9.97287234042553,54.5427347390034,-5.00688457489014
10.0404255319149,54.5427347390034,-22.7468852996826
10.1079787234043,54.5427347390034,-19.6668834686279
10.1755319148936,54.5427347390034,-17.8968849182129
10.243085106383,54.5427347390034,-14.0768842697144
10.3106382978723,54.5427347390034,-15.806884765625
10.3781914893617,54.5427347390034,-18.1214122772217
10.4457446808511,54.5427347390034,-18.1214122772217
10.5132978723404,54.5427347390034,-17.3714122772217
10.5808510638298,54.5427347390034,-19.3214111328125
10.6484042553192,54.5427347390034,-22.5314121246338
10.7159574468085,54.5427347390034,-22.9514122009277
10.7835106382979,54.5427347390034,-20.851411819458
10.8510638297872,54.5427347390034,-16.4314117431641
10.9186170212766,54.5427347390034,-14.7388744354248
10.986170212766,54.5427347390034,-15.9288749694824
11.0537234042553,54.5427347390034,-18.0888748168945
11.1212765957447,54.5427347390034,-22.8188743591309
11.188829787234,54.5427347390034,-27.3588752746582
11.2563829787234,54.5427347390034,-26.8288745880127
11.3239361702128,54.5427347390034,-23.0188751220703
11.3914893617021,54.5427347390034,-16.4388751983643
11.4590425531915,54.5427347390034,-8.86212253570557
11.5265957446809,54.5427347390034,-5.77212238311768
11.5941489361702,54.5427347390034,-5.46212244033813
11.6617021276596,54.5427347390034,-5.35212230682373
11.7292553191489,54.5427347390034,-5.28212261199951
11.7968085106383,54.5427347390034,-4.97212266921997
11.8643617021277,54.5427347390034,-3.51212239265442
11.931914893617,54.5427347390034,-3.10212254524231
11.9994680851064,54.5427347390034,-9.05186367034912
12.0670212765957,54.5427347390034,-14.2418632507324
12.1345744680851,54.5427347390034,-17.2018642425537
12.2021276595745,54.5427347390034,-18.2518634796143
12.2696808510638,54.5427347390034,-22.4118633270264
12.3372340425532,54.5427347390034,-16.4618625640869
12.4047872340426,54.5427347390034,-15.3918628692627
12.4723404255319,54.5427347390034,-14.1318635940552
12.5398936170213,54.5427347390034,-13.3666868209839
12.6074468085106,54.5427347390034,-14.5866861343384
12.675,54.5427347390034,-15.9766864776611
12.7425531914894,54.5427347390034,-14.3766860961914
12.8101063829787,54.5427347390034,-11.1266860961914
12.8776595744681,54.5427347390034,-10.6366863250732
12.9452127659574,54.5427347390034,-9.06668663024902
13.0127659574468,54.5427347390034,-8.15668678283691
13.0803191489362,54.5427347390034,-1.52994990348816
13.1478723404255,54.5427347390034,-0.519949972629547
13.2154255319149,54.5427347390034,0.200050055980682
13.2829787234043,54.5427347390034,1.60005009174347
13.3505319148936,54.5427347390034,1.3900500535965
13.418085106383,54.5427347390034,-3.38995003700256
13.4856382978723,54.5427347390034,-0.0299499519169331
13.5531914893617,54.5427347390034,46.170051574707
13.6207446808511,54.5427347390034,84.0778503417969
13.6882978723404,54.5427347390034,-9.2621488571167
13.7558510638298,54.5427347390034,-23.1821479797363
13.8234042553192,54.5427347390034,-21.0421485900879
13.8909574468085,54.5427347390034,-19.6321487426758
13.9585106382979,54.5427347390034,-19.4321479797363
14.0260638297872,54.5427347390034,-19.1721496582031
14.0936170212766,54.5427347390034,-19.5121479034424
14.161170212766,54.5427347390034,-19.9624366760254
14.2287234042553,54.5427347390034,-20.6124382019043
14.2962765957447,54.5427347390034,-21.3824367523193
14.363829787234,54.5427347390034,-21.9824371337891
14.4313829787234,54.5427347390034,-22.072437286377
14.4989361702128,54.5427347390034,-22.2524375915527
14.5664893617021,54.5427347390034,-23.9124374389648
14.6340425531915,54.5427347390034,-27.1124382019043
14.7015957446809,54.5427347390034,-31.7222862243652
14.7691489361702,54.5427347390034,-36.4922866821289
14.8367021276596,54.5427347390034,-40.4922866821289
14.9042553191489,54.5427347390034,-42.4422874450684
14.9718085106383,54.5427347390034,-44.2522850036621
15.0393617021277,54.5427347390034,-45.5322875976562
15.106914893617,54.5427347390034,-46.5322875976562
15.1744680851064,54.5427347390034,-46.1622848510742
15.2420212765957,54.5427347390034,-46.3450317382812
15.3095744680851,54.5427347390034,-49.9250335693359
15.3771276595745,54.5427347390034,-55.2850341796875
15.4446808510638,54.5427347390034,-57.1950340270996
15.5122340425532,54.5427347390034,-58.7350311279297
15.5797872340426,54.5427347390034,-59.4450340270996
15.6473404255319,54.5427347390034,-58.9450340270996
15.7148936170213,54.5427347390034,-57.5750312805176
15.7824468085106,54.5427347390034,-56.2741813659668
15.85,54.5427347390034,-54.6841812133789
15.9175531914894,54.5427347390034,-52.9741821289062
15.9851063829787,54.5427347390034,-49.2541809082031
16.0526595744681,54.5427347390034,-44.1241836547852
16.1202127659574,54.5427347390034,-40.1241836547852
16.1877659574468,54.5427347390034,-37.0241813659668
16.2553191489362,54.5427347390034,-32.0641822814941
16.3228723404255,54.5427347390034,-27.3510494232178
16.3904255319149,54.5427347390034,-23.1410503387451
16.4579787234043,54.5427347390034,-19.6010494232178
16.5255319148936,54.5427347390034,-16.171049118042
16.593085106383,54.5427347390034,-8.36104965209961
16.6606382978723,54.5427347390034,-4.67104959487915
16.7281914893617,54.5427347390034,-1.49104964733124
16.7957446808511,54.5427347390034,-2.23104953765869
16.8632978723404,54.5427347390034,6.24632167816162
16.9308510638298,54.5427347390034,14.3863220214844
16.9984042553192,54.5427347390034,18.7063217163086
17.0659574468085,54.5427347390034,25.7163219451904
17.1335106382979,54.5427347390034,33.2363204956055
17.2010638297872,54.5427347390034,45.8563232421875
17.2686170212766,54.5427347390034,55.6463203430176
17.336170212766,54.5427347390034,49.0563201904297
17.4037234042553,54.5427347390034,55.4479293823242
17.4712765957447,54.5427347390034,69.1479263305664
17.538829787234,54.5427347390034,63.3879280090332
17.6063829787234,54.5427347390034,16.2179298400879
17.6739361702128,54.5427347390034,47.4879302978516
17.7414893617021,54.5427347390034,45.8079299926758
17.8090425531915,54.5427347390034,38.6679306030273
17.8765957446809,54.5427347390034,48.1579284667969
17.9441489361702,54.5427347390034,85.7101211547852
18.0117021276596,54.5427347390034,76.5001220703125
18.0792553191489,54.5427347390034,94.9201202392578
18.1468085106383,54.5427347390034,94.1501235961914
18.2143617021277,54.5427347390034,120.38011932373
18.281914893617,54.5427347390034,133.71012878418
18.3494680851064,54.5427347390034,85.9501190185547
18.4170212765957,54.5427347390034,40.0736541748047
18.4845744680851,54.5427347390034,38.4536514282227
18.5521276595745,54.5427347390034,-1.35634768009186
18.6196808510638,54.5427347390034,-24.7363471984863
18.6872340425532,54.5427347390034,-38.946346282959
18.7547872340426,54.5427347390034,-49.946346282959
18.8223404255319,54.5427347390034,-54.8763465881348
18.8898936170213,54.5427347390034,-67.3563461303711
18.9574468085106,54.5427347390034,-71.0763168334961
19.025,54.5427347390034,-73.8963165283203
19.0925531914894,54.5427347390034,-76.7563171386719
19.1601063829787,54.5427347390034,-77.4563140869141
19.2276595744681,54.5427347390034,-78.1363143920898
19.2952127659575,54.5427347390034,-78.226318359375
19.3627659574468,54.5427347390034,-77.7163162231445
19.4303191489362,54.5427347390034,-76.0663146972656
19.4978723404255,54.5427347390034,-71.4570388793945
19.5654255319149,54.5427347390034,-63.4470405578613
19.6329787234043,54.5427347390034,-47.3570404052734
19.7005319148936,54.5427347390034,-25.5870418548584
19.768085106383,54.5427347390034,-9.98704147338867
19.8356382978723,54.5427347390034,-0.307041019201279
19.9031914893617,54.5427347390034,-0.347041010856628
19.9707446808511,54.5427347390034,2.81295895576477
20.0382978723404,54.5427347390034,0.77392053604126
20.1058510638298,54.5427347390034,7.0339207649231
20.1734042553191,54.5427347390034,22.3539199829102
20.2409574468085,54.5427347390034,27.5639209747314
20.3085106382979,54.5427347390034,9.96392059326172
20.3760638297872,54.5427347390034,5.92392063140869
20.4436170212766,54.5427347390034,9.63392066955566
20.511170212766,54.5427347390034,16.7839202880859
20.5787234042553,54.5427347390034,21.9659557342529
20.6462765957447,54.5427347390034,29.2759552001953
20.713829787234,54.5427347390034,31.9659557342529
20.7813829787234,54.5427347390034,35.3059577941895
20.8489361702128,54.5427347390034,37.8759574890137
20.9164893617021,54.5427347390034,35.6859550476074
20.9840425531915,54.5427347390034,31.295955657959
21.0515957446809,54.5427347390034,27.3359565734863
21.1191489361702,54.5427347390034,25.8316707611084
21.1867021276596,54.5427347390034,24.4516696929932
21.2542553191489,54.5427347390034,18.69167137146
21.3218085106383,54.5427347390034,26.1216697692871
21.3893617021277,54.5427347390034,30.2516708374023
21.456914893617,54.5427347390034,32.5816688537598
21.5244680851064,54.5427347390034,34.6116714477539
21.5920212765957,54.5427347390034,36.0116691589355
21.6595744680851,54.5427347390034,34.0924034118652
21.7271276595745,54.5427347390034,35.1524047851562
21.7946808510638,54.5427347390034,37.4924049377441
21.8622340425532,54.5427347390034,42.7324066162109
21.9297872340426,54.5427347390034,48.3424034118652
21.9973404255319,54.5427347390034,57.0024032592773
22.0648936170213,54.5427347390034,58.642406463623
22.1324468085106,54.5427347390034,54.4824066162109
22.2,54.5427347390034,56.7099151611328
9.5,54.4745360499092,15.7239665985107
9.56755319148936,54.4745360499092,20.1939659118652
9.63510638297872,54.4745360499092,9.10396671295166
9.70265957446808,54.4745360499092,14.3239669799805
9.77021276595745,54.4745360499092,18.9539661407471
9.83776595744681,54.4745360499092,10.5431156158447
9.90531914893617,54.4745360499092,-2.83688449859619
9.97287234042553,54.4745360499092,-14.4868841171265
10.0404255319149,54.4745360499092,-5.47688436508179
10.1079787234043,54.4745360499092,-6.90688419342041
10.1755319148936,54.4745360499092,-12.9668846130371
10.243085106383,54.4745360499092,-16.2168846130371
10.3106382978723,54.4745360499092,-15.6668844223022
10.3781914893617,54.4745360499092,-15.9314117431641
10.4457446808511,54.4745360499092,-14.8314113616943
10.5132978723404,54.4745360499092,-15.5514116287231
10.5808510638298,54.4745360499092,-18.0814113616943
10.6484042553192,54.4745360499092,-19.1714115142822
10.7159574468085,54.4745360499092,-15.5114116668701
10.7835106382979,54.4745360499092,-15.1314115524292
10.8510638297872,54.4745360499092,-12.2114114761353
10.9186170212766,54.4745360499092,-8.06887435913086
10.986170212766,54.4745360499092,-1.3688747882843
11.0537234042553,54.4745360499092,2.93112516403198
11.1212765957447,54.4745360499092,2.57112526893616
11.188829787234,54.4745360499092,-5.47887468338013
11.2563829787234,54.4745360499092,-20.1788749694824
11.3239361702128,54.4745360499092,-27.2088756561279
11.3914893617021,54.4745360499092,-27.6688747406006
11.4590425531915,54.4745360499092,-24.9321231842041
11.5265957446809,54.4745360499092,-21.102123260498
11.5941489361702,54.4745360499092,-17.772123336792
11.6617021276596,54.4745360499092,-15.1621227264404
11.7292553191489,54.4745360499092,-12.7421226501465
11.7968085106383,54.4745360499092,-11.7621221542358
11.8643617021277,54.4745360499092,-11.9821224212646
11.931914893617,54.4745360499092,-11.8821220397949
11.9994680851064,54.4745360499092,-11.6218633651733
12.0670212765957,54.4745360499092,-11.6718635559082
12.1345744680851,54.4745360499092,-15.0218629837036
12.2021276595745,54.4745360499092,-22.0318641662598
12.2696808510638,54.4745360499092,-20.3918628692627
12.3372340425532,54.4745360499092,-15.6918630599976
12.4047872340426,54.4745360499092,-13.6318635940552
12.4723404255319,54.4745360499092,-9.57186317443848
12.5398936170213,54.4745360499092,-7.4666862487793
12.6074468085106,54.4745360499092,-8.61668682098389
12.675,54.4745360499092,-11.026686668396
12.7425531914894,54.4745360499092,-10.6366863250732
12.8101063829787,54.4745360499092,-9.51668643951416
12.8776595744681,54.4745360499092,-7.78668642044067
12.9452127659574,54.4745360499092,-6.7166862487793
13.0127659574468,54.4745360499092,-4.39668655395508
13.0803191489362,54.4745360499092,-1.99994993209839
13.1478723404255,54.4745360499092,0.300050050020218
13.2154255319149,54.4745360499092,0.900050044059753
13.2829787234043,54.4745360499092,3.6600501537323
13.3505319148936,54.4745360499092,4.65005016326904
13.418085106383,54.4745360499092,2.96005010604858
13.4856382978723,54.4745360499092,3.32005000114441
13.5531914893617,54.4745360499092,26.7200508117676
13.6207446808511,54.4745360499092,22.1178512573242
13.6882978723404,54.4745360499092,-16.9721488952637
13.7558510638298,54.4745360499092,-18.7921485900879
13.8234042553192,54.4745360499092,-18.4021492004395
13.8909574468085,54.4745360499092,-17.8921489715576
13.9585106382979,54.4745360499092,-17.1821479797363
14.0260638297872,54.4745360499092,-16.8621482849121
14.0936170212766,54.4745360499092,-16.5821495056152
14.161170212766,54.4745360499092,-16.4324378967285
14.2287234042553,54.4745360499092,-16.0624370574951
14.2962765957447,54.4745360499092,-15.1724376678467
14.363829787234,54.4745360499092,-13.5924377441406
14.4313829787234,54.4745360499092,-13.0024375915527
14.4989361702128,54.4745360499092,-13.6224374771118
14.5664893617021,54.4745360499092,-15.3124370574951
14.6340425531915,54.4745360499092,-17.6924381256104
14.7015957446809,54.4745360499092,-19.8922863006592
14.7691489361702,54.4745360499092,-22.7922859191895
14.8367021276596,54.4745360499092,-25.6922855377197
14.9042553191489,54.4745360499092,-28.6122856140137
14.9718085106383,54.4745360499092,-33.0722846984863
15.0393617021277,54.4745360499092,-34.4922866821289
15.106914893617,54.4745360499092,-33.7822875976562
15.1744680851064,54.4745360499092,-33.5322875976562
15.2420212765957,54.4745360499092,-36.0450325012207
15.3095744680851,54.4745360499092,-40.4850311279297
15.3771276595745,54.4745360499092,-47.3850326538086
15.4446808510638,54.4745360499092,-49.2650337219238
15.5122340425532,54.4745360499092,-51.3450317382812
15.5797872340426,54.4745360499092,-54.1750335693359
15.6473404255319,54.4745360499092,-55.4950332641602
15.7148936170213,54.4745360499092,-54.715030670166
15.7824468085106,54.4745360499092,-53.1041831970215
15.85,54.4745360499092,-50.8041839599609
15.9175531914894,54.4745360499092,-46.6841812133789
15.9851063829787,54.4745360499092,-42.6141815185547
16.0526595744681,54.4745360499092,-38.0441818237305
16.1202127659574,54.4745360499092,-33.6841812133789
16.1877659574468,54.4745360499092,-28.0841827392578
16.2553191489362,54.4745360499092,-24.8441829681396
16.3228723404255,54.4745360499092,-21.481050491333
16.3904255319149,54.4745360499092,-15.7310495376587
16.4579787234043,54.4745360499092,-7.32104969024658
16.5255319148936,54.4745360499092,9.57894992828369
16.593085106383,54.4745360499092,15.3389501571655
16.6606382978723,54.4745360499092,11.0489501953125
16.7281914893617,54.4745360499092,21.0489501953125
16.7957446808511,54.4745360499092,25.268949508667
16.8632978723404,54.4745360499092,28.1263217926025
16.9308510638298,54.4745360499092,37.7363204956055
16.9984042553192,54.4745360499092,44.406322479248
17.0659574468085,54.4745360499092,33.9763221740723
17.1335106382979,54.4745360499092,67.1663208007812
17.2010638297872,54.4745360499092,77.0163192749023
17.2686170212766,54.4745360499092,79.2163238525391
17.336170212766,54.4745360499092,71.2463226318359
17.4037234042553,54.4745360499092,74.6579284667969
17.4712765957447,54.4745360499092,75.7279281616211
17.538829787234,54.4745360499092,82.2779312133789
17.6063829787234,54.4745360499092,49.5579299926758
17.6739361702128,54.4745360499092,49.937931060791
17.7414893617021,54.4745360499092,77.997932434082
17.8090425531915,54.4745360499092,80.1979293823242
17.8765957446809,54.4745360499092,126.857933044434
17.9441489361702,54.4745360499092,147.850128173828
18.0117021276596,54.4745360499092,164.560119628906
18.0792553191489,54.4745360499092,152.020126342773
18.1468085106383,54.4745360499092,172.180114746094
18.2143617021277,54.4745360499092,186.160125732422
18.281914893617,54.4745360499092,181.570114135742
18.3494680851064,54.4745360499092,168.640121459961
18.4170212765957,54.4745360499092,144.663650512695
18.4845744680851,54.4745360499092,92.8036499023438
18.5521276595745,54.4745360499092,9.26365280151367
18.6196808510638,54.4745360499092,-14.2463474273682
18.6872340425532,54.4745360499092,-21.6463470458984
18.7547872340426,54.4745360499092,-26.6663475036621
18.8223404255319,54.4745360499092,-31.9863471984863
18.8898936170213,54.4745360499092,-56.4563484191895
18.9574468085106,54.4745360499092,-65.2863159179688
19.025,54.4745360499092,-67.9963150024414
19.0925531914894,54.4745360499092,-69.726318359375
19.1601063829787,54.4745360499092,-70.7863159179688
19.2276595744681,54.4745360499092,-70.9363174438477
19.2952127659575,54.4745360499092,-70.4863128662109
19.3627659574468,54.4745360499092,-68.6763153076172
19.4303191489362,54.4745360499092,-64.9563140869141
19.4978723404255,54.4745360499092,-59.4170417785645
19.5654255319149,54.4745360499092,-48.3970413208008
19.6329787234043,54.4745360499092,-28.7370414733887
19.7005319148936,54.4745360499092,-4.6070408821106
19.768085106383,54.4745360499092,1.06295895576477
19.8356382978723,54.4745360499092,0.162958979606628
19.9031914893617,54.4745360499092,3.25295901298523
19.9707446808511,54.4745360499092,11.8429594039917
20.0382978723404,54.4745360499092,45.0739212036133
20.1058510638298,54.4745360499092,70.9639205932617
20.1734042553191,54.4745360499092,79.0839233398438
20.2409574468085,54.4745360499092,66.7039184570312
20.3085106382979,54.4745360499092,63.5739212036133
20.3760638297872,54.4745360499092,50.093921661377
20.4436170212766,54.4745360499092,43.2839202880859
20.511170212766,54.4745360499092,40.0439224243164
20.5787234042553,54.4745360499092,35.0559577941895
20.6462765957447,54.4745360499092,30.5259552001953
20.713829787234,54.4745360499092,37.10595703125
20.7813829787234,54.4745360499092,36.2459564208984
20.8489361702128,54.4745360499092,37.0559577941895
20.9164893617021,54.4745360499092,35.6259574890137
20.9840425531915,54.4745360499092,31.4559555053711
21.0515957446809,54.4745360499092,25.0859565734863
21.1191489361702,54.4745360499092,21.3916702270508
21.1867021276596,54.4745360499092,16.7016696929932
21.2542553191489,54.4745360499092,18.8816699981689
21.3218085106383,54.4745360499092,27.5016708374023
21.3893617021277,54.4745360499092,32.3016700744629
21.456914893617,54.4745360499092,33.4116706848145
21.5244680851064,54.4745360499092,36.2316703796387
21.5920212765957,54.4745360499092,40.7916717529297
21.6595744680851,54.4745360499092,41.1824035644531
21.7271276595745,54.4745360499092,41.6524047851562
21.7946808510638,54.4745360499092,45.8824043273926
21.8622340425532,54.4745360499092,53.3524055480957
21.9297872340426,54.4745360499092,68.2824020385742
21.9973404255319,54.4745360499092,82.0524063110352
22.0648936170213,54.4745360499092,76.3724060058594
22.1324468085106,54.4745360499092,69.3124084472656
22.2,54.4745360499092,75.6899108886719
9.5,54.406337360815,17.2839660644531
9.56755319148936,54.406337360815,32.683967590332
9.63510638297872,54.406337360815,27.2039661407471
9.70265957446808,54.406337360815,20.8939666748047
9.77021276595745,54.406337360815,21.8239669799805
9.83776595744681,54.406337360815,11.1431159973145
9.90531914893617,54.406337360815,19.5931148529053
9.97287234042553,54.406337360815,25.5431156158447
10.0404255319149,54.406337360815,26.6331157684326
10.1079787234043,54.406337360815,10.4631156921387
10.1755319148936,54.406337360815,-8.09688472747803
10.243085106383,54.406337360815,-3.83688449859619
10.3106382978723,54.406337360815,-4.00688457489014
10.3781914893617,54.406337360815,-8.62141132354736
10.4457446808511,54.406337360815,-13.4514112472534
10.5132978723404,54.406337360815,-17.3014125823975
10.5808510638298,54.406337360815,-18.4314117431641
10.6484042553192,54.406337360815,-18.6114120483398
10.7159574468085,54.406337360815,-14.5714120864868
10.7835106382979,54.406337360815,-11.311411857605
10.8510638297872,54.406337360815,-10.351411819458
10.9186170212766,54.406337360815,-8.2388744354248
10.986170212766,54.406337360815,-3.44887471199036
11.0537234042553,54.406337360815,1.80112528800964
11.1212765957447,54.406337360815,7.03112506866455
11.188829787234,54.406337360815,7.16112518310547
11.2563829787234,54.406337360815,-2.0488748550415
11.3239361702128,54.406337360815,-20.1288738250732
11.3914893617021,54.406337360815,-24.2088756561279
11.4590425531915,54.406337360815,-25.2321224212646
11.5265957446809,54.406337360815,-25.1121215820312
11.5941489361702,54.406337360815,-24.272123336792
11.6617021276596,54.406337360815,-23.5121231079102
11.7292553191489,54.406337360815,-22.4821224212646
11.7968085106383,54.406337360815,-21.2321224212646
11.8643617021277,54.406337360815,-20.792121887207
11.931914893617,54.406337360815,-20.0621223449707
11.9994680851064,54.406337360815,-19.0318641662598
12.0670212765957,54.406337360815,-18.9618625640869
12.1345744680851,54.406337360815,-22.18186378479
12.2021276595745,54.406337360815,-20.7018642425537
12.2696808510638,54.406337360815,-16.3318634033203
12.3372340425532,54.406337360815,-14.6718635559082
12.4047872340426,54.406337360815,-10.4518632888794
12.4723404255319,54.406337360815,4.53813648223877
12.5398936170213,54.406337360815,2.11331367492676
12.6074468085106,54.406337360815,-1.68668639659882
12.675,54.406337360815,-2.31668639183044
12.7425531914894,54.406337360815,-1.37668645381927
12.8101063829787,54.406337360815,-2.76668643951416
12.8776595744681,54.406337360815,-1.33668637275696
12.9452127659574,54.406337360815,1.45331358909607
13.0127659574468,54.406337360815,1.81331360340118
13.0803191489362,54.406337360815,-1.47994995117188
13.1478723404255,54.406337360815,-0.189949944615364
13.2154255319149,54.406337360815,3.4800500869751
13.2829787234043,54.406337360815,11.0200500488281
13.3505319148936,54.406337360815,18.1700496673584
13.418085106383,54.406337360815,27.8100509643555
13.4856382978723,54.406337360815,5.19005012512207
13.5531914893617,54.406337360815,6.24004983901978
13.6207446808511,54.406337360815,-12.4621486663818
13.6882978723404,54.406337360815,-17.1721496582031
13.7558510638298,54.406337360815,-18.2121486663818
13.8234042553192,54.406337360815,-16.5321483612061
13.8909574468085,54.406337360815,-15.8821487426758
13.9585106382979,54.406337360815,-14.9821491241455
14.0260638297872,54.406337360815,-14.8321485519409
14.0936170212766,54.406337360815,-14.4421491622925
14.161170212766,54.406337360815,-13.692437171936
14.2287234042553,54.406337360815,-11.942437171936
14.2962765957447,54.406337360815,-11.1224374771118
14.363829787234,54.406337360815,-10.8924369812012
14.4313829787234,54.406337360815,-10.652437210083
14.4989361702128,54.406337360815,-11.3424377441406
14.5664893617021,54.406337360815,-12.152437210083
14.6340425531915,54.406337360815,-12.9724378585815
14.7015957446809,54.406337360815,-14.2222862243652
14.7691489361702,54.406337360815,-15.692286491394
14.8367021276596,54.406337360815,-18.0822868347168
14.9042553191489,54.406337360815,-20.3822860717773
14.9718085106383,54.406337360815,-22.6722869873047
15.0393617021277,54.406337360815,-25.7122859954834
15.106914893617,54.406337360815,-29.2922859191895
15.1744680851064,54.406337360815,-30.9722862243652
15.2420212765957,54.406337360815,-30.025032043457
15.3095744680851,54.406337360815,-30.8750324249268
15.3771276595745,54.406337360815,-33.0550308227539
15.4446808510638,54.406337360815,-36.6250305175781
15.5122340425532,54.406337360815,-42.1150321960449
15.5797872340426,54.406337360815,-45.6250305175781
15.6473404255319,54.406337360815,-45.5650329589844
15.7148936170213,54.406337360815,-44.6350326538086
15.7824468085106,54.406337360815,-42.8941841125488
15.85,54.406337360815,-39.7441825866699
15.9175531914894,54.406337360815,-35.8641815185547
15.9851063829787,54.406337360815,-31.8441829681396
16.0526595744681,54.406337360815,-27.8341827392578
16.1202127659574,54.406337360815,-25.2941818237305
16.1877659574468,54.406337360815,-23.3041820526123
16.2553191489362,54.406337360815,-20.4841823577881
16.3228723404255,54.406337360815,-16.7110500335693
16.3904255319149,54.406337360815,-5.15104961395264
16.4579787234043,54.406337360815,9.24895000457764
16.5255319148936,54.406337360815,14.2989501953125
16.593085106383,54.406337360815,22.8989505767822
16.6606382978723,54.406337360815,28.7089500427246
16.7281914893617,54.406337360815,25.8689498901367
16.7957446808511,54.406337360815,27.6589508056641
16.8632978723404,54.406337360815,45.5763206481934
16.9308510638298,54.406337360815,50.846321105957
16.9984042553192,54.406337360815,51.8063201904297
17.0659574468085,54.406337360815,36.8163223266602
17.1335106382979,54.406337360815,62.6363220214844
17.2010638297872,54.406337360815,74.116325378418
17.2686170212766,54.406337360815,88.8563232421875
17.336170212766,54.406337360815,91.3063201904297
17.4037234042553,54.406337360815,83.0679321289062
17.4712765957447,54.406337360815,86.3179321289062
17.538829787234,54.406337360815,100.297927856445
17.6063829787234,54.406337360815,112.317932128906
17.6739361702128,54.406337360815,126.087928771973
17.7414893617021,54.406337360815,126.807929992676
17.8090425531915,54.406337360815,148.017929077148
17.8765957446809,54.406337360815,155.987930297852
17.9441489361702,54.406337360815,166.340118408203
18.0117021276596,54.406337360815,165.470123291016
18.0792553191489,54.406337360815,176.480117797852
18.1468085106383,54.406337360815,197.580123901367
18.2143617021277,54.406337360815,200.260116577148
18.281914893617,54.406337360815,197.940124511719
18.3494680851064,54.406337360815,166.470123291016
18.4170212765957,54.406337360815,152.953659057617
18.4845744680851,54.406337360815,134.133651733398
18.5521276595745,54.406337360815,30.4036521911621
18.6196808510638,54.406337360815,-6.05634784698486
18.6872340425532,54.406337360815,-10.3463478088379
18.7547872340426,54.406337360815,-14.8563480377197
18.8223404255319,54.406337360815,-21.5863475799561
18.8898936170213,54.406337360815,-30.8363475799561
18.9574468085106,54.406337360815,-43.8963165283203
19.025,54.406337360815,-49.1263160705566
19.0925531914894,54.406337360815,-50.4263153076172
19.1601063829787,54.406337360815,-53.4363136291504
19.2276595744681,54.406337360815,-54.8363151550293
19.2952127659575,54.406337360815,-52.3263168334961
19.3627659574468,54.406337360815,-46.9063148498535
19.4303191489362,54.406337360815,-39.7463150024414
19.4978723404255,54.406337360815,-26.4470405578613
19.5654255319149,54.406337360815,-8.53704071044922
19.6329787234043,54.406337360815,1.16295897960663
19.7005319148936,54.406337360815,-0.127041012048721
19.768085106383,54.406337360815,-0.137041017413139
19.8356382978723,54.406337360815,7.4229588508606
19.9031914893617,54.406337360815,17.5029582977295
19.9707446808511,54.406337360815,37.6929588317871
20.0382978723404,54.406337360815,71.4539184570312
20.1058510638298,54.406337360815,97.133918762207
20.1734042553191,54.406337360815,101.333923339844
20.2409574468085,54.406337360815,113.153923034668
20.3085106382979,54.406337360815,104.423919677734
20.3760638297872,54.406337360815,121.723922729492
20.4436170212766,54.406337360815,119.85391998291
20.511170212766,54.406337360815,88.7139205932617
20.5787234042553,54.406337360815,58.7159576416016
20.6462765957447,54.406337360815,54.8159561157227
20.713829787234,54.406337360815,49.5759544372559
20.7813829787234,54.406337360815,66.3959579467773
20.8489361702128,54.406337360815,62.4459571838379
20.9164893617021,54.406337360815,43.5359573364258
20.9840425531915,54.406337360815,36.545955657959
21.0515957446809,54.406337360815,31.0659561157227
21.1191489361702,54.406337360815,29.8716697692871
21.1867021276596,54.406337360815,29.4716701507568
21.2542553191489,54.406337360815,25.94167137146
21.3218085106383,54.406337360815,30.0116710662842
21.3893617021277,54.406337360815,38.3116722106934
21.456914893617,54.406337360815,43.8716697692871
21.5244680851064,54.406337360815,45.1916694641113
21.5920212765957,54.406337360815,49.6216697692871
21.6595744680851,54.406337360815,50.9324035644531
21.7271276595745,54.406337360815,56.772403717041
21.7946808510638,54.406337360815,71.4924011230469
21.8622340425532,54.406337360815,99.8724060058594
21.9297872340426,54.406337360815,115.202407836914
21.9973404255319,54.406337360815,115.592407226562
22.0648936170213,54.406337360815,88.8824081420898
22.1324468085106,54.406337360815,85.8824081420898
22.2,54.406337360815,85.779914855957
9.5,54.3381386717208,11.5639667510986
9.56755319148936,54.3381386717208,8.90396690368652
9.63510638297872,54.3381386717208,20.7339668273926
9.70265957446808,54.3381386717208,9.88396644592285
9.77021276595745,54.3381386717208,12.0339670181274
9.83776595744681,54.3381386717208,14.3731155395508
9.90531914893617,54.3381386717208,17.1031150817871
9.97287234042553,54.3381386717208,18.4731159210205
10.0404255319149,54.3381386717208,20.9831161499023
10.1079787234043,54.3381386717208,7.09311580657959
10.1755319148936,54.3381386717208,24.4131164550781
10.243085106383,54.3381386717208,19.9031162261963
10.3106382978723,54.3381386717208,28.1731147766113
10.3781914893617,54.3381386717208,33.5485877990723
10.4457446808511,54.3381386717208,28.5485877990723
10.5132978723404,54.3381386717208,9.53858852386475
10.5808510638298,54.3381386717208,-9.25141143798828
10.6484042553192,54.3381386717208,-16.5014114379883
10.7159574468085,54.3381386717208,-16.8614120483398
10.7835106382979,54.3381386717208,-10.8714113235474
10.8510638297872,54.3381386717208,6.31858825683594
10.9186170212766,54.3381386717208,13.9011249542236
10.986170212766,54.3381386717208,7.04112529754639
11.0537234042553,54.3381386717208,-2.59887480735779
11.1212765957447,54.3381386717208,-8.4888744354248
11.188829787234,54.3381386717208,-14.0388746261597
11.2563829787234,54.3381386717208,-17.2388744354248
11.3239361702128,54.3381386717208,-21.0988750457764
11.3914893617021,54.3381386717208,-22.7788753509521
11.4590425531915,54.3381386717208,-23.9121227264404
11.5265957446809,54.3381386717208,-24.8221225738525
11.5941489361702,54.3381386717208,-25.1721229553223
11.6617021276596,54.3381386717208,-24.8121223449707
11.7292553191489,54.3381386717208,-23.772123336792
11.7968085106383,54.3381386717208,-21.5521221160889
11.8643617021277,54.3381386717208,-19.3021221160889
11.931914893617,54.3381386717208,-17.6721229553223
11.9994680851064,54.3381386717208,-18.351863861084
12.0670212765957,54.3381386717208,-19.601863861084
12.1345744680851,54.3381386717208,-18.9118633270264
12.2021276595745,54.3381386717208,-15.7718629837036
12.2696808510638,54.3381386717208,-12.5118637084961
12.3372340425532,54.3381386717208,-8.41186332702637
12.4047872340426,54.3381386717208,-1.03186333179474
12.4723404255319,54.3381386717208,-0.811863303184509
12.5398936170213,54.3381386717208,0.963313579559326
12.6074468085106,54.3381386717208,3.68331360816956
12.675,54.3381386717208,1.90331363677979
12.7425531914894,54.3381386717208,6.11331367492676
12.8101063829787,54.3381386717208,-1.24668645858765
12.8776595744681,54.3381386717208,3.19331359863281
12.9452127659574,54.3381386717208,6.99331378936768
13.0127659574468,54.3381386717208,5.29331350326538
13.0803191489362,54.3381386717208,-0.519949972629547
13.1478723404255,54.3381386717208,3.29005002975464
13.2154255319149,54.3381386717208,4.97004985809326
13.2829787234043,54.3381386717208,9.4200496673584
13.3505319148936,54.3381386717208,19.1700496673584
13.418085106383,54.3381386717208,30.860050201416
13.4856382978723,54.3381386717208,12.2000503540039
13.5531914893617,54.3381386717208,14.7200498580933
13.6207446808511,54.3381386717208,22.6678504943848
13.6882978723404,54.3381386717208,8.27785110473633
13.7558510638298,54.3381386717208,-12.3421487808228
13.8234042553192,54.3381386717208,-17.5921478271484
13.8909574468085,54.3381386717208,-17.0721492767334
13.9585106382979,54.3381386717208,-15.2821483612061
14.0260638297872,54.3381386717208,-13.6721487045288
14.0936170212766,54.3381386717208,-13.4021492004395
14.161170212766,54.3381386717208,-13.2824373245239
14.2287234042553,54.3381386717208,-12.0424375534058
14.2962765957447,54.3381386717208,-9.69243717193604
14.363829787234,54.3381386717208,-9.03243732452393
14.4313829787234,54.3381386717208,-8.91243743896484
14.4989361702128,54.3381386717208,-9.3024377822876
14.5664893617021,54.3381386717208,-10.0024375915527
14.6340425531915,54.3381386717208,-10.9924373626709
14.7015957446809,54.3381386717208,-11.7322864532471
14.7691489361702,54.3381386717208,-12.7422866821289
14.8367021276596,54.3381386717208,-13.7822866439819
14.9042553191489,54.3381386717208,-15.442286491394
14.9718085106383,54.3381386717208,-18.2522869110107
15.0393617021277,54.3381386717208,-21.322286605835
15.106914893617,54.3381386717208,-23.5322856903076
15.1744680851064,54.3381386717208,-25.6022872924805
15.2420212765957,54.3381386717208,-26.7950325012207
15.3095744680851,54.3381386717208,-27.3550319671631
15.3771276595745,54.3381386717208,-27.6050319671631
15.4446808510638,54.3381386717208,-27.1250324249268
15.5122340425532,54.3381386717208,-25.4150314331055
15.5797872340426,54.3381386717208,-26.0850315093994
15.6473404255319,54.3381386717208,-28.1450328826904
15.7148936170213,54.3381386717208,-29.5750331878662
15.7824468085106,54.3381386717208,-29.3541831970215
15.85,54.3381386717208,-26.7441825866699
15.9175531914894,54.3381386717208,-23.9241828918457
15.9851063829787,54.3381386717208,-21.9341831207275
16.0526595744681,54.3381386717208,-19.9741821289062
16.1202127659574,54.3381386717208,-19.5241832733154
16.1877659574468,54.3381386717208,-17.4741821289062
16.2553191489362,54.3381386717208,-13.0641822814941
16.3228723404255,54.3381386717208,-2.95104956626892
16.3904255319149,54.3381386717208,6.01895046234131
16.4579787234043,54.3381386717208,23.3889503479004
16.5255319148936,54.3381386717208,34.6689491271973
16.593085106383,54.3381386717208,31.9389495849609
16.6606382978723,54.3381386717208,31.6589508056641
16.7281914893617,54.3381386717208,26.0689506530762
16.7957446808511,54.3381386717208,38.2689514160156
16.8632978723404,54.3381386717208,45.5363235473633
16.9308510638298,54.3381386717208,50.4763221740723
16.9984042553192,54.3381386717208,49.9863204956055
17.0659574468085,54.3381386717208,42.3563232421875
17.1335106382979,54.3381386717208,59.656322479248
17.2010638297872,54.3381386717208,66.9663238525391
17.2686170212766,54.3381386717208,71.2563247680664
17.336170212766,54.3381386717208,85.3763198852539
17.4037234042553,54.3381386717208,94.5779266357422
17.4712765957447,54.3381386717208,96.6479263305664
17.538829787234,54.3381386717208,119.3779296875
17.6063829787234,54.3381386717208,129.977935791016
17.6739361702128,54.3381386717208,134.6279296875
17.7414893617021,54.3381386717208,155.187927246094
17.8090425531915,54.3381386717208,174.957931518555
17.8765957446809,54.3381386717208,172.017929077148
17.9441489361702,54.3381386717208,201.430114746094
18.0117021276596,54.3381386717208,203.900115966797
18.0792553191489,54.3381386717208,184.220123291016
18.1468085106383,54.3381386717208,212.310119628906
18.2143617021277,54.3381386717208,202.670120239258
18.281914893617,54.3381386717208,167.830123901367
18.3494680851064,54.3381386717208,152.71012878418
18.4170212765957,54.3381386717208,135.953659057617
18.4845744680851,54.3381386717208,138.023651123047
18.5521276595745,54.3381386717208,83.3136520385742
18.6196808510638,54.3381386717208,20.1836528778076
18.6872340425532,54.3381386717208,1.01365232467651
18.7547872340426,54.3381386717208,-2.61634755134583
18.8223404255319,54.3381386717208,-6.42634773254395
18.8898936170213,54.3381386717208,-9.42634773254395
18.9574468085106,54.3381386717208,-7.66631507873535
19.025,54.3381386717208,-12.4263153076172
19.0925531914894,54.3381386717208,-12.8763151168823
19.1601063829787,54.3381386717208,-11.5263156890869
19.2276595744681,54.3381386717208,-10.3463153839111
19.2952127659575,54.3381386717208,-7.21631526947021
19.3627659574468,54.3381386717208,-3.18631529808044
19.4303191489362,54.3381386717208,0.423684686422348
19.4978723404255,54.3381386717208,0.942959010601044
19.5654255319149,54.3381386717208,2.59295892715454
19.6329787234043,54.3381386717208,2.532958984375
19.7005319148936,54.3381386717208,8.92295932769775
19.768085106383,54.3381386717208,20.7529582977295
19.8356382978723,54.3381386717208,14.6929588317871
19.9031914893617,54.3381386717208,35.3129577636719
19.9707446808511,54.3381386717208,59.9529571533203
20.0382978723404,54.3381386717208,84.9539184570312
20.1058510638298,54.3381386717208,111.153923034668
20.1734042553191,54.3381386717208,110.393920898438
20.2409574468085,54.3381386717208,124.173919677734
20.3085106382979,54.3381386717208,128.453918457031
20.3760638297872,54.3381386717208,138.283920288086
20.4436170212766,54.3381386717208,162.063919067383
20.511170212766,54.3381386717208,155.243927001953
20.5787234042553,54.3381386717208,119.005958557129
20.6462765957447,54.3381386717208,91.735954284668
20.713829787234,54.3381386717208,82.6459579467773
20.7813829787234,54.3381386717208,86.975959777832
20.8489361702128,54.3381386717208,88.1759567260742
20.9164893617021,54.3381386717208,54.0859565734863
20.9840425531915,54.3381386717208,53.3759574890137
21.0515957446809,54.3381386717208,45.0759544372559
21.1191489361702,54.3381386717208,44.2916717529297
21.1867021276596,54.3381386717208,45.4116706848145
21.2542553191489,54.3381386717208,47.4016723632812
21.3218085106383,54.3381386717208,41.6616706848145
21.3893617021277,54.3381386717208,50.3616714477539
21.456914893617,54.3381386717208,60.1316719055176
21.5244680851064,54.3381386717208,59.3916702270508
21.5920212765957,54.3381386717208,64.4916687011719
21.6595744680851,54.3381386717208,71.6624069213867
21.7271276595745,54.3381386717208,91.5524063110352
21.7946808510638,54.3381386717208,113.932403564453
21.8622340425532,54.3381386717208,124.062408447266
21.9297872340426,54.3381386717208,115.402404785156
21.9973404255319,54.3381386717208,117.522407531738
22.0648936170213,54.3381386717208,110.412406921387
22.1324468085106,54.3381386717208,110.72240447998
22.2,54.3381386717208,114.009910583496
9.5,54.2699399826266,13.1439666748047
9.56755319148936,54.2699399826266,7.25396680831909
9.63510638297872,54.2699399826266,9.64396667480469
9.70265957446808,54.2699399826266,13.2139663696289
9.77021276595745,54.2699399826266,19.5339660644531
9.83776595744681,54.2699399826266,21.2731151580811
9.90531914893617,54.2699399826266,15.9631156921387
9.97287234042553,54.2699399826266,21.8831157684326
10.0404255319149,54.2699399826266,25.6831150054932
10.1079787234043,54.2699399826266,30.8131160736084
10.1755319148936,54.2699399826266,29.1731147766113
10.243085106383,54.2699399826266,35.6431159973145
10.3106382978723,54.2699399826266,43.753116607666
10.3781914893617,54.2699399826266,46.2785873413086
10.4457446808511,54.2699399826266,47.2485885620117
10.5132978723404,54.2699399826266,57.9285888671875
10.5808510638298,54.2699399826266,14.3385887145996
10.6484042553192,54.2699399826266,22.148588180542
10.7159574468085,54.2699399826266,13.108588218689
10.7835106382979,54.2699399826266,7.92858839035034
10.8510638297872,54.2699399826266,13.8285884857178
10.9186170212766,54.2699399826266,13.6411256790161
10.986170212766,54.2699399826266,11.8711252212524
11.0537234042553,54.2699399826266,-5.8288745880127
11.1212765957447,54.2699399826266,-12.3288745880127
11.188829787234,54.2699399826266,-15.7088747024536
11.2563829787234,54.2699399826266,-20.4188747406006
11.3239361702128,54.2699399826266,-21.2488746643066
11.3914893617021,54.2699399826266,-22.3988742828369
11.4590425531915,54.2699399826266,-23.6121215820312
11.5265957446809,54.2699399826266,-24.5921230316162
11.5941489361702,54.2699399826266,-25.2421226501465
11.6617021276596,54.2699399826266,-25.4021224975586
11.7292553191489,54.2699399826266,-25.042121887207
11.7968085106383,54.2699399826266,-22.6221218109131
11.8643617021277,54.2699399826266,-19.8821220397949
11.931914893617,54.2699399826266,-18.1921234130859
11.9994680851064,54.2699399826266,-18.1518630981445
12.0670212765957,54.2699399826266,-16.1318626403809
12.1345744680851,54.2699399826266,-12.5418634414673
12.2021276595745,54.2699399826266,-9.21186351776123
12.2696808510638,54.2699399826266,-5.38186311721802
12.3372340425532,54.2699399826266,-1.15186333656311
12.4047872340426,54.2699399826266,-0.101863324642181
12.4723404255319,54.2699399826266,4.85813665390015
12.5398936170213,54.2699399826266,9.71331405639648
12.6074468085106,54.2699399826266,10.0333137512207
12.675,54.2699399826266,9.11331367492676
12.7425531914894,54.2699399826266,11.1733131408691
12.8101063829787,54.2699399826266,12.8333139419556
12.8776595744681,54.2699399826266,16.0233135223389
12.9452127659574,54.2699399826266,15.4133138656616
13.0127659574468,54.2699399826266,16.0033130645752
13.0803191489362,54.2699399826266,6.37004995346069
13.1478723404255,54.2699399826266,4.11005020141602
13.2154255319149,54.2699399826266,12.1200504302979
13.2829787234043,54.2699399826266,10.650050163269
13.3505319148936,54.2699399826266,8.90005016326904
13.418085106383,54.2699399826266,1.50005006790161
13.4856382978723,54.2699399826266,-6.33995008468628
13.5531914893617,54.2699399826266,-7.39995002746582
13.6207446808511,54.2699399826266,-2.87214875221252
13.6882978723404,54.2699399826266,1.86785125732422
13.7558510638298,54.2699399826266,-8.36214828491211
13.8234042553192,54.2699399826266,-11.9321489334106
13.8909574468085,54.2699399826266,-14.3221483230591
13.9585106382979,54.2699399826266,-14.8321485519409
14.0260638297872,54.2699399826266,-16.3321495056152
14.0936170212766,54.2699399826266,-16.9321479797363
14.161170212766,54.2699399826266,-16.8024368286133
14.2287234042553,54.2699399826266,-15.5124378204346
14.2962765957447,54.2699399826266,-10.192437171936
14.363829787234,54.2699399826266,-7.70243740081787
14.4313829787234,54.2699399826266,-7.7424373626709
14.4989361702128,54.2699399826266,-9.41243743896484
14.5664893617021,54.2699399826266,-14.5924377441406
14.6340425531915,54.2699399826266,-16.4324378967285
14.7015957446809,54.2699399826266,-14.9322862625122
14.7691489361702,54.2699399826266,-13.2022867202759
14.8367021276596,54.2699399826266,-13.5922861099243
14.9042553191489,54.2699399826266,-14.192286491394
14.9718085106383,54.2699399826266,-15.0122861862183
15.0393617021277,54.2699399826266,-15.1722860336304
15.106914893617,54.2699399826266,-16.3522872924805
15.1744680851064,54.2699399826266,-17.9622859954834
15.2420212765957,54.2699399826266,-19.9650325775146
15.3095744680851,54.2699399826266,-20.8350315093994
15.3771276595745,54.2699399826266,-19.2250328063965
15.4446808510638,54.2699399826266,-16.4150314331055
15.5122340425532,54.2699399826266,-16.4950332641602
15.5797872340426,54.2699399826266,-17.3950328826904
15.6473404255319,54.2699399826266,-19.9850330352783
15.7148936170213,54.2699399826266,-20.2450332641602
15.7824468085106,54.2699399826266,-19.0541820526123
15.85,54.2699399826266,-17.1141815185547
15.9175531914894,54.2699399826266,-15.5341825485229
15.9851063829787,54.2699399826266,-14.6641826629639
16.0526595744681,54.2699399826266,-14.1841821670532
16.1202127659574,54.2699399826266,-10.7041826248169
16.1877659574468,54.2699399826266,-5.34418249130249
16.2553191489362,54.2699399826266,4.41581773757935
16.3228723404255,54.2699399826266,18.6389503479004
16.3904255319149,54.2699399826266,23.0489501953125
16.4579787234043,54.2699399826266,30.8589496612549
16.5255319148936,54.2699399826266,31.3589496612549
16.593085106383,54.2699399826266,41.2389488220215
16.6606382978723,54.2699399826266,60.598949432373
16.7281914893617,54.2699399826266,53.6889495849609
16.7957446808511,54.2699399826266,51.0489501953125
16.8632978723404,54.2699399826266,41.4263229370117
16.9308510638298,54.2699399826266,50.7063217163086
16.9984042553192,54.2699399826266,58.8563232421875
17.0659574468085,54.2699399826266,107.036323547363
17.1335106382979,54.2699399826266,129.05632019043
17.2010638297872,54.2699399826266,117.30632019043
17.2686170212766,54.2699399826266,89.7363204956055
17.336170212766,54.2699399826266,103.486320495605
17.4037234042553,54.2699399826266,123.587928771973
17.4712765957447,54.2699399826266,109.327926635742
17.538829787234,54.2699399826266,124.337928771973
17.6063829787234,54.2699399826266,131.287933349609
17.6739361702128,54.2699399826266,141.037933349609
17.7414893617021,54.2699399826266,185.767929077148
17.8090425531915,54.2699399826266,190.587936401367
17.8765957446809,54.2699399826266,201.957931518555
17.9441489361702,54.2699399826266,225.440124511719
18.0117021276596,54.2699399826266,194.30012512207
18.0792553191489,54.2699399826266,195.920120239258
18.1468085106383,54.2699399826266,210.500122070312
18.2143617021277,54.2699399826266,192.510116577148
18.281914893617,54.2699399826266,185.96012878418
18.3494680851064,54.2699399826266,180.700119018555
18.4170212765957,54.2699399826266,137.763656616211
18.4845744680851,54.2699399826266,110.393653869629
18.5521276595745,54.2699399826266,76.5536499023438
18.6196808510638,54.2699399826266,21.5836524963379
18.6872340425532,54.2699399826266,-0.46634766459465
18.7547872340426,54.2699399826266,-0.336347669363022
18.8223404255319,54.2699399826266,0.153652340173721
18.8898936170213,54.2699399826266,0.623652338981628
18.9574468085106,54.2699399826266,1.26368474960327
19.025,54.2699399826266,0.883684694766998
19.0925531914894,54.2699399826266,0.713684678077698
19.1601063829787,54.2699399826266,0.193684697151184
19.2276595744681,54.2699399826266,-0.296315312385559
19.2952127659575,54.2699399826266,0.0436846911907196
19.3627659574468,54.2699399826266,0.263684689998627
19.4303191489362,54.2699399826266,12.9036846160889
19.4978723404255,54.2699399826266,52.8029594421387
19.5654255319149,54.2699399826266,97.7429580688477
19.6329787234043,54.2699399826266,64.5429611206055
19.7005319148936,54.2699399826266,32.2629585266113
19.768085106383,54.2699399826266,37.3029594421387
19.8356382978723,54.2699399826266,35.222957611084
19.9031914893617,54.2699399826266,52.8929595947266
19.9707446808511,54.2699399826266,75.1229553222656
20.0382978723404,54.2699399826266,105.243919372559
20.1058510638298,54.2699399826266,98.6139221191406
20.1734042553191,54.2699399826266,100.76392364502
20.2409574468085,54.2699399826266,115.803916931152
20.3085106382979,54.2699399826266,129.923919677734
20.3760638297872,54.2699399826266,132.833923339844
20.4436170212766,54.2699399826266,147.003921508789
20.511170212766,54.2699399826266,135.52392578125
20.5787234042553,54.2699399826266,107.545959472656
20.6462765957447,54.2699399826266,93.60595703125
20.713829787234,54.2699399826266,102.315956115723
20.7813829787234,54.2699399826266,85.8059539794922
20.8489361702128,54.2699399826266,73.7859573364258
20.9164893617021,54.2699399826266,60.60595703125
20.9840425531915,54.2699399826266,48.7559547424316
21.0515957446809,54.2699399826266,44.2559547424316
21.1191489361702,54.2699399826266,43.9016723632812
21.1867021276596,54.2699399826266,47.0916709899902
21.2542553191489,54.2699399826266,46.3916702270508
21.3218085106383,54.2699399826266,49.2416687011719
21.3893617021277,54.2699399826266,52.4516716003418
21.456914893617,54.2699399826266,60.8716697692871
21.5244680851064,54.2699399826266,64.9516677856445
21.5920212765957,54.2699399826266,72.341667175293
21.6595744680851,54.2699399826266,81.1624069213867
21.7271276595745,54.2699399826266,123.562408447266
21.7946808510638,54.2699399826266,126.572402954102
21.8622340425532,54.2699399826266,106.392402648926
21.9297872340426,54.2699399826266,96.7824020385742
21.9973404255319,54.2699399826266,99.0324020385742
22.0648936170213,54.2699399826266,113.642402648926
22.1324468085106,54.2699399826266,146.882400512695
22.2,54.2699399826266,155.599914550781
9.5,54.2017412935323,4.99249982833862
9.56755319148936,54.2017412935323,3.71249961853027
9.63510638297872,54.2017412935323,10.602499961853
9.70265957446808,54.2017412935323,12.772500038147
9.77021276595745,54.2017412935323,18.0625
9.83776595744681,54.2017412935323,34.5012512207031
9.90531914893617,54.2017412935323,39.6112518310547
9.97287234042553,54.2017412935323,32.7012519836426
10.0404255319149,54.2017412935323,48.0212516784668
10.1079787234043,54.2017412935323,45.2512512207031
10.1755319148936,54.2017412935323,32.6912536621094
10.243085106383,54.2017412935323,29.3012523651123
10.3106382978723,54.2017412935323,39.8812522888184
10.3781914893617,54.2017412935323,41.5538063049316
10.4457446808511,54.2017412935323,41.1038093566895
10.5132978723404,54.2017412935323,49.0438079833984
10.5808510638298,54.2017412935323,56.5038070678711
10.6484042553192,54.2017412935323,102.863807678223
10.7159574468085,54.2017412935323,101.923805236816
10.7835106382979,54.2017412935323,54.5538063049316
10.8510638297872,54.2017412935323,15.0638084411621
10.9186170212766,54.2017412935323,9.09873008728027
10.986170212766,54.2017412935323,4.17872953414917
11.0537234042553,54.2017412935323,-5.83127021789551
11.1212765957447,54.2017412935323,-13.2212705612183
11.188829787234,54.2017412935323,-18.0012702941895
11.2563829787234,54.2017412935323,-20.4812698364258
11.3239361702128,54.2017412935323,-21.4512710571289
11.3914893617021,54.2017412935323,-22.3412704467773
11.4590425531915,54.2017412935323,-23.3841686248779
11.5265957446809,54.2017412935323,-24.9041690826416
11.5941489361702,54.2017412935323,-25.3741683959961
11.6617021276596,54.2017412935323,-24.8241691589355
11.7292553191489,54.2017412935323,-24.0141677856445
11.7968085106383,54.2017412935323,-21.3241691589355
11.8643617021277,54.2017412935323,-19.1641693115234
11.931914893617,54.2017412935323,-16.9841690063477
11.9994680851064,54.2017412935323,-14.7247819900513
12.0670212765957,54.2017412935323,-10.2347822189331
12.1345744680851,54.2017412935323,-3.03478193283081
12.2021276595745,54.2017412935323,5.8752179145813
12.2696808510638,54.2017412935323,6.61521816253662
12.3372340425532,54.2017412935323,7.21521806716919
12.4047872340426,54.2017412935323,9.13521766662598
12.4723404255319,54.2017412935323,12.5752182006836
12.5398936170213,54.2017412935323,15.769024848938
12.6074468085106,54.2017412935323,22.2790241241455
12.675,54.2017412935323,24.0890254974365
12.7425531914894,54.2017412935323,19.6990242004395
12.8101063829787,54.2017412935323,17.979024887085
12.8776595744681,54.2017412935323,15.809024810791
12.9452127659574,54.2017412935323,18.0790252685547
13.0127659574468,54.2017412935323,21.1290245056152
13.0803191489362,54.2017412935323,19.5552158355713
13.1478723404255,54.2017412935323,15.385214805603
13.2154255319149,54.2017412935323,7.62521505355835
13.2829787234043,54.2017412935323,0.865215063095093
13.3505319148936,54.2017412935323,0.685215055942535
13.418085106383,54.2017412935323,-3.58478498458862
13.4856382978723,54.2017412935323,-7.82478475570679
13.5531914893617,54.2017412935323,-8.10478496551514
13.6207446808511,54.2017412935323,-7.01895332336426
13.6882978723404,54.2017412935323,-6.3289532661438
13.7558510638298,54.2017412935323,-4.77895355224609
13.8234042553192,54.2017412935323,-5.09895324707031
13.8909574468085,54.2017412935323,-6.09895324707031
13.9585106382979,54.2017412935323,-10.7889537811279
14.0260638297872,54.2017412935323,-11.618953704834
14.0936170212766,54.2017412935323,-14.0689535140991
14.161170212766,54.2017412935323,-14.8133010864258
14.2287234042553,54.2017412935323,-15.1033010482788
14.2962765957447,54.2017412935323,-14.7233009338379
14.363829787234,54.2017412935323,-12.38330078125
14.4313829787234,54.2017412935323,-7.80330085754395
14.4989361702128,54.2017412935323,-10.2533006668091
14.5664893617021,54.2017412935323,-14.1033010482788
14.6340425531915,54.2017412935323,-14.8633012771606
14.7015957446809,54.2017412935323,-15.810754776001
14.7691489361702,54.2017412935323,-16.5307559967041
14.8367021276596,54.2017412935323,-16.8007545471191
14.9042553191489,54.2017412935323,-16.9307556152344
14.9718085106383,54.2017412935323,-16.5707550048828
15.0393617021277,54.2017412935323,-16.0707550048828
15.106914893617,54.2017412935323,-14.5407552719116
15.1744680851064,54.2017412935323,-14.890754699707
15.2420212765957,54.2017412935323,-14.3740186691284
15.3095744680851,54.2017412935323,-14.3640184402466
15.3771276595745,54.2017412935323,-13.4840183258057
15.4446808510638,54.2017412935323,-13.7540187835693
15.5122340425532,54.2017412935323,-13.4140186309814
15.5797872340426,54.2017412935323,-12.5040187835693
15.6473404255319,54.2017412935323,-12.3240184783936
15.7148936170213,54.2017412935323,-10.0940189361572
15.7824468085106,54.2017412935323,-3.76929140090942
15.85,54.2017412935323,-1.20929145812988
15.9175531914894,54.2017412935323,2.58070850372314
15.9851063829787,54.2017412935323,5.01070880889893
16.0526595744681,54.2017412935323,6.42070865631104
16.1202127659574,54.2017412935323,11.5207090377808
16.1877659574468,54.2017412935323,11.5707082748413
16.2553191489362,54.2017412935323,30.880708694458
16.3228723404255,54.2017412935323,21.40380859375
16.3904255319149,54.2017412935323,37.5238075256348
16.4579787234043,54.2017412935323,54.8138084411621
16.5255319148936,54.2017412935323,59.7438087463379
16.593085106383,54.2017412935323,67.9638061523438
16.6606382978723,54.2017412935323,72.3138122558594
16.7281914893617,54.2017412935323,57.5538101196289
16.7957446808511,54.2017412935323,67.773811340332
16.8632978723404,54.2017412935323,75.9640884399414
16.9308510638298,54.2017412935323,66.3840866088867
16.9984042553192,54.2017412935323,108.624084472656
17.0659574468085,54.2017412935323,102.834083557129
17.1335106382979,54.2017412935323,100.394088745117
17.2010638297872,54.2017412935323,114.154083251953
17.2686170212766,54.2017412935323,124.36408996582
17.336170212766,54.2017412935323,111.554084777832
17.4037234042553,54.2017412935323,116.914215087891
17.4712765957447,54.2017412935323,120.614212036133
17.538829787234,54.2017412935323,135.434219360352
17.6063829787234,54.2017412935323,146.454208374023
17.6739361702128,54.2017412935323,149.604217529297
17.7414893617021,54.2017412935323,184.914215087891
17.8090425531915,54.2017412935323,189.964218139648
17.8765957446809,54.2017412935323,199.024215698242
17.9441489361702,54.2017412935323,209.953491210938
18.0117021276596,54.2017412935323,194.513488769531
18.0792553191489,54.2017412935323,219.183486938477
18.1468085106383,54.2017412935323,223.303497314453
18.2143617021277,54.2017412935323,229.553497314453
18.281914893617,54.2017412935323,226.83349609375
18.3494680851064,54.2017412935323,220.823486328125
18.4170212765957,54.2017412935323,184.584671020508
18.4845744680851,54.2017412935323,120.164672851562
18.5521276595745,54.2017412935323,75.7646713256836
18.6196808510638,54.2017412935323,22.2846736907959
18.6872340425532,54.2017412935323,1.63467359542847
18.7547872340426,54.2017412935323,1.25467360019684
18.8223404255319,54.2017412935323,1.8546736240387
18.8898936170213,54.2017412935323,1.38467359542847
18.9574468085106,54.2017412935323,0.534497320652008
19.025,54.2017412935323,-1.26550269126892
19.0925531914894,54.2017412935323,-0.765502691268921
19.1601063829787,54.2017412935323,-0.705502688884735
19.2276595744681,54.2017412935323,-0.485502690076828
19.2952127659575,54.2017412935323,0.524497330188751
19.3627659574468,54.2017412935323,1.57449734210968
19.4303191489362,54.2017412935323,88.0044937133789
19.4978723404255,54.2017412935323,167.670928955078
19.5654255319149,54.2017412935323,156.010940551758
19.6329787234043,54.2017412935323,105.720932006836
19.7005319148936,54.2017412935323,46.2309341430664
19.768085106383,54.2017412935323,42.3509368896484
19.8356382978723,54.2017412935323,42.7809371948242
19.9031914893617,54.2017412935323,49.3209342956543
19.9707446808511,54.2017412935323,78.5709381103516
20.0382978723404,54.2017412935323,105.931060791016
20.1058510638298,54.2017412935323,97.2610626220703
20.1734042553191,54.2017412935323,96.0510635375977
20.2409574468085,54.2017412935323,104.721061706543
20.3085106382979,54.2017412935323,97.7310638427734
20.3760638297872,54.2017412935323,112.681060791016
20.4436170212766,54.2017412935323,127.241058349609
20.511170212766,54.2017412935323,128.301055908203
20.5787234042553,54.2017412935323,86.5310592651367
20.6462765957447,54.2017412935323,96.3210525512695
20.713829787234,54.2017412935323,86.4810562133789
20.7813829787234,54.2017412935323,67.6510543823242
20.8489361702128,54.2017412935323,55.2810554504395
20.9164893617021,54.2017412935323,48.6710548400879
20.9840425531915,54.2017412935323,42.141056060791
21.0515957446809,54.2017412935323,42.4210548400879
21.1191489361702,54.2017412935323,41.1113510131836
21.1867021276596,54.2017412935323,43.6113510131836
21.2542553191489,54.2017412935323,44.1413497924805
21.3218085106383,54.2017412935323,55.5813522338867
21.3893617021277,54.2017412935323,64.3113479614258
21.456914893617,54.2017412935323,69.0513534545898
21.5244680851064,54.2017412935323,80.1013488769531
21.5920212765957,54.2017412935323,94.9413528442383
21.6595744680851,54.2017412935323,102.307960510254
21.7271276595745,54.2017412935323,121.437957763672
21.7946808510638,54.2017412935323,125.367958068848
21.8622340425532,54.2017412935323,125.967964172363
21.9297872340426,54.2017412935323,122.687957763672
21.9973404255319,54.2017412935323,115.57795715332
22.0648936170213,54.2017412935323,126.197959899902
22.1324468085106,54.2017412935323,141.677963256836
22.2,54.2017412935323,154.194244384766
9.5,54.1335426044381,14.4724998474121
9.56755319148936,54.1335426044381,19.2824993133545
9.63510638297872,54.1335426044381,32.1624984741211
9.70265957446808,54.1335426044381,30.6324996948242
9.77021276595745,54.1335426044381,24.2425003051758
9.83776595744681,54.1335426044381,26.6912517547607
9.90531914893617,54.1335426044381,32.9212532043457
9.97287234042553,54.1335426044381,31.0012512207031
10.0404255319149,54.1335426044381,35.4312515258789
10.1079787234043,54.1335426044381,45.901252746582
10.1755319148936,54.1335426044381,37.0812530517578
10.243085106383,54.1335426044381,40.1712532043457
10.3106382978723,54.1335426044381,32.2212524414062
10.3781914893617,54.1335426044381,34.3138084411621
10.4457446808511,54.1335426044381,37.7738075256348
10.5132978723404,54.1335426044381,43.0238075256348
10.5808510638298,54.1335426044381,45.4538078308105
10.6484042553192,54.1335426044381,66.6638107299805
10.7159574468085,54.1335426044381,62.2638092041016
10.7835106382979,54.1335426044381,30.4838085174561
10.8510638297872,54.1335426044381,32.9838066101074
10.9186170212766,54.1335426044381,10.6687297821045
10.986170212766,54.1335426044381,-7.12127017974854
11.0537234042553,54.1335426044381,-15.8112707138062
11.1212765957447,54.1335426044381,-20.1812705993652
11.188829787234,54.1335426044381,-22.1212711334229
11.2563829787234,54.1335426044381,-23.4212703704834
11.3239361702128,54.1335426044381,-23.2412700653076
11.3914893617021,54.1335426044381,-22.6512699127197
11.4590425531915,54.1335426044381,-21.1641693115234
11.5265957446809,54.1335426044381,-16.8241691589355
11.5941489361702,54.1335426044381,-12.3441686630249
11.6617021276596,54.1335426044381,-6.17416858673096
11.7292553191489,54.1335426044381,-7.05416822433472
11.7968085106383,54.1335426044381,-8.52416801452637
11.8643617021277,54.1335426044381,-8.64416885375977
11.931914893617,54.1335426044381,0.0258316043764353
11.9994680851064,54.1335426044381,2.70521807670593
12.0670212765957,54.1335426044381,-0.0947819873690605
12.1345744680851,54.1335426044381,5.52521800994873
12.2021276595745,54.1335426044381,15.1652183532715
12.2696808510638,54.1335426044381,26.5652179718018
12.3372340425532,54.1335426044381,34.3452186584473
12.4047872340426,54.1335426044381,34.3252182006836
12.4723404255319,54.1335426044381,36.155216217041
12.5398936170213,54.1335426044381,22.6590251922607
12.6074468085106,54.1335426044381,22.0290241241455
12.675,54.1335426044381,26.8990249633789
12.7425531914894,54.1335426044381,23.7790241241455
12.8101063829787,54.1335426044381,20.9490242004395
12.8776595744681,54.1335426044381,23.0990238189697
12.9452127659574,54.1335426044381,21.3890247344971
13.0127659574468,54.1335426044381,21.0090255737305
13.0803191489362,54.1335426044381,20.7852153778076
13.1478723404255,54.1335426044381,19.2152156829834
13.2154255319149,54.1335426044381,15.4152154922485
13.2829787234043,54.1335426044381,5.6552152633667
13.3505319148936,54.1335426044381,0.185215041041374
13.418085106383,54.1335426044381,-2.64478492736816
13.4856382978723,54.1335426044381,-6.74478483200073
13.5531914893617,54.1335426044381,-7.61478519439697
13.6207446808511,54.1335426044381,-2.89895343780518
13.6882978723404,54.1335426044381,0.371046513319016
13.7558510638298,54.1335426044381,-0.72895348072052
13.8234042553192,54.1335426044381,-3.25895357131958
13.8909574468085,54.1335426044381,-9.69895362854004
13.9585106382979,54.1335426044381,-11.078953742981
14.0260638297872,54.1335426044381,-12.3889532089233
14.0936170212766,54.1335426044381,-13.0389537811279
14.161170212766,54.1335426044381,-13.6633014678955
14.2287234042553,54.1335426044381,-14.2833013534546
14.2962765957447,54.1335426044381,-14.0133008956909
14.363829787234,54.1335426044381,-13.3033008575439
14.4313829787234,54.1335426044381,-10.0433006286621
14.4989361702128,54.1335426044381,-13.6633014678955
14.5664893617021,54.1335426044381,-13.7333011627197
14.6340425531915,54.1335426044381,-13.7933006286621
14.7015957446809,54.1335426044381,-13.850754737854
14.7691489361702,54.1335426044381,-14.5307550430298
14.8367021276596,54.1335426044381,-16.9607543945312
14.9042553191489,54.1335426044381,-17.9107551574707
14.9718085106383,54.1335426044381,-17.5407543182373
15.0393617021277,54.1335426044381,-17.1507549285889
15.106914893617,54.1335426044381,-15.9207553863525
15.1744680851064,54.1335426044381,-13.350754737854
15.2420212765957,54.1335426044381,-10.4140186309814
15.3095744680851,54.1335426044381,-6.77401876449585
15.3771276595745,54.1335426044381,-5.72401857376099
15.4446808510638,54.1335426044381,-3.58401870727539
15.5122340425532,54.1335426044381,-1.13401865959167
15.5797872340426,54.1335426044381,3.86598134040833
15.6473404255319,54.1335426044381,14.4459810256958
15.7148936170213,54.1335426044381,25.0859813690186
15.7824468085106,54.1335426044381,22.1807079315186
15.85,54.1335426044381,15.6107082366943
15.9175531914894,54.1335426044381,25.2407093048096
15.9851063829787,54.1335426044381,28.2907085418701
16.0526595744681,54.1335426044381,31.1707077026367
16.1202127659574,54.1335426044381,40.2307090759277
16.1877659574468,54.1335426044381,37.6607093811035
16.2553191489362,54.1335426044381,43.6607093811035
16.3228723404255,54.1335426044381,44.843807220459
16.3904255319149,54.1335426044381,44.5338096618652
16.4579787234043,54.1335426044381,83.2438049316406
16.5255319148936,54.1335426044381,91.5738067626953
16.593085106383,54.1335426044381,129.563812255859
16.6606382978723,54.1335426044381,147.243804931641
16.7281914893617,54.1335426044381,99.4638061523438
16.7957446808511,54.1335426044381,127.993804931641
16.8632978723404,54.1335426044381,120.35408782959
16.9308510638298,54.1335426044381,82.2240829467773
16.9984042553192,54.1335426044381,94.6440887451172
17.0659574468085,54.1335426044381,91.1340866088867
17.1335106382979,54.1335426044381,105.924087524414
17.2010638297872,54.1335426044381,130.534088134766
17.2686170212766,54.1335426044381,136.194091796875
17.336170212766,54.1335426044381,153.094085693359
17.4037234042553,54.1335426044381,142.464218139648
17.4712765957447,54.1335426044381,159.314208984375
17.538829787234,54.1335426044381,153.924209594727
17.6063829787234,54.1335426044381,192.914215087891
17.6739361702128,54.1335426044381,193.32421875
17.7414893617021,54.1335426044381,188.344207763672
17.8090425531915,54.1335426044381,182.684219360352
17.8765957446809,54.1335426044381,173.664215087891
17.9441489361702,54.1335426044381,173.753494262695
18.0117021276596,54.1335426044381,197.393493652344
18.0792553191489,54.1335426044381,213.093490600586
18.1468085106383,54.1335426044381,213.08349609375
18.2143617021277,54.1335426044381,203.803497314453
18.281914893617,54.1335426044381,205.043487548828
18.3494680851064,54.1335426044381,220.773498535156
18.4170212765957,54.1335426044381,184.854675292969
18.4845744680851,54.1335426044381,127.174674987793
18.5521276595745,54.1335426044381,80.4746704101562
18.6196808510638,54.1335426044381,65.1846771240234
18.6872340425532,54.1335426044381,22.3446731567383
18.7547872340426,54.1335426044381,2.55467367172241
18.8223404255319,54.1335426044381,3.93467354774475
18.8898936170213,54.1335426044381,2.36467361450195
18.9574468085106,54.1335426044381,0.924497306346893
19.025,54.1335426044381,1.27449727058411
19.0925531914894,54.1335426044381,0.594497323036194
19.1601063829787,54.1335426044381,-0.0855026915669441
19.2276595744681,54.1335426044381,1.42449736595154
19.2952127659575,54.1335426044381,-0.165502697229385
19.3627659574468,54.1335426044381,1.00449728965759
19.4303191489362,54.1335426044381,40.5844955444336
19.4978723404255,54.1335426044381,123.900932312012
19.5654255319149,54.1335426044381,140.360931396484
19.6329787234043,54.1335426044381,106.180938720703
19.7005319148936,54.1335426044381,78.340934753418
19.768085106383,54.1335426044381,55.7309341430664
19.8356382978723,54.1335426044381,57.1209373474121
19.9031914893617,54.1335426044381,58.2709350585938
19.9707446808511,54.1335426044381,43.4709358215332
20.0382978723404,54.1335426044381,55.1110610961914
20.1058510638298,54.1335426044381,69.971061706543
20.1734042553191,54.1335426044381,78.2810592651367
20.2409574468085,54.1335426044381,83.7110595703125
20.3085106382979,54.1335426044381,83.0010604858398
20.3760638297872,54.1335426044381,98.3110580444336
20.4436170212766,54.1335426044381,104.531059265137
20.511170212766,54.1335426044381,92.6910629272461
20.5787234042553,54.1335426044381,82.3210525512695
20.6462765957447,54.1335426044381,86.4310531616211
20.713829787234,54.1335426044381,99.2610549926758
20.7813829787234,54.1335426044381,96.9110565185547
20.8489361702128,54.1335426044381,91.4910583496094
20.9164893617021,54.1335426044381,88.1910552978516
20.9840425531915,54.1335426044381,71.2710571289062
21.0515957446809,54.1335426044381,60.1810569763184
21.1191489361702,54.1335426044381,64.7413482666016
21.1867021276596,54.1335426044381,68.0613479614258
21.2542553191489,54.1335426044381,58.2913513183594
21.3218085106383,54.1335426044381,68.7913513183594
21.3893617021277,54.1335426044381,77.9313507080078
21.456914893617,54.1335426044381,91.2813491821289
21.5244680851064,54.1335426044381,112.021354675293
21.5920212765957,54.1335426044381,122.001350402832
21.6595744680851,54.1335426044381,125.177963256836
21.7271276595745,54.1335426044381,116.957962036133
21.7946808510638,54.1335426044381,120.617958068848
21.8622340425532,54.1335426044381,128.147964477539
21.9297872340426,54.1335426044381,129.747955322266
21.9973404255319,54.1335426044381,153.607955932617
22.0648936170213,54.1335426044381,176.127960205078
22.1324468085106,54.1335426044381,179.137954711914
22.2,54.1335426044381,153.204238891602
9.5,54.0653439153439,17.0825004577637
9.56755319148936,54.0653439153439,27.7824993133545
9.63510638297872,54.0653439153439,42.0625
9.70265957446808,54.0653439153439,24.2924995422363
9.77021276595745,54.0653439153439,19.0524997711182
9.83776595744681,54.0653439153439,21.7112522125244
9.90531914893617,54.0653439153439,26.1112518310547
9.97287234042553,54.0653439153439,28.5212516784668
10.0404255319149,54.0653439153439,38.2112503051758
10.1079787234043,54.0653439153439,49.2512512207031
10.1755319148936,54.0653439153439,39.9712524414062
10.243085106383,54.0653439153439,47.3912506103516
10.3106382978723,54.0653439153439,37.0612525939941
10.3781914893617,54.0653439153439,35.963809967041
10.4457446808511,54.0653439153439,55.6238098144531
10.5132978723404,54.0653439153439,50.213809967041
10.5808510638298,54.0653439153439,42.1038093566895
10.6484042553192,54.0653439153439,48.0838088989258
10.7159574468085,54.0653439153439,27.1638088226318
10.7835106382979,54.0653439153439,4.75380802154541
10.8510638297872,54.0653439153439,4.01380825042725
10.9186170212766,54.0653439153439,-18.361270904541
10.986170212766,54.0653439153439,-21.6512699127197
11.0537234042553,54.0653439153439,-23.0912704467773
11.1212765957447,54.0653439153439,-22.9612712860107
11.188829787234,54.0653439153439,-20.9112701416016
11.2563829787234,54.0653439153439,-15.8912706375122
11.3239361702128,54.0653439153439,-15.1912708282471
11.3914893617021,54.0653439153439,-16.8912696838379
11.4590425531915,54.0653439153439,-11.5741682052612
11.5265957446809,54.0653439153439,-3.96416831016541
11.5941489361702,54.0653439153439,10.20583152771
11.6617021276596,54.0653439153439,54.8358306884766
11.7292553191489,54.0653439153439,69.7358322143555
11.7968085106383,54.0653439153439,50.535831451416
11.8643617021277,54.0653439153439,35.9858322143555
11.931914893617,54.0653439153439,16.6958312988281
11.9994680851064,54.0653439153439,20.1752185821533
12.0670212765957,54.0653439153439,15.3052177429199
12.1345744680851,54.0653439153439,13.4952182769775
12.2021276595745,54.0653439153439,31.8452186584473
12.2696808510638,54.0653439153439,42.7452163696289
12.3372340425532,54.0653439153439,50.9952163696289
12.4047872340426,54.0653439153439,44.0752182006836
12.4723404255319,54.0653439153439,42.1452178955078
12.5398936170213,54.0653439153439,31.5490245819092
12.6074468085106,54.0653439153439,15.3590250015259
12.675,54.0653439153439,9.21902465820312
12.7425531914894,54.0653439153439,9.96902465820312
12.8101063829787,54.0653439153439,11.0390243530273
12.8776595744681,54.0653439153439,15.7890243530273
12.9452127659574,54.0653439153439,15.8190250396729
13.0127659574468,54.0653439153439,13.7590246200562
13.0803191489362,54.0653439153439,11.8152151107788
13.1478723404255,54.0653439153439,9.19521522521973
13.2154255319149,54.0653439153439,8.22521495819092
13.2829787234043,54.0653439153439,5.96521520614624
13.3505319148936,54.0653439153439,4.23521518707275
13.418085106383,54.0653439153439,4.06521511077881
13.4856382978723,54.0653439153439,4.74521493911743
13.5531914893617,54.0653439153439,12.4852151870728
13.6207446808511,54.0653439153439,16.1010456085205
13.6882978723404,54.0653439153439,10.4810466766357
13.7558510638298,54.0653439153439,6.45104646682739
13.8234042553192,54.0653439153439,1.48104655742645
13.8909574468085,54.0653439153439,-3.30895352363586
13.9585106382979,54.0653439153439,-8.00895309448242
14.0260638297872,54.0653439153439,-12.69895362854
14.0936170212766,54.0653439153439,-14.3589534759521
14.161170212766,54.0653439153439,-14.3633012771606
14.2287234042553,54.0653439153439,-14.1933012008667
14.2962765957447,54.0653439153439,-13.38330078125
14.363829787234,54.0653439153439,-13.093300819397
14.4313829787234,54.0653439153439,-12.6133012771606
14.4989361702128,54.0653439153439,-13.0033006668091
14.5664893617021,54.0653439153439,-12.093300819397
14.6340425531915,54.0653439153439,-12.5333013534546
14.7015957446809,54.0653439153439,-12.3707551956177
14.7691489361702,54.0653439153439,-13.0507555007935
14.8367021276596,54.0653439153439,-13.5407552719116
14.9042553191489,54.0653439153439,-14.0407552719116
14.9718085106383,54.0653439153439,-11.3207550048828
15.0393617021277,54.0653439153439,-5.56075525283813
15.106914893617,54.0653439153439,-1.73075520992279
15.1744680851064,54.0653439153439,3.69924473762512
15.2420212765957,54.0653439153439,5.12598133087158
15.3095744680851,54.0653439153439,6.45598125457764
15.3771276595745,54.0653439153439,7.65598154067993
15.4446808510638,54.0653439153439,11.6959810256958
15.5122340425532,54.0653439153439,14.9859809875488
15.5797872340426,54.0653439153439,22.6359806060791
15.6473404255319,54.0653439153439,26.055980682373
15.7148936170213,54.0653439153439,30.9659805297852
15.7824468085106,54.0653439153439,29.0807094573975
15.85,54.0653439153439,28.2907085418701
15.9175531914894,54.0653439153439,29.6007080078125
15.9851063829787,54.0653439153439,25.4807090759277
16.0526595744681,54.0653439153439,24.630708694458
16.1202127659574,54.0653439153439,32.5407104492188
16.1877659574468,54.0653439153439,48.3907089233398
16.2553191489362,54.0653439153439,49.8407096862793
16.3228723404255,54.0653439153439,53.4438095092773
16.3904255319149,54.0653439153439,63.8738098144531
16.4579787234043,54.0653439153439,86.8038101196289
16.5255319148936,54.0653439153439,98.3138122558594
16.593085106383,54.0653439153439,123.453811645508
16.6606382978723,54.0653439153439,122.373809814453
16.7281914893617,54.0653439153439,128.313812255859
16.7957446808511,54.0653439153439,147.993804931641
16.8632978723404,54.0653439153439,128.514083862305
16.9308510638298,54.0653439153439,109.064086914062
16.9984042553192,54.0653439153439,144.874084472656
17.0659574468085,54.0653439153439,147.564086914062
17.1335106382979,54.0653439153439,145.374084472656
17.2010638297872,54.0653439153439,189.754089355469
17.2686170212766,54.0653439153439,198.61408996582
17.336170212766,54.0653439153439,174.834091186523
17.4037234042553,54.0653439153439,193.134216308594
17.4712765957447,54.0653439153439,182.364212036133
17.538829787234,54.0653439153439,184.314208984375
17.6063829787234,54.0653439153439,180.134216308594
17.6739361702128,54.0653439153439,178.984222412109
17.7414893617021,54.0653439153439,171.604217529297
17.8090425531915,54.0653439153439,172.204208374023
17.8765957446809,54.0653439153439,162.264221191406
17.9441489361702,54.0653439153439,155.33349609375
18.0117021276596,54.0653439153439,166.953491210938
18.0792553191489,54.0653439153439,171.783493041992
18.1468085106383,54.0653439153439,178.483489990234
18.2143617021277,54.0653439153439,163.623489379883
18.281914893617,54.0653439153439,161.103500366211
18.3494680851064,54.0653439153439,163.303497314453
18.4170212765957,54.0653439153439,144.174667358398
18.4845744680851,54.0653439153439,118.404670715332
18.5521276595745,54.0653439153439,80.4446716308594
18.6196808510638,54.0653439153439,73.7646713256836
18.6872340425532,54.0653439153439,39.0746726989746
18.7547872340426,54.0653439153439,19.5146732330322
18.8223404255319,54.0653439153439,5.5346736907959
18.8898936170213,54.0653439153439,3.62467360496521
18.9574468085106,54.0653439153439,3.01449728012085
19.025,54.0653439153439,3.46449732780457
19.0925531914894,54.0653439153439,2.40449738502502
19.1601063829787,54.0653439153439,2.10449719429016
19.2276595744681,54.0653439153439,0.964497327804565
19.2952127659575,54.0653439153439,-0.165502697229385
19.3627659574468,54.0653439153439,-0.645502686500549
19.4303191489362,54.0653439153439,0.374497294425964
19.4978723404255,54.0653439153439,16.7609348297119
19.5654255319149,54.0653439153439,25.0309352874756
19.6329787234043,54.0653439153439,28.4309349060059
19.7005319148936,54.0653439153439,45.9409370422363
19.768085106383,54.0653439153439,62.8609352111816
19.8356382978723,54.0653439153439,59.3309364318848
19.9031914893617,54.0653439153439,72.5409393310547
19.9707446808511,54.0653439153439,72.0209350585938
20.0382978723404,54.0653439153439,57.411060333252
20.1058510638298,54.0653439153439,61.7610626220703
20.1734042553191,54.0653439153439,80.1610641479492
20.2409574468085,54.0653439153439,81.221061706543
20.3085106382979,54.0653439153439,89.4010620117188
20.3760638297872,54.0653439153439,85.5210647583008
20.4436170212766,54.0653439153439,81.8610610961914
20.511170212766,54.0653439153439,89.1110610961914
20.5787234042553,54.0653439153439,107.0810546875
20.6462765957447,54.0653439153439,110.631057739258
20.713829787234,54.0653439153439,122.871055603027
20.7813829787234,54.0653439153439,110.371055603027
20.8489361702128,54.0653439153439,112.761054992676
20.9164893617021,54.0653439153439,119.361053466797
20.9840425531915,54.0653439153439,105.041053771973
21.0515957446809,54.0653439153439,68.9410552978516
21.1191489361702,54.0653439153439,108.931350708008
21.1867021276596,54.0653439153439,130.261352539062
21.2542553191489,54.0653439153439,105.041351318359
21.3218085106383,54.0653439153439,74.001350402832
21.3893617021277,54.0653439153439,101.241348266602
21.456914893617,54.0653439153439,121.39134979248
21.5244680851064,54.0653439153439,129.331344604492
21.5920212765957,54.0653439153439,123.521354675293
21.6595744680851,54.0653439153439,118.467964172363
21.7271276595745,54.0653439153439,117.307960510254
21.7946808510638,54.0653439153439,123.407958984375
21.8622340425532,54.0653439153439,148.977966308594
21.9297872340426,54.0653439153439,140.07795715332
21.9973404255319,54.0653439153439,135.617965698242
22.0648936170213,54.0653439153439,159.667953491211
22.1324468085106,54.0653439153439,179.617965698242
22.2,54.0653439153439,145.404251098633
