V1,V2,V3
9.5,57.7165137614679,-26.30348777771
9.55092592592593,57.7165137614679,-33.7934875488281
9.60185185185185,57.7165137614679,-36.1570892333984
9.65277777777778,57.7165137614679,-42.9270896911621
9.7037037037037,57.7165137614679,-50.8870887756348
9.75462962962963,57.7165137614679,-51.7570877075195
9.80555555555556,57.7165137614679,-47.3370895385742
9.85648148148148,57.7165137614679,-39.4654197692871
9.90740740740741,57.7165137614679,-33.1754188537598
9.95833333333333,57.7165137614679,-26.0054206848145
10.0092592592593,57.7165137614679,-23.1454200744629
10.0601851851852,57.7165137614679,-19.03542137146
10.1111111111111,57.7165137614679,-16.8154201507568
10.162037037037,57.7165137614679,-17.3011074066162
10.212962962963,57.7165137614679,-18.8711071014404
10.2638888888889,57.7165137614679,-22.5711078643799
10.3148148148148,57.7165137614679,-22.7511081695557
10.3657407407407,57.7165137614679,-10.4911079406738
10.4166666666667,57.7165137614679,8.13271713256836
10.4675925925926,57.7165137614679,8.24271678924561
10.5185185185185,57.7165137614679,-9.76728343963623
10.5694444444444,57.7165137614679,-13.3372831344604
10.6203703703704,57.7165137614679,-18.2872829437256
10.6712962962963,57.7165137614679,-20.4066772460938
10.7222222222222,57.7165137614679,-23.8366775512695
10.7731481481481,57.7165137614679,-25.0266780853271
10.8240740740741,57.7165137614679,-26.9466781616211
10.875,57.7165137614679,-28.4266777038574
10.9259259259259,57.7165137614679,-30.9377632141113
10.9768518518519,57.7165137614679,-31.9077625274658
11.0277777777778,57.7165137614679,-33.3277626037598
11.0787037037037,57.7165137614679,-33.9377632141113
11.1296296296296,57.7165137614679,-37.6377639770508
11.1805555555556,57.7165137614679,-39.8477630615234
11.2314814814815,57.7165137614679,-44.632266998291
11.2824074074074,57.7165137614679,-48.0822677612305
11.3333333333333,57.7165137614679,-64.0622711181641
11.3842592592593,57.7165137614679,-84.5522689819336
11.4351851851852,57.7165137614679,-70.2922668457031
11.4861111111111,57.7165137614679,-60.7429351806641
11.537037037037,57.7165137614679,-42.0029373168945
11.587962962963,57.7165137614679,-29.6129360198975
11.6388888888889,57.7165137614679,1.81706416606903
11.6898148148148,57.7165137614679,-15.0529356002808
11.7407407407407,57.7165137614679,-4.38077783584595
11.7916666666667,57.7165137614679,-7.88077783584595
11.8425925925926,57.7165137614679,0.30922195315361
11.8935185185185,57.7165137614679,13.8392219543457
11.9444444444444,57.7165137614679,42.2192230224609
11.9953703703704,57.7165137614679,47.8292236328125
12.0462962962963,57.7165137614679,79.307243347168
12.0972222222222,57.7165137614679,89.9372406005859
12.1481481481481,57.7165137614679,111.107246398926
12.1990740740741,57.7165137614679,101.757247924805
12.25,57.7165137614679,93.7172470092773
12.3009259259259,57.7165137614679,114.202278137207
12.3518518518518,57.7165137614679,112.052276611328
12.4027777777778,57.7165137614679,161.75227355957
12.4537037037037,57.7165137614679,156.962280273438
12.5046296296296,57.7165137614679,138.00227355957
12.5555555555556,57.7165137614679,128.97575378418
12.6064814814815,57.7165137614679,146.575759887695
12.6574074074074,57.7165137614679,139.115753173828
12.7083333333333,57.7165137614679,178.055755615234
12.7592592592593,57.7165137614679,174.245758056641
12.8101851851852,57.7165137614679,168.146148681641
12.8611111111111,57.7165137614679,167.556137084961
12.912037037037,57.7165137614679,150.37614440918
12.962962962963,57.7165137614679,160.316146850586
13.0138888888889,57.7165137614679,195.246139526367
13.0648148148148,57.7165137614679,217.386138916016
13.1157407407407,57.7165137614679,233.824432373047
13.1666666666667,57.7165137614679,203.324432373047
13.2175925925926,57.7165137614679,209.79443359375
13.2685185185185,57.7165137614679,190.04443359375
13.3194444444444,57.7165137614679,171.574432373047
13.3703703703704,57.7165137614679,178.022476196289
13.4212962962963,57.7165137614679,215.482482910156
13.4722222222222,57.7165137614679,246.302474975586
13.5231481481481,57.7165137614679,289.79248046875
13.5740740740741,57.7165137614679,299.992462158203
13.625,57.7165137614679,288.893646240234
13.6759259259259,57.7165137614679,323.403625488281
13.7268518518518,57.7165137614679,336.153625488281
13.7777777777778,57.7165137614679,323.313629150391
13.8287037037037,57.7165137614679,219.9736328125
13.8796296296296,57.7165137614679,209.65364074707
13.9305555555556,57.7165137614679,274.138427734375
13.9814814814815,57.7165137614679,273.248443603516
14.0324074074074,57.7165137614679,274.698455810547
14.0833333333333,57.7165137614679,242.908447265625
14.1342592592593,57.7165137614679,216.748443603516
14.1851851851852,57.7165137614679,217.014434814453
14.2361111111111,57.7165137614679,222.094436645508
14.287037037037,57.7165137614679,230.844436645508
14.337962962963,57.7165137614679,253.354431152344
14.3888888888889,57.7165137614679,289.534423828125
14.4398148148148,57.7165137614679,277.901245117188
14.4907407407407,57.7165137614679,286.161254882812
14.5416666666667,57.7165137614679,306.111236572266
14.5925925925926,57.7165137614679,304.03125
14.6435185185185,57.7165137614679,281.061248779297
14.6944444444444,57.7165137614679,296.684356689453
14.7453703703704,57.7165137614679,300.864349365234
14.7962962962963,57.7165137614679,296.564331054688
14.8472222222222,57.7165137614679,273.924346923828
14.8981481481481,57.7165137614679,234.174346923828
14.9490740740741,57.7165137614679,219.844345092773
15,57.7165137614679,214.2783203125
9.5,57.6653443597364,-32.4934883117676
9.55092592592593,57.6653443597364,-39.4934883117676
9.60185185185185,57.6653443597364,-39.707088470459
9.65277777777778,57.6653443597364,-39.5870895385742
9.7037037037037,57.6653443597364,-37.7170906066895
9.75462962962963,57.6653443597364,-30.8870887756348
9.80555555555556,57.6653443597364,-30.6370887756348
9.85648148148148,57.6653443597364,-25.2154197692871
9.90740740740741,57.6653443597364,-23.8554210662842
9.95833333333333,57.6653443597364,-20.2754211425781
10.0092592592593,57.6653443597364,-17.4954204559326
10.0601851851852,57.6653443597364,-14.1254205703735
10.1111111111111,57.6653443597364,-13.9054203033447
10.162037037037,57.6653443597364,-15.231107711792
10.212962962963,57.6653443597364,-15.771107673645
10.2638888888889,57.6653443597364,-13.4211072921753
10.3148148148148,57.6653443597364,-7.70110750198364
10.3657407407407,57.6653443597364,14.8988924026489
10.4166666666667,57.6653443597364,8.97271633148193
10.4675925925926,57.6653443597364,-2.47728323936462
10.5185185185185,57.6653443597364,-11.5572834014893
10.5694444444444,57.6653443597364,-14.7672834396362
10.6203703703704,57.6653443597364,-19.4672832489014
10.6712962962963,57.6653443597364,-21.0766773223877
10.7222222222222,57.6653443597364,-23.9266777038574
10.7731481481481,57.6653443597364,-24.8766784667969
10.8240740740741,57.6653443597364,-23.3466777801514
10.875,57.6653443597364,-25.2666778564453
10.9259259259259,57.6653443597364,-29.897762298584
10.9768518518519,57.6653443597364,-30.9777641296387
11.0277777777778,57.6653443597364,-32.7877616882324
11.0787037037037,57.6653443597364,-33.8377647399902
11.1296296296296,57.6653443597364,-36.8577613830566
11.1805555555556,57.6653443597364,-39.0877647399902
11.2314814814815,57.6653443597364,-44.1522674560547
11.2824074074074,57.6653443597364,-46.5622673034668
11.3333333333333,57.6653443597364,-54.1022682189941
11.3842592592593,57.6653443597364,-64.1622695922852
11.4351851851852,57.6653443597364,-83.3022689819336
11.4861111111111,57.6653443597364,-69.4229354858398
11.537037037037,57.6653443597364,-49.9029350280762
11.587962962963,57.6653443597364,-32.3029365539551
11.6388888888889,57.6653443597364,-12.1629362106323
11.6898148148148,57.6653443597364,-22.0629348754883
11.7407407407407,57.6653443597364,-3.63077807426453
11.7916666666667,57.6653443597364,4.15922212600708
11.8425925925926,57.6653443597364,4.29922199249268
11.8935185185185,57.6653443597364,18.7092227935791
11.9444444444444,57.6653443597364,26.129222869873
11.9953703703704,57.6653443597364,29.7192211151123
12.0462962962963,57.6653443597364,68.8372421264648
12.0972222222222,57.6653443597364,69.5872421264648
12.1481481481481,57.6653443597364,89.0072479248047
12.1990740740741,57.6653443597364,96.8172454833984
12.25,57.6653443597364,105.627243041992
12.3009259259259,57.6653443597364,142.182281494141
12.3518518518518,57.6653443597364,125.42227935791
12.4027777777778,57.6653443597364,132.972274780273
12.4537037037037,57.6653443597364,109.292274475098
12.5046296296296,57.6653443597364,99.3022766113281
12.5555555555556,57.6653443597364,110.14575958252
12.6064814814815,57.6653443597364,154.715759277344
12.6574074074074,57.6653443597364,136.775756835938
12.7083333333333,57.6653443597364,157.325759887695
12.7592592592593,57.6653443597364,175.485763549805
12.8101851851852,57.6653443597364,165.256149291992
12.8611111111111,57.6653443597364,146.046142578125
12.912037037037,57.6653443597364,148.556137084961
12.962962962963,57.6653443597364,148.166137695312
13.0138888888889,57.6653443597364,190.776138305664
13.0648148148148,57.6653443597364,206.956146240234
13.1157407407407,57.6653443597364,197.174438476562
13.1666666666667,57.6653443597364,188.274444580078
13.2175925925926,57.6653443597364,182.47444152832
13.2685185185185,57.6653443597364,171.484436035156
13.3194444444444,57.6653443597364,165.614440917969
13.3703703703704,57.6653443597364,182.652481079102
13.4212962962963,57.6653443597364,200.61247253418
13.4722222222222,57.6653443597364,216.682479858398
13.5231481481481,57.6653443597364,265.642486572266
13.5740740740741,57.6653443597364,277.112487792969
13.625,57.6653443597364,292.193634033203
13.6759259259259,57.6653443597364,320.733642578125
13.7268518518518,57.6653443597364,322.653625488281
13.7777777777778,57.6653443597364,300.003631591797
13.8287037037037,57.6653443597364,217.433639526367
13.8796296296296,57.6653443597364,230.013641357422
13.9305555555556,57.6653443597364,262.1484375
13.9814814814815,57.6653443597364,281.378448486328
14.0324074074074,57.6653443597364,278.818450927734
14.0833333333333,57.6653443597364,245.378448486328
14.1342592592593,57.6653443597364,225.738433837891
14.1851851851852,57.6653443597364,226.054443359375
14.2361111111111,57.6653443597364,219.13444519043
14.287037037037,57.6653443597364,236.274444580078
14.337962962963,57.6653443597364,231.504440307617
14.3888888888889,57.6653443597364,276.284423828125
14.4398148148148,57.6653443597364,302.191253662109
14.4907407407407,57.6653443597364,293.461242675781
14.5416666666667,57.6653443597364,315.471252441406
14.5925925925926,57.6653443597364,311.521240234375
14.6435185185185,57.6653443597364,297.151245117188
14.6944444444444,57.6653443597364,302.994354248047
14.7453703703704,57.6653443597364,303.414337158203
14.7962962962963,57.6653443597364,289.1943359375
14.8472222222222,57.6653443597364,261.71435546875
14.8981481481481,57.6653443597364,222.53434753418
14.9490740740741,57.6653443597364,211.144348144531
15,57.6653443597364,212.198318481445
9.5,57.6141749580049,-23.7334880828857
9.55092592592593,57.6141749580049,-26.8434886932373
9.60185185185185,57.6141749580049,-28.1070899963379
9.65277777777778,57.6141749580049,-26.5470886230469
9.7037037037037,57.6141749580049,-25.0270900726318
9.75462962962963,57.6141749580049,-20.9070892333984
9.80555555555556,57.6141749580049,-15.8470888137817
9.85648148148148,57.6141749580049,-16.1654205322266
9.90740740740741,57.6141749580049,-8.83542060852051
9.95833333333333,57.6141749580049,13.8745794296265
10.0092592592593,57.6141749580049,9.37457942962646
10.0601851851852,57.6141749580049,7.87457942962646
10.1111111111111,57.6141749580049,6.76457929611206
10.162037037037,57.6141749580049,9.95889282226562
10.212962962963,57.6141749580049,12.478892326355
10.2638888888889,57.6141749580049,15.0988922119141
10.3148148148148,57.6141749580049,7.77889251708984
10.3657407407407,57.6141749580049,8.59889221191406
10.4166666666667,57.6141749580049,-8.52728366851807
10.4675925925926,57.6141749580049,-11.1272830963135
10.5185185185185,57.6141749580049,-12.9772834777832
10.5694444444444,57.6141749580049,-15.7972831726074
10.6203703703704,57.6141749580049,-21.5372829437256
10.6712962962963,57.6141749580049,-23.4966773986816
10.7222222222222,57.6141749580049,-26.0466785430908
10.7731481481481,57.6141749580049,-26.6066780090332
10.8240740740741,57.6141749580049,-27.0266780853271
10.875,57.6141749580049,-27.5566787719727
10.9259259259259,57.6141749580049,-29.5777626037598
10.9768518518519,57.6141749580049,-31.1977634429932
11.0277777777778,57.6141749580049,-35.4077644348145
11.0787037037037,57.6141749580049,-37.8677635192871
11.1296296296296,57.6141749580049,-43.0577621459961
11.1805555555556,57.6141749580049,-45.4377632141113
11.2314814814815,57.6141749580049,-49.6722679138184
11.2824074074074,57.6141749580049,-51.3622665405273
11.3333333333333,57.6141749580049,-50.502269744873
11.3842592592593,57.6141749580049,-51.0622673034668
11.4351851851852,57.6141749580049,-60.8722686767578
11.4861111111111,57.6141749580049,-73.1129379272461
11.537037037037,57.6141749580049,-60.2929344177246
11.587962962963,57.6141749580049,-49.6029357910156
11.6388888888889,57.6141749580049,-36.2029342651367
11.6898148148148,57.6141749580049,-31.1129360198975
11.7407407407407,57.6141749580049,-7.15077781677246
11.7916666666667,57.6141749580049,-1.73077809810638
11.8425925925926,57.6141749580049,-11.8107776641846
11.8935185185185,57.6141749580049,-9.9107780456543
11.9444444444444,57.6141749580049,27.1792221069336
11.9953703703704,57.6141749580049,59.6092224121094
12.0462962962963,57.6141749580049,47.9872436523438
12.0972222222222,57.6141749580049,30.5972442626953
12.1481481481481,57.6141749580049,64.8472442626953
12.1990740740741,57.6141749580049,89.4172439575195
12.25,57.6141749580049,110.127243041992
12.3009259259259,57.6141749580049,148.492279052734
12.3518518518518,57.6141749580049,133.372283935547
12.4027777777778,57.6141749580049,79.952278137207
12.4537037037037,57.6141749580049,47.3822784423828
12.5046296296296,57.6141749580049,107.142280578613
12.5555555555556,57.6141749580049,102.785758972168
12.6064814814815,57.6141749580049,131.535766601562
12.6574074074074,57.6141749580049,133.235763549805
12.7083333333333,57.6141749580049,102.91576385498
12.7592592592593,57.6141749580049,107.115760803223
12.8101851851852,57.6141749580049,104.756141662598
12.8611111111111,57.6141749580049,103.436141967773
12.912037037037,57.6141749580049,125.536140441895
12.962962962963,57.6141749580049,126.786140441895
13.0138888888889,57.6141749580049,168.656143188477
13.0648148148148,57.6141749580049,234.016143798828
13.1157407407407,57.6141749580049,168.88444519043
13.1666666666667,57.6141749580049,186.894439697266
13.2175925925926,57.6141749580049,169.764434814453
13.2685185185185,57.6141749580049,164.774444580078
13.3194444444444,57.6141749580049,188.084442138672
13.3703703703704,57.6141749580049,175.102478027344
13.4212962962963,57.6141749580049,199.562469482422
13.4722222222222,57.6141749580049,202.45246887207
13.5231481481481,57.6141749580049,191.972473144531
13.5740740740741,57.6141749580049,215.672470092773
13.625,57.6141749580049,223.203643798828
13.6759259259259,57.6141749580049,231.543640136719
13.7268518518518,57.6141749580049,197.893646240234
13.7777777777778,57.6141749580049,200.793640136719
13.8287037037037,57.6141749580049,242.953643798828
13.8796296296296,57.6141749580049,268.373626708984
13.9305555555556,57.6141749580049,258.578430175781
13.9814814814815,57.6141749580049,283.458435058594
14.0324074074074,57.6141749580049,249.208435058594
14.0833333333333,57.6141749580049,244.268447875977
14.1342592592593,57.6141749580049,226.638442993164
14.1851851851852,57.6141749580049,231.584442138672
14.2361111111111,57.6141749580049,213.22444152832
14.287037037037,57.6141749580049,226.674438476562
14.337962962963,57.6141749580049,268.064453125
14.3888888888889,57.6141749580049,294.394439697266
14.4398148148148,57.6141749580049,297.671234130859
14.4907407407407,57.6141749580049,308.361236572266
14.5416666666667,57.6141749580049,341.191253662109
14.5925925925926,57.6141749580049,317.831237792969
14.6435185185185,57.6141749580049,321.681243896484
14.6944444444444,57.6141749580049,303.114349365234
14.7453703703704,57.6141749580049,286.384338378906
14.7962962962963,57.6141749580049,261.724334716797
14.8472222222222,57.6141749580049,244.364349365234
14.8981481481481,57.6141749580049,220.744338989258
14.9490740740741,57.6141749580049,214.154342651367
15,57.6141749580049,202.198318481445
9.5,57.5630055562734,-19.2434883117676
9.55092592592593,57.5630055562734,-21.55348777771
9.60185185185185,57.5630055562734,-22.8170890808105
9.65277777777778,57.5630055562734,-20.3870887756348
9.7037037037037,57.5630055562734,-20.5270900726318
9.75462962962963,57.5630055562734,-18.4970893859863
9.80555555555556,57.5630055562734,-15.6870889663696
9.85648148148148,57.5630055562734,-6.6154203414917
9.90740740740741,57.5630055562734,17.21457862854
9.95833333333333,57.5630055562734,45.4345779418945
10.0092592592593,57.5630055562734,32.7045783996582
10.0601851851852,57.5630055562734,23.21457862854
10.1111111111111,57.5630055562734,17.2745800018311
10.162037037037,57.5630055562734,15.8188924789429
10.212962962963,57.5630055562734,16.018892288208
10.2638888888889,57.5630055562734,16.3988914489746
10.3148148148148,57.5630055562734,10.9488925933838
10.3657407407407,57.5630055562734,8.14889240264893
10.4166666666667,57.5630055562734,-4.23728322982788
10.4675925925926,57.5630055562734,-9.01728343963623
10.5185185185185,57.5630055562734,-12.4272832870483
10.5694444444444,57.5630055562734,-15.197283744812
10.6203703703704,57.5630055562734,-22.5672836303711
10.6712962962963,57.5630055562734,-25.4666786193848
10.7222222222222,57.5630055562734,-28.1366786956787
10.7731481481481,57.5630055562734,-28.786678314209
10.8240740740741,57.5630055562734,-29.5666770935059
10.875,57.5630055562734,-30.2766780853271
10.9259259259259,57.5630055562734,-33.0077629089355
10.9768518518519,57.5630055562734,-34.957763671875
11.0277777777778,57.5630055562734,-38.8677635192871
11.0787037037037,57.5630055562734,-40.5577621459961
11.1296296296296,57.5630055562734,-42.9077644348145
11.1805555555556,57.5630055562734,-44.3777618408203
11.2314814814815,57.5630055562734,-47.7122688293457
11.2824074074074,57.5630055562734,-46.2622680664062
11.3333333333333,57.5630055562734,-48.6522674560547
11.3842592592593,57.5630055562734,-49.252269744873
11.4351851851852,57.5630055562734,-53.5922698974609
11.4861111111111,57.5630055562734,-60.7429351806641
11.537037037037,57.5630055562734,-67.1629333496094
11.587962962963,57.5630055562734,-50.5329360961914
11.6388888888889,57.5630055562734,-39.9529342651367
11.6898148148148,57.5630055562734,-32.1329345703125
11.7407407407407,57.5630055562734,-14.9107780456543
11.7916666666667,57.5630055562734,-8.40077781677246
11.8425925925926,57.5630055562734,-17.3907775878906
11.8935185185185,57.5630055562734,-10.9907779693604
11.9444444444444,57.5630055562734,28.4792213439941
11.9953703703704,57.5630055562734,52.4092216491699
12.0462962962963,57.5630055562734,56.1772422790527
12.0972222222222,57.5630055562734,57.557243347168
12.1481481481481,57.5630055562734,58.0872459411621
12.1990740740741,57.5630055562734,71.6372451782227
12.25,57.5630055562734,108.107246398926
12.3009259259259,57.5630055562734,120.752281188965
12.3518518518518,57.5630055562734,107.17227935791
12.4027777777778,57.5630055562734,52.2422790527344
12.4537037037037,57.5630055562734,54.0022773742676
12.5046296296296,57.5630055562734,86.0222778320312
12.5555555555556,57.5630055562734,84.1957626342773
12.6064814814815,57.5630055562734,99.4257583618164
12.6574074074074,57.5630055562734,104.815757751465
12.7083333333333,57.5630055562734,101.995758056641
12.7592592592593,57.5630055562734,91.4757614135742
12.8101851851852,57.5630055562734,125.066139221191
12.8611111111111,57.5630055562734,145.436141967773
12.912037037037,57.5630055562734,145.836135864258
12.962962962963,57.5630055562734,157.386138916016
13.0138888888889,57.5630055562734,177.12614440918
13.0648148148148,57.5630055562734,169.696136474609
13.1157407407407,57.5630055562734,161.674438476562
13.1666666666667,57.5630055562734,174.994445800781
13.2175925925926,57.5630055562734,164.144439697266
13.2685185185185,57.5630055562734,169.534439086914
13.3194444444444,57.5630055562734,176.184432983398
13.3703703703704,57.5630055562734,167.892471313477
13.4212962962963,57.5630055562734,189.86247253418
13.4722222222222,57.5630055562734,193.492477416992
13.5231481481481,57.5630055562734,193.522476196289
13.5740740740741,57.5630055562734,205.482482910156
13.625,57.5630055562734,187.363647460938
13.6759259259259,57.5630055562734,202.073638916016
13.7268518518518,57.5630055562734,189.56364440918
13.7777777777778,57.5630055562734,210.373641967773
13.8287037037037,57.5630055562734,241.463638305664
13.8796296296296,57.5630055562734,248.06364440918
13.9305555555556,57.5630055562734,286.738433837891
13.9814814814815,57.5630055562734,280.008453369141
14.0324074074074,57.5630055562734,255.938446044922
14.0833333333333,57.5630055562734,242.218444824219
14.1342592592593,57.5630055562734,216.998443603516
14.1851851851852,57.5630055562734,229.564437866211
14.2361111111111,57.5630055562734,213.534439086914
14.287037037037,57.5630055562734,221.63444519043
14.337962962963,57.5630055562734,251.584442138672
14.3888888888889,57.5630055562734,279.784423828125
14.4398148148148,57.5630055562734,284.351226806641
14.4907407407407,57.5630055562734,317.231231689453
14.5416666666667,57.5630055562734,343.871246337891
14.5925925925926,57.5630055562734,319.141235351562
14.6435185185185,57.5630055562734,317.411254882812
14.6944444444444,57.5630055562734,288.424346923828
14.7453703703704,57.5630055562734,286.334350585938
14.7962962962963,57.5630055562734,255.484344482422
14.8472222222222,57.5630055562734,230.684341430664
14.8981481481481,57.5630055562734,224.494338989258
14.9490740740741,57.5630055562734,209.984344482422
15,57.5630055562734,207.728317260742
9.5,57.5118361545419,-19.4934883117676
9.55092592592593,57.5118361545419,-17.6834888458252
9.60185185185185,57.5118361545419,-15.7070894241333
9.65277777777778,57.5118361545419,-12.1170892715454
9.7037037037037,57.5118361545419,-10.9070892333984
9.75462962962963,57.5118361545419,-6.56708908081055
9.80555555555556,57.5118361545419,11.9329109191895
9.85648148148148,57.5118361545419,22.1245803833008
9.90740740740741,57.5118361545419,14.1845798492432
9.95833333333333,57.5118361545419,34.5745811462402
10.0092592592593,57.5118361545419,28.0445785522461
10.0601851851852,57.5118361545419,36.3645782470703
10.1111111111111,57.5118361545419,52.6845779418945
10.162037037037,57.5118361545419,35.0488929748535
10.212962962963,57.5118361545419,24.7288932800293
10.2638888888889,57.5118361545419,30.8788928985596
10.3148148148148,57.5118361545419,53.2088928222656
10.3657407407407,57.5118361545419,17.688892364502
10.4166666666667,57.5118361545419,8.63271713256836
10.4675925925926,57.5118361545419,4.57271671295166
10.5185185185185,57.5118361545419,-4.79728317260742
10.5694444444444,57.5118361545419,-5.24728345870972
10.6203703703704,57.5118361545419,-16.8672828674316
10.6712962962963,57.5118361545419,-26.8866786956787
10.7222222222222,57.5118361545419,-30.6066780090332
10.7731481481481,57.5118361545419,-31.8866786956787
10.8240740740741,57.5118361545419,-35.5066795349121
10.875,57.5118361545419,-37.3066787719727
10.9259259259259,57.5118361545419,-39.5077629089355
10.9768518518519,57.5118361545419,-38.8777618408203
11.0277777777778,57.5118361545419,-35.9977645874023
11.0787037037037,57.5118361545419,-34.6277618408203
11.1296296296296,57.5118361545419,-29.6677627563477
11.1805555555556,57.5118361545419,-22.5677623748779
11.2314814814815,57.5118361545419,-18.6222686767578
11.2824074074074,57.5118361545419,-19.1022682189941
11.3333333333333,57.5118361545419,-38.8322677612305
11.3842592592593,57.5118361545419,-41.752269744873
11.4351851851852,57.5118361545419,-53.6422691345215
11.4861111111111,57.5118361545419,-56.4629364013672
11.537037037037,57.5118361545419,-59.2729339599609
11.587962962963,57.5118361545419,-61.3129348754883
11.6388888888889,57.5118361545419,-49.3429374694824
11.6898148148148,57.5118361545419,-45.5329360961914
11.7407407407407,57.5118361545419,-31.8807773590088
11.7916666666667,57.5118361545419,-29.2907772064209
11.8425925925926,57.5118361545419,-23.4407787322998
11.8935185185185,57.5118361545419,-13.9907779693604
11.9444444444444,57.5118361545419,5.07922172546387
11.9953703703704,57.5118361545419,26.069221496582
12.0462962962963,57.5118361545419,28.637243270874
12.0972222222222,57.5118361545419,11.2172441482544
12.1481481481481,57.5118361545419,15.5172443389893
12.1990740740741,57.5118361545419,36.4472427368164
12.25,57.5118361545419,44.8472442626953
12.3009259259259,57.5118361545419,46.3422775268555
12.3518518518518,57.5118361545419,43.5622787475586
12.4027777777778,57.5118361545419,80.3222808837891
12.4537037037037,57.5118361545419,71.0622787475586
12.5046296296296,57.5118361545419,54.3222770690918
12.5555555555556,57.5118361545419,78.2257614135742
12.6064814814815,57.5118361545419,60.6957626342773
12.6574074074074,57.5118361545419,59.1157608032227
12.7083333333333,57.5118361545419,81.1157608032227
12.7592592592593,57.5118361545419,124.175758361816
12.8101851851852,57.5118361545419,153.476135253906
12.8611111111111,57.5118361545419,164.066146850586
12.912037037037,57.5118361545419,175.796142578125
12.962962962963,57.5118361545419,174.586135864258
13.0138888888889,57.5118361545419,162.436141967773
13.0648148148148,57.5118361545419,170.326141357422
13.1157407407407,57.5118361545419,154.914443969727
13.1666666666667,57.5118361545419,174.414443969727
13.2175925925926,57.5118361545419,200.904434204102
13.2685185185185,57.5118361545419,208.574432373047
13.3194444444444,57.5118361545419,177.914443969727
13.3703703703704,57.5118361545419,173.692474365234
13.4212962962963,57.5118361545419,198.752471923828
13.4722222222222,57.5118361545419,218.552474975586
13.5231481481481,57.5118361545419,229.652481079102
13.5740740740741,57.5118361545419,216.062469482422
13.625,57.5118361545419,185.943634033203
13.6759259259259,57.5118361545419,177.793640136719
13.7268518518518,57.5118361545419,221.393646240234
13.7777777777778,57.5118361545419,238.623641967773
13.8287037037037,57.5118361545419,272.343627929688
13.8796296296296,57.5118361545419,291.833648681641
13.9305555555556,57.5118361545419,273.568450927734
13.9814814814815,57.5118361545419,272.758453369141
14.0324074074074,57.5118361545419,248.408447265625
14.0833333333333,57.5118361545419,244.068435668945
14.1342592592593,57.5118361545419,200.1484375
14.1851851851852,57.5118361545419,215.574432373047
14.2361111111111,57.5118361545419,252.504440307617
14.287037037037,57.5118361545419,213.184432983398
14.337962962963,57.5118361545419,197.374435424805
14.3888888888889,57.5118361545419,241.094436645508
14.4398148148148,57.5118361545419,284.661254882812
14.4907407407407,57.5118361545419,318.991241455078
14.5416666666667,57.5118361545419,325.501251220703
14.5925925925926,57.5118361545419,294.441253662109
14.6435185185185,57.5118361545419,287.53125
14.6944444444444,57.5118361545419,267.394348144531
14.7453703703704,57.5118361545419,255.694351196289
14.7962962962963,57.5118361545419,227.494338989258
14.8472222222222,57.5118361545419,236.424346923828
14.8981481481481,57.5118361545419,231.324340820312
14.9490740740741,57.5118361545419,247.514343261719
15,57.5118361545419,242.0283203125
9.5,57.4606667528104,-20.0493507385254
9.55092592592593,57.4606667528104,-14.3093509674072
9.60185185185185,57.4606667528104,-14.3803005218506
9.65277777777778,57.4606667528104,-14.2003011703491
9.7037037037037,57.4606667528104,-14.4803009033203
9.75462962962963,57.4606667528104,27.2596988677979
9.80555555555556,57.4606667528104,28.4596996307373
9.85648148148148,57.4606667528104,21.4078311920166
9.90740740740741,57.4606667528104,14.507830619812
9.95833333333333,57.4606667528104,33.1078300476074
10.0092592592593,57.4606667528104,27.1878299713135
10.0601851851852,57.4606667528104,23.8178310394287
10.1111111111111,57.4606667528104,27.0578308105469
10.162037037037,57.4606667528104,26.5658740997314
10.212962962963,57.4606667528104,26.5258750915527
10.2638888888889,57.4606667528104,57.3758735656738
10.3148148148148,57.4606667528104,62.1758766174316
10.3657407407407,57.4606667528104,40.5358734130859
10.4166666666667,57.4606667528104,30.0885906219482
10.4675925925926,57.4606667528104,22.3885898590088
10.5185185185185,57.4606667528104,-0.301409840583801
10.5694444444444,57.4606667528104,-7.31140995025635
10.6203703703704,57.4606667528104,-13.8814096450806
10.6712962962963,57.4606667528104,-23.9020977020264
10.7222222222222,57.4606667528104,-29.8520984649658
10.7731481481481,57.4606667528104,-32.6420974731445
10.8240740740741,57.4606667528104,-38.0020980834961
10.875,57.4606667528104,-37.0420989990234
10.9259259259259,57.4606667528104,-28.7375926971436
10.9768518518519,57.4606667528104,-23.8375930786133
11.0277777777778,57.4606667528104,-17.937593460083
11.0787037037037,57.4606667528104,-16.9775924682617
11.1296296296296,57.4606667528104,-17.0675926208496
11.1805555555556,57.4606667528104,-14.7975931167603
11.2314814814815,57.4606667528104,-13.0851383209229
11.2824074074074,57.4606667528104,-14.6051387786865
11.3333333333333,57.4606667528104,-43.0451393127441
11.3842592592593,57.4606667528104,-52.1451377868652
11.4351851851852,57.4606667528104,-57.1951370239258
11.4861111111111,57.4606667528104,-59.5356178283691
11.537037037037,57.4606667528104,-56.1756172180176
11.587962962963,57.4606667528104,-52.9156150817871
11.6388888888889,57.4606667528104,-47.7856178283691
11.6898148148148,57.4606667528104,-45.0456161499023
11.7407407407407,57.4606667528104,-41.032642364502
11.7916666666667,57.4606667528104,-38.1026420593262
11.8425925925926,57.4606667528104,-28.2426433563232
11.8935185185185,57.4606667528104,-16.9026432037354
11.9444444444444,57.4606667528104,22.6173572540283
11.9953703703704,57.4606667528104,28.5873565673828
12.0462962962963,57.4606667528104,14.1467666625977
12.0972222222222,57.4606667528104,4.78676700592041
12.1481481481481,57.4606667528104,17.9767665863037
12.1990740740741,57.4606667528104,31.5367660522461
12.25,57.4606667528104,39.936767578125
12.3009259259259,57.4606667528104,66.2648696899414
12.3518518518518,57.4606667528104,89.8248748779297
12.4027777777778,57.4606667528104,105.91487121582
12.4537037037037,57.4606667528104,73.3148727416992
12.5046296296296,57.4606667528104,45.6048698425293
12.5555555555556,57.4606667528104,63.8791542053223
12.6064814814815,57.4606667528104,70.0291519165039
12.6574074074074,57.4606667528104,88.6791534423828
12.7083333333333,57.4606667528104,106.049156188965
12.7592592592593,57.4606667528104,139.789154052734
12.8101851851852,57.4606667528104,176.299697875977
12.8611111111111,57.4606667528104,185.039703369141
12.912037037037,57.4606667528104,212.619705200195
12.962962962963,57.4606667528104,198.399703979492
13.0138888888889,57.4606667528104,190.189697265625
13.0648148148148,57.4606667528104,169.649703979492
13.1157407407407,57.4606667528104,150.611511230469
13.1666666666667,57.4606667528104,158.641510009766
13.2175925925926,57.4606667528104,187.271514892578
13.2685185185185,57.4606667528104,209.201507568359
13.3194444444444,57.4606667528104,191.871505737305
13.3703703703704,57.4606667528104,198.811248779297
13.4212962962963,57.4606667528104,207.221252441406
13.4722222222222,57.4606667528104,230.881256103516
13.5231481481481,57.4606667528104,240.091262817383
13.5740740740741,57.4606667528104,270.611267089844
13.625,57.4606667528104,218.019134521484
13.6759259259259,57.4606667528104,179.819137573242
13.7268518518518,57.4606667528104,227.459136962891
13.7777777777778,57.4606667528104,250.389129638672
13.8287037037037,57.4606667528104,285.049133300781
13.8796296296296,57.4606667528104,280.259124755859
13.9305555555556,57.4606667528104,265.034210205078
13.9814814814815,57.4606667528104,233.244216918945
14.0324074074074,57.4606667528104,238.944213867188
14.0833333333333,57.4606667528104,247.064224243164
14.1342592592593,57.4606667528104,191.014221191406
14.1851851851852,57.4606667528104,227.718933105469
14.2361111111111,57.4606667528104,256.758941650391
14.287037037037,57.4606667528104,204.32893371582
14.337962962963,57.4606667528104,199.798934936523
14.3888888888889,57.4606667528104,255.538940429688
14.4398148148148,57.4606667528104,256.457275390625
14.4907407407407,57.4606667528104,288.147277832031
14.5416666666667,57.4606667528104,290.187286376953
14.5925925925926,57.4606667528104,267.397277832031
14.6435185185185,57.4606667528104,249.837280273438
14.6944444444444,57.4606667528104,247.669326782227
14.7453703703704,57.4606667528104,238.299331665039
14.7962962962963,57.4606667528104,225.799331665039
14.8472222222222,57.4606667528104,249.779327392578
14.8981481481481,57.4606667528104,223.989318847656
14.9490740740741,57.4606667528104,201.97932434082
15,57.4606667528104,203.055114746094
9.5,57.409497351079,-15.2093505859375
9.55092592592593,57.409497351079,-12.9893503189087
9.60185185185185,57.409497351079,-12.33030128479
9.65277777777778,57.409497351079,-10.1003007888794
9.7037037037037,57.409497351079,0.979699075222015
9.75462962962963,57.409497351079,17.8696994781494
9.80555555555556,57.409497351079,17.9396991729736
9.85648148148148,57.409497351079,13.1278305053711
9.90740740740741,57.409497351079,14.9178304672241
9.95833333333333,57.409497351079,24.547830581665
10.0092592592593,57.409497351079,26.6778316497803
10.0601851851852,57.409497351079,29.1178302764893
10.1111111111111,57.409497351079,43.6878318786621
10.162037037037,57.409497351079,55.7758750915527
10.212962962963,57.409497351079,66.0558776855469
10.2638888888889,57.409497351079,53.6058731079102
10.3148148148148,57.409497351079,44.7358741760254
10.3657407407407,57.409497351079,60.8358764648438
10.4166666666667,57.409497351079,44.0385894775391
10.4675925925926,57.409497351079,56.8285903930664
10.5185185185185,57.409497351079,-5.43140983581543
10.5694444444444,57.409497351079,-7.81140995025635
10.6203703703704,57.409497351079,-15.4514102935791
10.6712962962963,57.409497351079,-18.0620975494385
10.7222222222222,57.409497351079,-28.8320980072021
10.7731481481481,57.409497351079,-36.8720970153809
10.8240740740741,57.409497351079,-14.17209815979
10.875,57.409497351079,-10.6920976638794
10.9259259259259,57.409497351079,-10.5175924301147
10.9768518518519,57.409497351079,-10.2175922393799
11.0277777777778,57.409497351079,-11.2475929260254
11.0787037037037,57.409497351079,-13.8275928497314
11.1296296296296,57.409497351079,-13.2275924682617
11.1805555555556,57.409497351079,-13.3975925445557
11.2314814814815,57.409497351079,-24.8151378631592
11.2824074074074,57.409497351079,-35.4751396179199
11.3333333333333,57.409497351079,-40.7351379394531
11.3842592592593,57.409497351079,-36.0351371765137
11.4351851851852,57.409497351079,-72.7051391601562
11.4861111111111,57.409497351079,-76.8356170654297
11.537037037037,57.409497351079,-55.7356147766113
11.587962962963,57.409497351079,-54.8956146240234
11.6388888888889,57.409497351079,-51.1656150817871
11.6898148148148,57.409497351079,-48.8056182861328
11.7407407407407,57.409497351079,-38.7926445007324
11.7916666666667,57.409497351079,-28.7526435852051
11.8425925925926,57.409497351079,-24.2526435852051
11.8935185185185,57.409497351079,-27.0326442718506
11.9444444444444,57.409497351079,4.66735649108887
11.9953703703704,57.409497351079,12.6273565292358
12.0462962962963,57.409497351079,-7.75323295593262
12.0972222222222,57.409497351079,-1.8432332277298
12.1481481481481,57.409497351079,25.2267665863037
12.1990740740741,57.409497351079,59.436767578125
12.25,57.409497351079,61.4767684936523
12.3009259259259,57.409497351079,62.7848701477051
12.3518518518518,57.409497351079,94.1448745727539
12.4027777777778,57.409497351079,85.5548706054688
12.4537037037037,57.409497351079,88.1448745727539
12.5046296296296,57.409497351079,37.0148696899414
12.5555555555556,57.409497351079,80.7991561889648
12.6064814814815,57.409497351079,80.0291519165039
12.6574074074074,57.409497351079,77.9691543579102
12.7083333333333,57.409497351079,104.499153137207
12.7592592592593,57.409497351079,122.679153442383
12.8101851851852,57.409497351079,161.759704589844
12.8611111111111,57.409497351079,195.099700927734
12.912037037037,57.409497351079,163.199691772461
12.962962962963,57.409497351079,178.279693603516
13.0138888888889,57.409497351079,209.239700317383
13.0648148148148,57.409497351079,177.01969909668
13.1157407407407,57.409497351079,182.13151550293
13.1666666666667,57.409497351079,163.201507568359
13.2175925925926,57.409497351079,175.871505737305
13.2685185185185,57.409497351079,184.841506958008
13.3194444444444,57.409497351079,188.711517333984
13.3703703703704,57.409497351079,202.901260375977
13.4212962962963,57.409497351079,214.37126159668
13.4722222222222,57.409497351079,250.591262817383
13.5231481481481,57.409497351079,263.661254882812
13.5740740740741,57.409497351079,219.161254882812
13.625,57.409497351079,168.169128417969
13.6759259259259,57.409497351079,190.459136962891
13.7268518518518,57.409497351079,204.669128417969
13.7777777777778,57.409497351079,207.669128417969
13.8287037037037,57.409497351079,239.319137573242
13.8796296296296,57.409497351079,225.899139404297
13.9305555555556,57.409497351079,211.964218139648
13.9814814814815,57.409497351079,206.344223022461
14.0324074074074,57.409497351079,185.384216308594
14.0833333333333,57.409497351079,206.794219970703
14.1342592592593,57.409497351079,178.204223632812
14.1851851851852,57.409497351079,197.408935546875
14.2361111111111,57.409497351079,205.268936157227
14.287037037037,57.409497351079,181.178939819336
14.337962962963,57.409497351079,191.73893737793
14.3888888888889,57.409497351079,218.118942260742
14.4398148148148,57.409497351079,210.027282714844
14.4907407407407,57.409497351079,221.697280883789
14.5416666666667,57.409497351079,220.567276000977
14.5925925925926,57.409497351079,225.017272949219
14.6435185185185,57.409497351079,221.37727355957
14.6944444444444,57.409497351079,231.379318237305
14.7453703703704,57.409497351079,248.469329833984
14.7962962962963,57.409497351079,244.349319458008
14.8472222222222,57.409497351079,246.269317626953
14.8981481481481,57.409497351079,210.97932434082
14.9490740740741,57.409497351079,204.099319458008
15,57.409497351079,215.715118408203
9.5,57.3583279493475,-13.2693510055542
9.55092592592593,57.3583279493475,-13.1493511199951
9.60185185185185,57.3583279493475,-12.6003007888794
9.65277777777778,57.3583279493475,0.939699113368988
9.7037037037037,57.3583279493475,5.87969923019409
9.75462962962963,57.3583279493475,10.0196990966797
9.80555555555556,57.3583279493475,12.8396987915039
9.85648148148148,57.3583279493475,16.7278308868408
9.90740740740741,57.3583279493475,15.3978309631348
9.95833333333333,57.3583279493475,24.7678298950195
10.0092592592593,57.3583279493475,28.3578300476074
10.0601851851852,57.3583279493475,33.3478317260742
10.1111111111111,57.3583279493475,56.7078323364258
10.162037037037,57.3583279493475,41.1058731079102
10.212962962963,57.3583279493475,40.195873260498
10.2638888888889,57.3583279493475,47.1258735656738
10.3148148148148,57.3583279493475,42.0158767700195
10.3657407407407,57.3583279493475,52.9558753967285
10.4166666666667,57.3583279493475,30.2385902404785
10.4675925925926,57.3583279493475,41.4185905456543
10.5185185185185,57.3583279493475,-4.42140960693359
10.5694444444444,57.3583279493475,-6.16140985488892
10.6203703703704,57.3583279493475,-14.1614093780518
10.6712962962963,57.3583279493475,-16.4420986175537
10.7222222222222,57.3583279493475,-28.092098236084
10.7731481481481,57.3583279493475,-32.5520973205566
10.8240740740741,57.3583279493475,-10.6420984268188
10.875,57.3583279493475,-8.70209789276123
10.9259259259259,57.3583279493475,-5.47759246826172
10.9768518518519,57.3583279493475,-6.57759284973145
11.0277777777778,57.3583279493475,-7.89759254455566
11.0787037037037,57.3583279493475,-9.29759311676025
11.1296296296296,57.3583279493475,-10.3675928115845
11.1805555555556,57.3583279493475,-8.00759315490723
11.2314814814815,57.3583279493475,-12.2651386260986
11.2824074074074,57.3583279493475,-34.9051399230957
11.3333333333333,57.3583279493475,-46.6751403808594
11.3842592592593,57.3583279493475,-53.1551399230957
11.4351851851852,57.3583279493475,-68.9751358032227
11.4861111111111,57.3583279493475,-70.4856185913086
11.537037037037,57.3583279493475,-63.0356178283691
11.587962962963,57.3583279493475,-61.7456169128418
11.6388888888889,57.3583279493475,-58.4656181335449
11.6898148148148,57.3583279493475,-54.5856170654297
11.7407407407407,57.3583279493475,-43.9926452636719
11.7916666666667,57.3583279493475,-33.7926445007324
11.8425925925926,57.3583279493475,-28.7626438140869
11.8935185185185,57.3583279493475,-29.1926441192627
11.9444444444444,57.3583279493475,-2.6826434135437
11.9953703703704,57.3583279493475,-5.50264358520508
12.0462962962963,57.3583279493475,-10.6332330703735
12.0972222222222,57.3583279493475,5.86676692962646
12.1481481481481,57.3583279493475,25.20676612854
12.1990740740741,57.3583279493475,28.3567676544189
12.25,57.3583279493475,54.8267669677734
12.3009259259259,57.3583279493475,59.4848709106445
12.3518518518518,57.3583279493475,68.4748687744141
12.4027777777778,57.3583279493475,80.2748718261719
12.4537037037037,57.3583279493475,44.8948707580566
12.5046296296296,57.3583279493475,23.0648708343506
12.5555555555556,57.3583279493475,53.1491546630859
12.6064814814815,57.3583279493475,110.369155883789
12.6574074074074,57.3583279493475,151.519149780273
12.7083333333333,57.3583279493475,140.919158935547
12.7592592592593,57.3583279493475,132.569152832031
12.8101851851852,57.3583279493475,167.119705200195
12.8611111111111,57.3583279493475,186.039703369141
12.912037037037,57.3583279493475,172.789703369141
12.962962962963,57.3583279493475,195.239700317383
13.0138888888889,57.3583279493475,182.659698486328
13.0648148148148,57.3583279493475,144.029693603516
13.1157407407407,57.3583279493475,167.481506347656
13.1666666666667,57.3583279493475,151.411514282227
13.2175925925926,57.3583279493475,157.47151184082
13.2685185185185,57.3583279493475,172.031509399414
13.3194444444444,57.3583279493475,191.811508178711
13.3703703703704,57.3583279493475,216.701263427734
13.4212962962963,57.3583279493475,208.691253662109
13.4722222222222,57.3583279493475,202.21125793457
13.5231481481481,57.3583279493475,220.941253662109
13.5740740740741,57.3583279493475,187.241256713867
13.625,57.3583279493475,170.979141235352
13.6759259259259,57.3583279493475,188.669128417969
13.7268518518518,57.3583279493475,180.039138793945
13.7777777777778,57.3583279493475,190.869140625
13.8287037037037,57.3583279493475,251.869140625
13.8796296296296,57.3583279493475,244.679138183594
13.9305555555556,57.3583279493475,164.064224243164
13.9814814814815,57.3583279493475,173.674224853516
14.0324074074074,57.3583279493475,175.294219970703
14.0833333333333,57.3583279493475,197.454223632812
14.1342592592593,57.3583279493475,177.404220581055
14.1851851851852,57.3583279493475,196.548934936523
14.2361111111111,57.3583279493475,182.148941040039
14.287037037037,57.3583279493475,179.718933105469
14.337962962963,57.3583279493475,193.82893371582
14.3888888888889,57.3583279493475,232.458938598633
14.4398148148148,57.3583279493475,223.467269897461
14.4907407407407,57.3583279493475,204.317276000977
14.5416666666667,57.3583279493475,225.907272338867
14.5925925925926,57.3583279493475,215.737274169922
14.6435185185185,57.3583279493475,217.167282104492
14.6944444444444,57.3583279493475,232.689331054688
14.7453703703704,57.3583279493475,245.789321899414
14.7962962962963,57.3583279493475,234.159317016602
14.8472222222222,57.3583279493475,239.97932434082
14.8981481481481,57.3583279493475,219.699325561523
14.9490740740741,57.3583279493475,228.839324951172
15,57.3583279493475,234.025115966797
9.5,57.307158547616,-13.0193510055542
9.55092592592593,57.307158547616,-7.89935064315796
9.60185185185185,57.307158547616,5.84969902038574
9.65277777777778,57.307158547616,22.2696990966797
9.7037037037037,57.307158547616,16.8896999359131
9.75462962962963,57.307158547616,3.63969898223877
9.80555555555556,57.307158547616,11.3796987533569
9.85648148148148,57.307158547616,17.0678310394287
9.90740740740741,57.307158547616,12.8578310012817
9.95833333333333,57.307158547616,25.2578315734863
10.0092592592593,57.307158547616,23.0678310394287
10.0601851851852,57.307158547616,38.3678321838379
10.1111111111111,57.307158547616,48.2278289794922
10.162037037037,57.307158547616,73.0958786010742
10.212962962963,57.307158547616,63.3858757019043
10.2638888888889,57.307158547616,17.175874710083
10.3148148148148,57.307158547616,22.1158752441406
10.3657407407407,57.307158547616,25.6358757019043
10.4166666666667,57.307158547616,19.8385906219482
10.4675925925926,57.307158547616,25.3585910797119
10.5185185185185,57.307158547616,-0.941409826278687
10.5694444444444,57.307158547616,-6.3914098739624
10.6203703703704,57.307158547616,-12.9114093780518
10.6712962962963,57.307158547616,-18.6220989227295
10.7222222222222,57.307158547616,-27.0120983123779
10.7731481481481,57.307158547616,-6.24209785461426
10.8240740740741,57.307158547616,-5.00209808349609
10.875,57.307158547616,-3.46209812164307
10.9259259259259,57.307158547616,5.99240732192993
10.9768518518519,57.307158547616,7.62240743637085
11.0277777777778,57.307158547616,4.43240737915039
11.0787037037037,57.307158547616,0.922407329082489
11.1296296296296,57.307158547616,-0.777592718601227
11.1805555555556,57.307158547616,-1.26759266853333
11.2314814814815,57.307158547616,-10.0051383972168
11.2824074074074,57.307158547616,-28.9351387023926
11.3333333333333,57.307158547616,-57.7251396179199
11.3842592592593,57.307158547616,-53.4451370239258
11.4351851851852,57.307158547616,-78.3651351928711
11.4861111111111,57.307158547616,-77.2256164550781
11.537037037037,57.307158547616,-73.4156188964844
11.587962962963,57.307158547616,-71.7356185913086
11.6388888888889,57.307158547616,-61.7756156921387
11.6898148148148,57.307158547616,-51.2456169128418
11.7407407407407,57.307158547616,-49.9926452636719
11.7916666666667,57.307158547616,-52.842643737793
11.8425925925926,57.307158547616,-48.8826446533203
11.8935185185185,57.307158547616,-37.4926452636719
11.9444444444444,57.307158547616,-36.0826416015625
11.9953703703704,57.307158547616,-32.782642364502
12.0462962962963,57.307158547616,-22.5832328796387
12.0972222222222,57.307158547616,-12.9032335281372
12.1481481481481,57.307158547616,5.2067666053772
12.1990740740741,57.307158547616,15.0867671966553
12.25,57.307158547616,58.5567665100098
12.3009259259259,57.307158547616,47.4848709106445
12.3518518518518,57.307158547616,61.0848693847656
12.4027777777778,57.307158547616,83.1348724365234
12.4537037037037,57.307158547616,103.474868774414
12.5046296296296,57.307158547616,26.3448715209961
12.5555555555556,57.307158547616,58.2291526794434
12.6064814814815,57.307158547616,109.659156799316
12.6574074074074,57.307158547616,134.159149169922
12.7083333333333,57.307158547616,171.619155883789
12.7592592592593,57.307158547616,167.289154052734
12.8101851851852,57.307158547616,149.689697265625
12.8611111111111,57.307158547616,167.819702148438
12.912037037037,57.307158547616,180.169692993164
12.962962962963,57.307158547616,171.129699707031
13.0138888888889,57.307158547616,140.559692382812
13.0648148148148,57.307158547616,142.35969543457
13.1157407407407,57.307158547616,140.561508178711
13.1666666666667,57.307158547616,145.321517944336
13.2175925925926,57.307158547616,149.121505737305
13.2685185185185,57.307158547616,164.011520385742
13.3194444444444,57.307158547616,168.691513061523
13.3703703703704,57.307158547616,171.171249389648
13.4212962962963,57.307158547616,188.161254882812
13.4722222222222,57.307158547616,193.03125
13.5231481481481,57.307158547616,158.901260375977
13.5740740740741,57.307158547616,155.141250610352
13.625,57.307158547616,159.449127197266
13.6759259259259,57.307158547616,167.399139404297
13.7268518518518,57.307158547616,170.229141235352
13.7777777777778,57.307158547616,218.759140014648
13.8287037037037,57.307158547616,170.249130249023
13.8796296296296,57.307158547616,166.049133300781
13.9305555555556,57.307158547616,167.114212036133
13.9814814814815,57.307158547616,166.984222412109
14.0324074074074,57.307158547616,170.884216308594
14.0833333333333,57.307158547616,165.82421875
14.1342592592593,57.307158547616,166.094223022461
14.1851851851852,57.307158547616,186.918930053711
14.2361111111111,57.307158547616,171.908935546875
14.287037037037,57.307158547616,180.628936767578
14.337962962963,57.307158547616,187.048934936523
14.3888888888889,57.307158547616,195.118942260742
14.4398148148148,57.307158547616,201.62727355957
14.4907407407407,57.307158547616,206.217269897461
14.5416666666667,57.307158547616,200.857269287109
14.5925925925926,57.307158547616,232.317276000977
14.6435185185185,57.307158547616,236.457275390625
14.6944444444444,57.307158547616,229.519317626953
14.7453703703704,57.307158547616,234.629318237305
14.7962962962963,57.307158547616,224.459320068359
14.8472222222222,57.307158547616,219.799331665039
14.8981481481481,57.307158547616,244.809326171875
14.9490740740741,57.307158547616,256.629333496094
15,57.307158547616,266.725128173828
9.5,57.2559891458845,-10.9793510437012
9.55092592592593,57.2559891458845,6.12064933776855
9.60185185185185,57.2559891458845,16.6396999359131
9.65277777777778,57.2559891458845,6.86969900131226
9.7037037037037,57.2559891458845,6.20969915390015
9.75462962962963,57.2559891458845,4.26969909667969
9.80555555555556,57.2559891458845,5.5396990776062
9.85648148148148,57.2559891458845,5.63783073425293
9.90740740740741,57.2559891458845,7.39783048629761
9.95833333333333,57.2559891458845,17.6778316497803
10.0092592592593,57.2559891458845,31.6978302001953
10.0601851851852,57.2559891458845,35.0378303527832
10.1111111111111,57.2559891458845,30.4778308868408
10.162037037037,57.2559891458845,39.2758750915527
10.212962962963,57.2559891458845,73.1758728027344
10.2638888888889,57.2559891458845,17.0858745574951
10.3148148148148,57.2559891458845,12.6258745193481
10.3657407407407,57.2559891458845,12.5858745574951
10.4166666666667,57.2559891458845,36.0885887145996
10.4675925925926,57.2559891458845,25.268590927124
10.5185185185185,57.2559891458845,-0.701409816741943
10.5694444444444,57.2559891458845,-7.15140962600708
10.6203703703704,57.2559891458845,-7.6414098739624
10.6712962962963,57.2559891458845,-18.7220973968506
10.7222222222222,57.2559891458845,-19.3220977783203
10.7731481481481,57.2559891458845,-14.1220979690552
10.8240740740741,57.2559891458845,-4.27209806442261
10.875,57.2559891458845,-0.262098073959351
10.9259259259259,57.2559891458845,1.66240727901459
10.9768518518519,57.2559891458845,2.5924072265625
11.0277777777778,57.2559891458845,1.51240730285645
11.0787037037037,57.2559891458845,0.332407295703888
11.1296296296296,57.2559891458845,-1.18759274482727
11.1805555555556,57.2559891458845,-3.41759276390076
11.2314814814815,57.2559891458845,-8.46513843536377
11.2824074074074,57.2559891458845,-21.0851383209229
11.3333333333333,57.2559891458845,-68.0851364135742
11.3842592592593,57.2559891458845,-79.885139465332
11.4351851851852,57.2559891458845,-60.0351371765137
11.4861111111111,57.2559891458845,-60.4956169128418
11.537037037037,57.2559891458845,-63.1956176757812
11.587962962963,57.2559891458845,-65.6956176757812
11.6388888888889,57.2559891458845,-68.5156173706055
11.6898148148148,57.2559891458845,-57.0256156921387
11.7407407407407,57.2559891458845,-44.7426452636719
11.7916666666667,57.2559891458845,-41.5126419067383
11.8425925925926,57.2559891458845,-52.342643737793
11.8935185185185,57.2559891458845,-66.4126434326172
11.9444444444444,57.2559891458845,-50.152645111084
11.9953703703704,57.2559891458845,-41.152645111084
12.0462962962963,57.2559891458845,-25.3932323455811
12.0972222222222,57.2559891458845,-9.60323333740234
12.1481481481481,57.2559891458845,12.2767667770386
12.1990740740741,57.2559891458845,7.83676671981812
12.25,57.2559891458845,33.436767578125
12.3009259259259,57.2559891458845,20.0348720550537
12.3518518518518,57.2559891458845,24.3148708343506
12.4027777777778,57.2559891458845,76.0448684692383
12.4537037037037,57.2559891458845,74.2848739624023
12.5046296296296,57.2559891458845,95.5748748779297
12.5555555555556,57.2559891458845,58.5791549682617
12.6064814814815,57.2559891458845,119.309150695801
12.6574074074074,57.2559891458845,133.859161376953
12.7083333333333,57.2559891458845,163.719146728516
12.7592592592593,57.2559891458845,156.059158325195
12.8101851851852,57.2559891458845,143.599700927734
12.8611111111111,57.2559891458845,132.559692382812
12.912037037037,57.2559891458845,171.799697875977
12.962962962963,57.2559891458845,154.309692382812
13.0138888888889,57.2559891458845,139.439697265625
13.0648148148148,57.2559891458845,152.719696044922
13.1157407407407,57.2559891458845,140.821517944336
13.1666666666667,57.2559891458845,134.941513061523
13.2175925925926,57.2559891458845,139.321517944336
13.2685185185185,57.2559891458845,151.72151184082
13.3194444444444,57.2559891458845,164.821517944336
13.3703703703704,57.2559891458845,174.391250610352
13.4212962962963,57.2559891458845,170.101257324219
13.4722222222222,57.2559891458845,166.571258544922
13.5231481481481,57.2559891458845,150.311248779297
13.5740740740741,57.2559891458845,151.581253051758
13.625,57.2559891458845,173.809127807617
13.6759259259259,57.2559891458845,187.159133911133
13.7268518518518,57.2559891458845,191.059127807617
13.7777777777778,57.2559891458845,170.809127807617
13.8287037037037,57.2559891458845,174.099136352539
13.8796296296296,57.2559891458845,160.179138183594
13.9305555555556,57.2559891458845,165.424224853516
13.9814814814815,57.2559891458845,168.264221191406
14.0324074074074,57.2559891458845,175.304214477539
14.0833333333333,57.2559891458845,162.014221191406
14.1342592592593,57.2559891458845,166.214218139648
14.1851851851852,57.2559891458845,193.098937988281
14.2361111111111,57.2559891458845,177.388931274414
14.287037037037,57.2559891458845,191.858932495117
14.337962962963,57.2559891458845,204.438934326172
14.3888888888889,57.2559891458845,188.898941040039
14.4398148148148,57.2559891458845,218.387283325195
14.4907407407407,57.2559891458845,209.847274780273
14.5416666666667,57.2559891458845,210.347274780273
14.5925925925926,57.2559891458845,213.577270507812
14.6435185185185,57.2559891458845,218.247283935547
14.6944444444444,57.2559891458845,220.539321899414
14.7453703703704,57.2559891458845,235.819320678711
14.7962962962963,57.2559891458845,222.249328613281
14.8472222222222,57.2559891458845,248.13932800293
14.8981481481481,57.2559891458845,276.599334716797
14.9490740740741,57.2559891458845,233.059326171875
15,57.2559891458845,223.355117797852
9.5,57.204819744153,8.45737743377686
9.55092592592593,57.204819744153,8.75737762451172
9.60185185185185,57.204819744153,6.8787088394165
9.65277777777778,57.204819744153,5.75870847702026
9.7037037037037,57.204819744153,2.03870868682861
9.75462962962963,57.204819744153,6.3187084197998
9.80555555555556,57.204819744153,5.74870872497559
9.85648148148148,57.204819744153,4.36597967147827
9.90740740740741,57.204819744153,6.29597997665405
9.95833333333333,57.204819744153,12.1159801483154
10.0092592592593,57.204819744153,12.5159797668457
10.0601851851852,57.204819744153,13.2259798049927
10.1111111111111,57.204819744153,17.2559795379639
10.162037037037,57.204819744153,28.2976188659668
10.212962962963,57.204819744153,37.9576187133789
10.2638888888889,57.204819744153,56.9276161193848
10.3148148148148,57.204819744153,46.9876174926758
10.3657407407407,57.204819744153,15.4876174926758
10.4166666666667,57.204819744153,4.0934009552002
10.4675925925926,57.204819744153,-2.05659914016724
10.5185185185185,57.204819744153,-7.27659893035889
10.5694444444444,57.204819744153,-8.03659915924072
10.6203703703704,57.204819744153,-9.64659881591797
10.6712962962963,57.204819744153,-15.1491394042969
10.7222222222222,57.204819744153,-17.2191390991211
10.7731481481481,57.204819744153,-7.88913917541504
10.8240740740741,57.204819744153,-4.78913879394531
10.875,57.204819744153,-3.95913887023926
10.9259259259259,57.204819744153,-0.746376097202301
10.9768518518519,57.204819744153,-0.766376137733459
11.0277777777778,57.204819744153,-1.12637615203857
11.0787037037037,57.204819744153,-2.46637606620789
11.1296296296296,57.204819744153,-3.37637615203857
11.1805555555556,57.204819744153,-2.94637608528137
11.2314814814815,57.204819744153,-4.86868524551392
11.2824074074074,57.204819744153,-7.31868553161621
11.3333333333333,57.204819744153,-39.6986846923828
11.3842592592593,57.204819744153,-64.5586853027344
11.4351851851852,57.204819744153,-64.5286865234375
11.4861111111111,57.204819744153,-39.0371932983398
11.537037037037,57.204819744153,-53.6871910095215
11.587962962963,57.204819744153,-48.8071937561035
11.6388888888889,57.204819744153,-62.3071937561035
11.6898148148148,57.204819744153,-43.7771911621094
11.7407407407407,57.204819744153,-15.5188770294189
11.7916666666667,57.204819744153,-16.5488777160645
11.8425925925926,57.204819744153,-55.7188758850098
11.8935185185185,57.204819744153,-50.8188781738281
11.9444444444444,57.204819744153,-56.3988761901855
11.9953703703704,57.204819744153,-55.038875579834
12.0462962962963,57.204819744153,-33.2007293701172
12.0972222222222,57.204819744153,-20.400728225708
12.1481481481481,57.204819744153,-5.45072841644287
12.1990740740741,57.204819744153,2.24927139282227
12.25,57.204819744153,37.7492713928223
12.3009259259259,57.204819744153,26.0835876464844
12.3518518518518,57.204819744153,50.3935890197754
12.4027777777778,57.204819744153,68.3535919189453
12.4537037037037,57.204819744153,54.8735885620117
12.5046296296296,57.204819744153,87.1535873413086
12.5555555555556,57.204819744153,117.634880065918
12.6064814814815,57.204819744153,127.144874572754
12.6574074074074,57.204819744153,132.654876708984
12.7083333333333,57.204819744153,120.24488067627
12.7592592592593,57.204819744153,117.114875793457
12.8101851851852,57.204819744153,136.154159545898
12.8611111111111,57.204819744153,141.51416015625
12.912037037037,57.204819744153,136.994155883789
12.962962962963,57.204819744153,130.064163208008
13.0138888888889,57.204819744153,158.614166259766
13.0648148148148,57.204819744153,141.324157714844
13.1157407407407,57.204819744153,148.826080322266
13.1666666666667,57.204819744153,135.246078491211
13.2175925925926,57.204819744153,152.22607421875
13.2685185185185,57.204819744153,168.096069335938
13.3194444444444,57.204819744153,145.036071777344
13.3703703703704,57.204819744153,145.78547668457
13.4212962962963,57.204819744153,159.675476074219
13.4722222222222,57.204819744153,154.515472412109
13.5231481481481,57.204819744153,155.185470581055
13.5740740740741,57.204819744153,152.955474853516
13.625,57.204819744153,155
13.6759259259259,57.204819744153,153.600006103516
13.7268518518518,57.204819744153,163.550003051758
13.7777777777778,57.204819744153,159.559997558594
13.8287037037037,57.204819744153,157.809997558594
13.8796296296296,57.204819744153,157.589996337891
13.9305555555556,57.204819744153,165.902496337891
13.9814814814815,57.204819744153,176.402496337891
14.0324074074074,57.204819744153,188.082489013672
14.0833333333333,57.204819744153,152.102493286133
14.1342592592593,57.204819744153,170.512496948242
14.1851851851852,57.204819744153,192.077224731445
14.2361111111111,57.204819744153,231.967224121094
14.287037037037,57.204819744153,206.267227172852
14.337962962963,57.204819744153,193.667236328125
14.3888888888889,57.204819744153,200.007232666016
14.4398148148148,57.204819744153,212.520584106445
14.4907407407407,57.204819744153,215.76057434082
14.5416666666667,57.204819744153,220.17057800293
14.5925925925926,57.204819744153,210.560577392578
14.6435185185185,57.204819744153,209.230575561523
14.6944444444444,57.204819744153,233.760208129883
14.7453703703704,57.204819744153,227.080215454102
14.7962962962963,57.204819744153,191.160217285156
14.8472222222222,57.204819744153,216.570205688477
14.8981481481481,57.204819744153,226.680206298828
14.9490740740741,57.204819744153,250.97021484375
15,57.204819744153,206.321014404297
9.5,57.1536503424215,6.88737726211548
9.55092592592593,57.1536503424215,4.0673770904541
9.60185185185185,57.1536503424215,3.89870858192444
9.65277777777778,57.1536503424215,3.14870858192444
9.7037037037037,57.1536503424215,2.63870859146118
9.75462962962963,57.1536503424215,4.69870853424072
9.80555555555556,57.1536503424215,10.7787084579468
9.85648148148148,57.1536503424215,7.52597999572754
9.90740740740741,57.1536503424215,5.17597961425781
9.95833333333333,57.1536503424215,23.0059795379639
10.0092592592593,57.1536503424215,34.495979309082
10.0601851851852,57.1536503424215,12.5859794616699
10.1111111111111,57.1536503424215,12.8759794235229
10.162037037037,57.1536503424215,21.1776180267334
10.212962962963,57.1536503424215,24.5876178741455
10.2638888888889,57.1536503424215,17.2476177215576
10.3148148148148,57.1536503424215,15.1376180648804
10.3657407407407,57.1536503424215,9.02761840820312
10.4166666666667,57.1536503424215,-2.98659920692444
10.4675925925926,57.1536503424215,-5.91659927368164
10.5185185185185,57.1536503424215,-8.79659938812256
10.5694444444444,57.1536503424215,-8.17659950256348
10.6203703703704,57.1536503424215,-10.6665992736816
10.6712962962963,57.1536503424215,-15.309139251709
10.7222222222222,57.1536503424215,-17.0691394805908
10.7731481481481,57.1536503424215,-13.019139289856
10.8240740740741,57.1536503424215,-5.52913904190063
10.875,57.1536503424215,-4.48913908004761
10.9259259259259,57.1536503424215,-3.06637620925903
10.9768518518519,57.1536503424215,-3.15637612342834
11.0277777777778,57.1536503424215,-3.78637599945068
11.0787037037037,57.1536503424215,-4.36637592315674
11.1296296296296,57.1536503424215,-3.8463761806488
11.1805555555556,57.1536503424215,-4.18637609481812
11.2314814814815,57.1536503424215,-5.83868551254272
11.2824074074074,57.1536503424215,-5.61868524551392
11.3333333333333,57.1536503424215,-12.8986854553223
11.3842592592593,57.1536503424215,-29.6386852264404
11.4351851851852,57.1536503424215,-64.0286865234375
11.4861111111111,57.1536503424215,-45.8671913146973
11.537037037037,57.1536503424215,-31.9271926879883
11.587962962963,57.1536503424215,-32.3671913146973
11.6388888888889,57.1536503424215,-46.7671928405762
11.6898148148148,57.1536503424215,-34.5771903991699
11.7407407407407,57.1536503424215,-19.6088771820068
11.7916666666667,57.1536503424215,-17.9588775634766
11.8425925925926,57.1536503424215,-53.7588768005371
11.8935185185185,57.1536503424215,-54.6688766479492
11.9444444444444,57.1536503424215,-57.1088790893555
11.9953703703704,57.1536503424215,-56.4488754272461
12.0462962962963,57.1536503424215,-36.5807304382324
12.0972222222222,57.1536503424215,-24.1407279968262
12.1481481481481,57.1536503424215,-8.35072898864746
12.1990740740741,57.1536503424215,-2.8507285118103
12.25,57.1536503424215,8.53927135467529
12.3009259259259,57.1536503424215,25.0435886383057
12.3518518518518,57.1536503424215,31.5735874176025
12.4027777777778,57.1536503424215,29.5335884094238
12.4537037037037,57.1536503424215,45.6635894775391
12.5046296296296,57.1536503424215,93.3635864257812
12.5555555555556,57.1536503424215,100.354881286621
12.6064814814815,57.1536503424215,112.964881896973
12.6574074074074,57.1536503424215,122.984878540039
12.7083333333333,57.1536503424215,98.2648773193359
12.7592592592593,57.1536503424215,111.174880981445
12.8101851851852,57.1536503424215,148.914154052734
12.8611111111111,57.1536503424215,140.814163208008
12.912037037037,57.1536503424215,140.054168701172
12.962962962963,57.1536503424215,125.864158630371
13.0138888888889,57.1536503424215,146.834167480469
13.0648148148148,57.1536503424215,153.384155273438
13.1157407407407,57.1536503424215,137.436080932617
13.1666666666667,57.1536503424215,142.916076660156
13.2175925925926,57.1536503424215,129.486083984375
13.2685185185185,57.1536503424215,138.826080322266
13.3194444444444,57.1536503424215,138.896072387695
13.3703703703704,57.1536503424215,153.635467529297
13.4212962962963,57.1536503424215,164.065475463867
13.4722222222222,57.1536503424215,182.145477294922
13.5231481481481,57.1536503424215,170.295471191406
13.5740740740741,57.1536503424215,165.495468139648
13.625,57.1536503424215,164.75
13.6759259259259,57.1536503424215,146.490005493164
13.7268518518518,57.1536503424215,162.389999389648
13.7777777777778,57.1536503424215,152.570007324219
13.8287037037037,57.1536503424215,160.020004272461
13.8796296296296,57.1536503424215,156.229995727539
13.9305555555556,57.1536503424215,196.032501220703
13.9814814814815,57.1536503424215,183.63249206543
14.0324074074074,57.1536503424215,163.652496337891
14.0833333333333,57.1536503424215,145.622497558594
14.1342592592593,57.1536503424215,168.412490844727
14.1851851851852,57.1536503424215,196.937225341797
14.2361111111111,57.1536503424215,221.857223510742
14.287037037037,57.1536503424215,192.547225952148
14.337962962963,57.1536503424215,189.677230834961
14.3888888888889,57.1536503424215,194.067230224609
14.4398148148148,57.1536503424215,196.900573730469
14.4907407407407,57.1536503424215,220.880584716797
14.5416666666667,57.1536503424215,220.340576171875
14.5925925925926,57.1536503424215,213.800582885742
14.6435185185185,57.1536503424215,213.360580444336
14.6944444444444,57.1536503424215,245.640213012695
14.7453703703704,57.1536503424215,257.190216064453
14.7962962962963,57.1536503424215,191.500213623047
14.8472222222222,57.1536503424215,203.940216064453
14.8981481481481,57.1536503424215,219.670211791992
14.9490740740741,57.1536503424215,226.97021484375
15,57.1536503424215,197.781005859375
9.5,57.10248094069,3.16737723350525
9.55092592592593,57.10248094069,8.85737705230713
9.60185185185185,57.10248094069,-0.321291387081146
9.65277777777778,57.10248094069,1.53870856761932
9.7037037037037,57.10248094069,7.72870874404907
9.75462962962963,57.10248094069,-0.191291376948357
9.80555555555556,57.10248094069,0.178708612918854
9.85648148148148,57.10248094069,2.09597992897034
9.90740740740741,57.10248094069,13.6559801101685
9.95833333333333,57.10248094069,0.525979816913605
10.0092592592593,57.10248094069,1.11597979068756
10.0601851851852,57.10248094069,6.29597997665405
10.1111111111111,57.10248094069,12.4059801101685
10.162037037037,57.10248094069,16.1576175689697
10.212962962963,57.10248094069,11.2176179885864
10.2638888888889,57.10248094069,8.8676176071167
10.3148148148148,57.10248094069,7.69761800765991
10.3657407407407,57.10248094069,1.18761789798737
10.4166666666667,57.10248094069,-7.69659900665283
10.4675925925926,57.10248094069,-7.55659914016724
10.5185185185185,57.10248094069,-8.67659950256348
10.5694444444444,57.10248094069,-8.33659934997559
10.6203703703704,57.10248094069,-8.58659934997559
10.6712962962963,57.10248094069,-12.9791393280029
10.7222222222222,57.10248094069,-13.349139213562
10.7731481481481,57.10248094069,-13.7991390228271
10.8240740740741,57.10248094069,-10.6791391372681
10.875,57.10248094069,-9.97913932800293
10.9259259259259,57.10248094069,-7.48637628555298
10.9768518518519,57.10248094069,-6.31637620925903
11.0277777777778,57.10248094069,-6.02637624740601
11.0787037037037,57.10248094069,-5.88637590408325
11.1296296296296,57.10248094069,-5.86637592315674
11.1805555555556,57.10248094069,-7.36637592315674
11.2314814814815,57.10248094069,-6.65868520736694
11.2824074074074,57.10248094069,-8.68868541717529
11.3333333333333,57.10248094069,-9.56868553161621
11.3842592592593,57.10248094069,-8.71868515014648
11.4351851851852,57.10248094069,-23.4486846923828
11.4861111111111,57.10248094069,-42.2271919250488
11.537037037037,57.10248094069,-29.2071914672852
11.587962962963,57.10248094069,-23.0771923065186
11.6388888888889,57.10248094069,-35.2871932983398
11.6898148148148,57.10248094069,-38.2771911621094
11.7407407407407,57.10248094069,-50.0588760375977
11.7916666666667,57.10248094069,-63.7788772583008
11.8425925925926,57.10248094069,-53.5788764953613
11.8935185185185,57.10248094069,-49.9588775634766
11.9444444444444,57.10248094069,-54.2988777160645
11.9953703703704,57.10248094069,-55.8288764953613
12.0462962962963,57.10248094069,-49.8007278442383
12.0972222222222,57.10248094069,-40.5807304382324
12.1481481481481,57.10248094069,-27.2107276916504
12.1990740740741,57.10248094069,-21.070728302002
12.25,57.10248094069,4.05927133560181
12.3009259259259,57.10248094069,17.2035884857178
12.3518518518518,57.10248094069,27.6635875701904
12.4027777777778,57.10248094069,34.3035888671875
12.4537037037037,57.10248094069,76.4235916137695
12.5046296296296,57.10248094069,69.793586730957
12.5555555555556,57.10248094069,70.2148818969727
12.6064814814815,57.10248094069,72.884880065918
12.6574074074074,57.10248094069,52.0348777770996
12.7083333333333,57.10248094069,112.314880371094
12.7592592592593,57.10248094069,127.224876403809
12.8101851851852,57.10248094069,109.444160461426
12.8611111111111,57.10248094069,119.684158325195
12.912037037037,57.10248094069,129.634155273438
12.962962962963,57.10248094069,132.464157104492
13.0138888888889,57.10248094069,139.464157104492
13.0648148148148,57.10248094069,143.76416015625
13.1157407407407,57.10248094069,132.006072998047
13.1666666666667,57.10248094069,127.686073303223
13.2175925925926,57.10248094069,138.876083374023
13.2685185185185,57.10248094069,142.566070556641
13.3194444444444,57.10248094069,167.006072998047
13.3703703703704,57.10248094069,160.725479125977
13.4212962962963,57.10248094069,162.335479736328
13.4722222222222,57.10248094069,166.385467529297
13.5231481481481,57.10248094069,164.575469970703
13.5740740740741,57.10248094069,177.125473022461
13.625,57.10248094069,180.150009155273
13.6759259259259,57.10248094069,168.900009155273
13.7268518518518,57.10248094069,146.869995117188
13.7777777777778,57.10248094069,142.960006713867
13.8287037037037,57.10248094069,149.669998168945
13.8796296296296,57.10248094069,156.029998779297
13.9305555555556,57.10248094069,182.362487792969
13.9814814814815,57.10248094069,162.3125
14.0324074074074,57.10248094069,141.682495117188
14.0833333333333,57.10248094069,149.22248840332
14.1342592592593,57.10248094069,149.912490844727
14.1851851851852,57.10248094069,163.427230834961
14.2361111111111,57.10248094069,166.567230224609
14.287037037037,57.10248094069,172.047225952148
14.337962962963,57.10248094069,176.867233276367
14.3888888888889,57.10248094069,183.277236938477
14.4398148148148,57.10248094069,207.150573730469
14.4907407407407,57.10248094069,237.250579833984
14.5416666666667,57.10248094069,235.42057800293
14.5925925925926,57.10248094069,194.970581054688
14.6435185185185,57.10248094069,212.400573730469
14.6944444444444,57.10248094069,208.340209960938
14.7453703703704,57.10248094069,193.380218505859
14.7962962962963,57.10248094069,181.950210571289
14.8472222222222,57.10248094069,180.520217895508
14.8981481481481,57.10248094069,178.400207519531
14.9490740740741,57.10248094069,196.520217895508
15,57.10248094069,191.671005249023
9.5,57.0513115389585,-0.472622752189636
9.55092592592593,57.0513115389585,5.20737743377686
9.60185185185185,57.0513115389585,-0.131291374564171
9.65277777777778,57.0513115389585,-1.52129137516022
9.7037037037037,57.0513115389585,1.01870858669281
9.75462962962963,57.0513115389585,0.48870861530304
9.80555555555556,57.0513115389585,-0.311291366815567
9.85648148148148,57.0513115389585,8.29597949981689
9.90740740740741,57.0513115389585,8.62597942352295
9.95833333333333,57.0513115389585,13.9559803009033
10.0092592592593,57.0513115389585,7.72597980499268
10.0601851851852,57.0513115389585,-0.564020156860352
10.1111111111111,57.0513115389585,2.34597992897034
10.162037037037,57.0513115389585,6.68761777877808
10.212962962963,57.0513115389585,5.63761806488037
10.2638888888889,57.0513115389585,6.40761804580688
10.3148148148148,57.0513115389585,6.91761779785156
10.3657407407407,57.0513115389585,-1.5023820400238
10.4166666666667,57.0513115389585,-8.7165994644165
10.4675925925926,57.0513115389585,-8.70659923553467
10.5185185185185,57.0513115389585,-8.41659927368164
10.5694444444444,57.0513115389585,-8.56659889221191
10.6203703703704,57.0513115389585,-8.12659931182861
10.6712962962963,57.0513115389585,-10.5691385269165
10.7222222222222,57.0513115389585,-11.9991388320923
10.7731481481481,57.0513115389585,-12.4791393280029
10.8240740740741,57.0513115389585,-13.2091388702393
10.875,57.0513115389585,-12.6091384887695
10.9259259259259,57.0513115389585,-8.76637649536133
10.9768518518519,57.0513115389585,-5.93637609481812
11.0277777777778,57.0513115389585,-6.47637605667114
11.0787037037037,57.0513115389585,-6.87637615203857
11.1296296296296,57.0513115389585,-6.63637590408325
11.1805555555556,57.0513115389585,-7.58637619018555
11.2314814814815,57.0513115389585,-8.97868537902832
11.2824074074074,57.0513115389585,-11.2286853790283
11.3333333333333,57.0513115389585,-10.7486848831177
11.3842592592593,57.0513115389585,-9.81868553161621
11.4351851851852,57.0513115389585,-10.7886848449707
11.4861111111111,57.0513115389585,-15.967191696167
11.537037037037,57.0513115389585,-57.737190246582
11.587962962963,57.0513115389585,-55.5871925354004
11.6388888888889,57.0513115389585,-56.5271911621094
11.6898148148148,57.0513115389585,-63.0071907043457
11.7407407407407,57.0513115389585,-59.908878326416
11.7916666666667,57.0513115389585,-53.3288764953613
11.8425925925926,57.0513115389585,-46.3288764953613
11.8935185185185,57.0513115389585,-46.1088790893555
11.9444444444444,57.0513115389585,-49.9588775634766
11.9953703703704,57.0513115389585,-52.4488754272461
12.0462962962963,57.0513115389585,-53.9107284545898
12.0972222222222,57.0513115389585,-50.5507278442383
12.1481481481481,57.0513115389585,-36.1607284545898
12.1990740740741,57.0513115389585,-30.0807285308838
12.25,57.0513115389585,-10.7107286453247
12.3009259259259,57.0513115389585,12.4935884475708
12.3518518518518,57.0513115389585,15.4735879898071
12.4027777777778,57.0513115389585,21.3435878753662
12.4537037037037,57.0513115389585,39.043586730957
12.5046296296296,57.0513115389585,91.9235916137695
12.5555555555556,57.0513115389585,71.114875793457
12.6064814814815,57.0513115389585,64.3948745727539
12.6574074074074,57.0513115389585,45.824878692627
12.7083333333333,57.0513115389585,85.6748809814453
12.7592592592593,57.0513115389585,129.82487487793
12.8101851851852,57.0513115389585,142.754165649414
12.8611111111111,57.0513115389585,143.434158325195
12.912037037037,57.0513115389585,135.19416809082
12.962962962963,57.0513115389585,132.704162597656
13.0138888888889,57.0513115389585,143.364166259766
13.0648148148148,57.0513115389585,144.134155273438
13.1157407407407,57.0513115389585,117.806076049805
13.1666666666667,57.0513115389585,132.65608215332
13.2175925925926,57.0513115389585,136.056076049805
13.2685185185185,57.0513115389585,142.646072387695
13.3194444444444,57.0513115389585,152.626083374023
13.3703703703704,57.0513115389585,141.755477905273
13.4212962962963,57.0513115389585,160.305465698242
13.4722222222222,57.0513115389585,161.575469970703
13.5231481481481,57.0513115389585,158.405471801758
13.5740740740741,57.0513115389585,170.145477294922
13.625,57.0513115389585,179.720001220703
13.6759259259259,57.0513115389585,165.020004272461
13.7268518518518,57.0513115389585,143.68000793457
13.7777777777778,57.0513115389585,138.820007324219
13.8287037037037,57.0513115389585,142.020004272461
13.8796296296296,57.0513115389585,151.850006103516
13.9305555555556,57.0513115389585,164.22248840332
13.9814814814815,57.0513115389585,147.72248840332
14.0324074074074,57.0513115389585,143.112487792969
14.0833333333333,57.0513115389585,152.142501831055
14.1342592592593,57.0513115389585,150.522491455078
14.1851851851852,57.0513115389585,155.727233886719
14.2361111111111,57.0513115389585,168.547225952148
14.287037037037,57.0513115389585,178.327224731445
14.337962962963,57.0513115389585,184.977233886719
14.3888888888889,57.0513115389585,202.717224121094
14.4398148148148,57.0513115389585,220.740585327148
14.4907407407407,57.0513115389585,229.390579223633
14.5416666666667,57.0513115389585,224.220581054688
14.5925925925926,57.0513115389585,191.050582885742
14.6435185185185,57.0513115389585,209.17057800293
14.6944444444444,57.0513115389585,204.860214233398
14.7453703703704,57.0513115389585,193.610214233398
14.7962962962963,57.0513115389585,172.190216064453
14.8472222222222,57.0513115389585,185.300216674805
14.8981481481481,57.0513115389585,175.770217895508
14.9490740740741,57.0513115389585,178.590209960938
15,57.0513115389585,198.761016845703
9.5,57.000142137227,29.3173770904541
9.55092592592593,57.000142137227,0.0973772406578064
9.60185185185185,57.000142137227,1.50870859622955
9.65277777777778,57.000142137227,17.5787086486816
9.7037037037037,57.000142137227,33.4187088012695
9.75462962962963,57.000142137227,31.4787082672119
9.80555555555556,57.000142137227,34.1087074279785
9.85648148148148,57.000142137227,14.9059801101685
9.90740740740741,57.000142137227,31.475980758667
9.95833333333333,57.000142137227,35.8559799194336
10.0092592592593,57.000142137227,17.245979309082
10.0601851851852,57.000142137227,41.0459785461426
10.1111111111111,57.000142137227,1.97597980499268
10.162037037037,57.000142137227,0.537617921829224
10.212962962963,57.000142137227,0.76761794090271
10.2638888888889,57.000142137227,0.477617919445038
10.3148148148148,57.000142137227,-0.822382092475891
10.3657407407407,57.000142137227,-6.47238206863403
10.4166666666667,57.000142137227,-9.69659900665283
10.4675925925926,57.000142137227,-9.06659889221191
10.5185185185185,57.000142137227,-9.04659938812256
10.5694444444444,57.000142137227,-10.6265993118286
10.6203703703704,57.000142137227,-9.51659870147705
10.6712962962963,57.000142137227,-9.74913883209229
10.7222222222222,57.000142137227,-9.4391393661499
10.7731481481481,57.000142137227,-9.8191385269165
10.8240740740741,57.000142137227,-12.3591384887695
10.875,57.000142137227,-11.2191390991211
10.9259259259259,57.000142137227,-10.9163761138916
10.9768518518519,57.000142137227,-9.21637630462646
11.0277777777778,57.000142137227,-6.49637603759766
11.0787037037037,57.000142137227,-5.12637615203857
11.1296296296296,57.000142137227,-7.99637603759766
11.1805555555556,57.000142137227,-8.37637615203857
11.2314814814815,57.000142137227,-9.70868492126465
11.2824074074074,57.000142137227,-11.5186853408813
11.3333333333333,57.000142137227,-12.0986852645874
11.3842592592593,57.000142137227,-12.2886848449707
11.4351851851852,57.000142137227,-10.9986848831177
11.4861111111111,57.000142137227,-11.3971920013428
11.537037037037,57.000142137227,-18.0871925354004
11.587962962963,57.000142137227,-35.547191619873
11.6388888888889,57.000142137227,-36.3171920776367
11.6898148148148,57.000142137227,-43.9771919250488
11.7407407407407,57.000142137227,-51.1188774108887
11.7916666666667,57.000142137227,-42.4488754272461
11.8425925925926,57.000142137227,-34.8888778686523
11.8935185185185,57.000142137227,-26.9788780212402
11.9444444444444,57.000142137227,-26.2688770294189
11.9953703703704,57.000142137227,-37.5688781738281
12.0462962962963,57.000142137227,-45.2907295227051
12.0972222222222,57.000142137227,-39.2007293701172
12.1481481481481,57.000142137227,-42.0107269287109
12.1990740740741,57.000142137227,-33.6407279968262
12.25,57.000142137227,-23.9607276916504
12.3009259259259,57.000142137227,-10.1264114379883
12.3518518518518,57.000142137227,-1.55641186237335
12.4027777777778,57.000142137227,19.5435886383057
12.4537037037037,57.000142137227,20.3735885620117
12.5046296296296,57.000142137227,27.2935886383057
12.5555555555556,57.000142137227,62.0248794555664
12.6064814814815,57.000142137227,49.2048797607422
12.6574074074074,57.000142137227,34.4548797607422
12.7083333333333,57.000142137227,62.9548797607422
12.7592592592593,57.000142137227,71.1748809814453
12.8101851851852,57.000142137227,117.784164428711
12.8611111111111,57.000142137227,127.834159851074
12.912037037037,57.000142137227,127.604164123535
12.962962962963,57.000142137227,143.184158325195
13.0138888888889,57.000142137227,137.994155883789
13.0648148148148,57.000142137227,128.284164428711
13.1157407407407,57.000142137227,111.586074829102
13.1666666666667,57.000142137227,112.72607421875
13.2175925925926,57.000142137227,124.326080322266
13.2685185185185,57.000142137227,148.626083374023
13.3194444444444,57.000142137227,144.676071166992
13.3703703703704,57.000142137227,143.805465698242
13.4212962962963,57.000142137227,153.065475463867
13.4722222222222,57.000142137227,162.375473022461
13.5231481481481,57.000142137227,176.805465698242
13.5740740740741,57.000142137227,163.965469360352
13.625,57.000142137227,157.869995117188
13.6759259259259,57.000142137227,153.570007324219
13.7268518518518,57.000142137227,144.839996337891
13.7777777777778,57.000142137227,148.850006103516
13.8287037037037,57.000142137227,166.919998168945
13.8796296296296,57.000142137227,176.070007324219
13.9305555555556,57.000142137227,170.352493286133
13.9814814814815,57.000142137227,154.142501831055
14.0324074074074,57.000142137227,153.052490234375
14.0833333333333,57.000142137227,154.5625
14.1342592592593,57.000142137227,158.752502441406
14.1851851851852,57.000142137227,185.667236328125
14.2361111111111,57.000142137227,194.317230224609
14.287037037037,57.000142137227,210.467224121094
14.337962962963,57.000142137227,196.917236328125
14.3888888888889,57.000142137227,200.947235107422
14.4398148148148,57.000142137227,181.17057800293
14.4907407407407,57.000142137227,173.870574951172
14.5416666666667,57.000142137227,177.090576171875
14.5925925925926,57.000142137227,165.560577392578
14.6435185185185,57.000142137227,166.590576171875
14.6944444444444,57.000142137227,169.79020690918
14.7453703703704,57.000142137227,166.610214233398
14.7962962962963,57.000142137227,164.54020690918
14.8472222222222,57.000142137227,164.510208129883
14.8981481481481,57.000142137227,188.400207519531
14.9490740740741,57.000142137227,187.670211791992
15,57.000142137227,187.491012573242
9.5,56.9489727354955,24.2473773956299
9.55092592592593,56.9489727354955,11.4173774719238
9.60185185185185,56.9489727354955,27.5787086486816
9.65277777777778,56.9489727354955,48.0887069702148
9.7037037037037,56.9489727354955,66.2287063598633
9.75462962962963,56.9489727354955,40.4387092590332
9.80555555555556,56.9489727354955,41.8387069702148
9.85648148148148,56.9489727354955,14.915979385376
9.90740740740741,56.9489727354955,37.2959785461426
9.95833333333333,56.9489727354955,46.4259796142578
10.0092592592593,56.9489727354955,46.245979309082
10.0601851851852,56.9489727354955,19.4559803009033
10.1111111111111,56.9489727354955,3.65597987174988
10.162037037037,56.9489727354955,3.65761804580688
10.212962962963,56.9489727354955,6.1776180267334
10.2638888888889,56.9489727354955,0.257617920637131
10.3148148148148,56.9489727354955,-1.5923820734024
10.3657407407407,56.9489727354955,-6.3223819732666
10.4166666666667,56.9489727354955,-9.34659957885742
10.4675925925926,56.9489727354955,-9.61659908294678
10.5185185185185,56.9489727354955,-7.61659908294678
10.5694444444444,56.9489727354955,-11.5165987014771
10.6203703703704,56.9489727354955,-11.5365991592407
10.6712962962963,56.9489727354955,-9.80913925170898
10.7222222222222,56.9489727354955,-10.6291389465332
10.7731481481481,56.9489727354955,-8.70913887023926
10.8240740740741,56.9489727354955,-13.6491394042969
10.875,56.9489727354955,-11.1291389465332
10.9259259259259,56.9489727354955,-10.9163761138916
10.9768518518519,56.9489727354955,-9.76637649536133
11.0277777777778,56.9489727354955,-6.14637613296509
11.0787037037037,56.9489727354955,-6.57637596130371
11.1296296296296,56.9489727354955,-9.6663761138916
11.1805555555556,56.9489727354955,-8.84637641906738
11.2314814814815,56.9489727354955,-10.7586851119995
11.2824074074074,56.9489727354955,-11.9086856842041
11.3333333333333,56.9489727354955,-13.3986854553223
11.3842592592593,56.9489727354955,-12.2286853790283
11.4351851851852,56.9489727354955,-12.0186853408813
11.4861111111111,56.9489727354955,-12.0171918869019
11.537037037037,56.9489727354955,-14.3671922683716
11.587962962963,56.9489727354955,-27.1371917724609
11.6388888888889,56.9489727354955,-39.5071907043457
11.6898148148148,56.9489727354955,-37.6671905517578
11.7407407407407,56.9489727354955,-58.3588790893555
11.7916666666667,56.9489727354955,-55.348876953125
11.8425925925926,56.9489727354955,-23.0488777160645
11.8935185185185,56.9489727354955,-17.5588779449463
11.9444444444444,56.9489727354955,-13.7688770294189
11.9953703703704,56.9489727354955,-26.1288776397705
12.0462962962963,56.9489727354955,-31.3407287597656
12.0972222222222,56.9489727354955,-31.4307289123535
12.1481481481481,56.9489727354955,-45.3607292175293
12.1990740740741,56.9489727354955,-29.4207286834717
12.25,56.9489727354955,-22.9207286834717
12.3009259259259,56.9489727354955,-12.5864114761353
12.3518518518518,56.9489727354955,-2.03641200065613
12.4027777777778,56.9489727354955,12.313588142395
12.4537037037037,56.9489727354955,14.4335880279541
12.5046296296296,56.9489727354955,22.0835876464844
12.5555555555556,56.9489727354955,28.6248779296875
12.6064814814815,56.9489727354955,23.5548782348633
12.6574074074074,56.9489727354955,31.7048778533936
12.7083333333333,56.9489727354955,53.824878692627
12.7592592592593,56.9489727354955,110.33487701416
12.8101851851852,56.9489727354955,98.9841613769531
12.8611111111111,56.9489727354955,106.744163513184
12.912037037037,56.9489727354955,134.114166259766
12.962962962963,56.9489727354955,153.964157104492
13.0138888888889,56.9489727354955,122.76416015625
13.0648148148148,56.9489727354955,115.034164428711
13.1157407407407,56.9489727354955,91.5160751342773
13.1666666666667,56.9489727354955,114.22607421875
13.2175925925926,56.9489727354955,127.446075439453
13.2685185185185,56.9489727354955,138.386077880859
13.3194444444444,56.9489727354955,146.796081542969
13.3703703703704,56.9489727354955,139.015472412109
13.4212962962963,56.9489727354955,152.895477294922
13.4722222222222,56.9489727354955,150.645477294922
13.5231481481481,56.9489727354955,157.995468139648
13.5740740740741,56.9489727354955,156.085479736328
13.625,56.9489727354955,151.779998779297
13.6759259259259,56.9489727354955,143.419998168945
13.7268518518518,56.9489727354955,146.570007324219
13.7777777777778,56.9489727354955,146.360000610352
13.8287037037037,56.9489727354955,168.18000793457
13.8796296296296,56.9489727354955,174.589996337891
13.9305555555556,56.9489727354955,164.842498779297
13.9814814814815,56.9489727354955,163.3125
14.0324074074074,56.9489727354955,154.842498779297
14.0833333333333,56.9489727354955,154.512496948242
14.1342592592593,56.9489727354955,168.592498779297
14.1851851851852,56.9489727354955,181.437225341797
14.2361111111111,56.9489727354955,178.637222290039
14.287037037037,56.9489727354955,183.627227783203
14.337962962963,56.9489727354955,188.027236938477
14.3888888888889,56.9489727354955,189.597229003906
14.4398148148148,56.9489727354955,180.570571899414
14.4907407407407,56.9489727354955,166.51057434082
14.5416666666667,56.9489727354955,162.520584106445
14.5925925925926,56.9489727354955,155.140579223633
14.6435185185185,56.9489727354955,175.26057434082
14.6944444444444,56.9489727354955,179.850219726562
14.7453703703704,56.9489727354955,168.600219726562
14.7962962962963,56.9489727354955,164.380218505859
14.8472222222222,56.9489727354955,164.140213012695
14.8981481481481,56.9489727354955,179.810211181641
14.9490740740741,56.9489727354955,198.200210571289
15,56.9489727354955,192.221008300781
9.5,56.8978033337641,29.0811347961426
9.55092592592593,56.8978033337641,17.4211349487305
9.60185185185185,56.8978033337641,36.537540435791
9.65277777777778,56.8978033337641,37.0475425720215
9.7037037037037,56.8978033337641,61.037540435791
9.75462962962963,56.8978033337641,58.5275421142578
9.80555555555556,56.8978033337641,45.3675422668457
9.85648148148148,56.8978033337641,20.1894035339355
9.90740740740741,56.8978033337641,45.3394050598145
9.95833333333333,56.8978033337641,29.2894039154053
10.0092592592593,56.8978033337641,35.2194023132324
10.0601851851852,56.8978033337641,35.8394050598145
10.1111111111111,56.8978033337641,33.8194046020508
10.162037037037,56.8978033337641,4.31863403320312
10.212962962963,56.8978033337641,4.32863426208496
10.2638888888889,56.8978033337641,-2.28136587142944
10.3148148148148,56.8978033337641,-4.08136558532715
10.3657407407407,56.8978033337641,-5.98136568069458
10.4166666666667,56.8978033337641,-5.6276535987854
10.4675925925926,56.8978033337641,-7.52765369415283
10.5185185185185,56.8978033337641,-9.92765331268311
10.5694444444444,56.8978033337641,-11.0676536560059
10.6203703703704,56.8978033337641,-11.057653427124
10.6712962962963,56.8978033337641,-11.5405883789062
10.7222222222222,56.8978033337641,-12.4405889511108
10.7731481481481,56.8978033337641,-12.4505882263184
10.8240740740741,56.8978033337641,-11.9005889892578
10.875,56.8978033337641,-11.680588722229
10.9259259259259,56.8978033337641,-12.2700824737549
10.9768518518519,56.8978033337641,-12.5500822067261
11.0277777777778,56.8978033337641,-13.3400821685791
11.0787037037037,56.8978033337641,-14.1000823974609
11.1296296296296,56.8978033337641,-14.8800821304321
11.1805555555556,56.8978033337641,-13.9200820922852
11.2314814814815,56.8978033337641,-14.4357643127441
11.2824074074074,56.8978033337641,-13.2857637405396
11.3333333333333,56.8978033337641,-13.1657638549805
11.3842592592593,56.8978033337641,-13.0257635116577
11.4351851851852,56.8978033337641,-12.5057640075684
11.4861111111111,56.8978033337641,-13.3682689666748
11.537037037037,56.8978033337641,-14.4882688522339
11.587962962963,56.8978033337641,-15.2682685852051
11.6388888888889,56.8978033337641,-16.6382694244385
11.6898148148148,56.8978033337641,-19.7482681274414
11.7407407407407,56.8978033337641,-49.2861366271973
11.7916666666667,56.8978033337641,-52.3261337280273
11.8425925925926,56.8978033337641,-31.7061347961426
11.8935185185185,56.8978033337641,-32.9661331176758
11.9444444444444,56.8978033337641,-34.6961364746094
11.9953703703704,56.8978033337641,-43.5161361694336
12.0462962962963,56.8978033337641,-42.4980735778809
12.0972222222222,56.8978033337641,-42.2780723571777
12.1481481481481,56.8978033337641,-42.908073425293
12.1990740740741,56.8978033337641,-40.1280746459961
12.25,56.8978033337641,-32.4380722045898
12.3009259259259,56.8978033337641,-19.5959434509277
12.3518518518518,56.8978033337641,-15.7059440612793
12.4027777777778,56.8978033337641,-10.4759435653687
12.4537037037037,56.8978033337641,-5.98594379425049
12.5046296296296,56.8978033337641,5.79405641555786
12.5555555555556,56.8978033337641,21.9749526977539
12.6064814814815,56.8978033337641,18.3649520874023
12.6574074074074,56.8978033337641,39.6749534606934
12.7083333333333,56.8978033337641,54.8449516296387
12.7592592592593,56.8978033337641,60.8349533081055
12.8101851851852,56.8978033337641,79.8764038085938
12.8611111111111,56.8978033337641,93.4864044189453
12.912037037037,56.8978033337641,177.56640625
12.962962962963,56.8978033337641,164.556411743164
13.0138888888889,56.8978033337641,145.796401977539
13.0648148148148,56.8978033337641,83.6464080810547
13.1157407407407,56.8978033337641,148.017654418945
13.1666666666667,56.8978033337641,155.147659301758
13.2175925925926,56.8978033337641,145.487655639648
13.2685185185185,56.8978033337641,157.727661132812
13.3194444444444,56.8978033337641,154.547668457031
13.3703703703704,56.8978033337641,155.855651855469
13.4212962962963,56.8978033337641,168.035659790039
13.4722222222222,56.8978033337641,160.825653076172
13.5231481481481,56.8978033337641,161.205657958984
13.5740740740741,56.8978033337641,148.615646362305
13.625,56.8978033337641,150.247817993164
13.6759259259259,56.8978033337641,139.367813110352
13.7268518518518,56.8978033337641,139.277816772461
13.7777777777778,56.8978033337641,140.807815551758
13.8287037037037,56.8978033337641,168.417816162109
13.8796296296296,56.8978033337641,159.587814331055
13.9305555555556,56.8978033337641,149.528594970703
13.9814814814815,56.8978033337641,149.62858581543
14.0324074074074,56.8978033337641,157.518585205078
14.0833333333333,56.8978033337641,161.028594970703
14.1342592592593,56.8978033337641,160.848587036133
14.1851851851852,56.8978033337641,157.668960571289
14.2361111111111,56.8978033337641,164.428970336914
14.287037037037,56.8978033337641,170.668960571289
14.337962962963,56.8978033337641,183.728958129883
14.3888888888889,56.8978033337641,205.138961791992
14.4398148148148,56.8978033337641,175.928009033203
14.4907407407407,56.8978033337641,157.358016967773
14.5416666666667,56.8978033337641,149.238006591797
14.5925925925926,56.8978033337641,161.908004760742
14.6435185185185,56.8978033337641,165.308013916016
14.6944444444444,56.8978033337641,164.050003051758
14.7453703703704,56.8978033337641,173.910003662109
14.7962962962963,56.8978033337641,170.220001220703
14.8472222222222,56.8978033337641,172.520004272461
14.8981481481481,56.8978033337641,196.660003662109
14.9490740740741,56.8978033337641,183.940002441406
15,56.8978033337641,191.761611938477
9.5,56.8466339320326,39.1911354064941
9.55092592592593,56.8466339320326,37.0511360168457
9.60185185185185,56.8466339320326,36.0575408935547
9.65277777777778,56.8466339320326,40.847541809082
9.7037037037037,56.8466339320326,46.7275428771973
9.75462962962963,56.8466339320326,63.3075408935547
9.80555555555556,56.8466339320326,41.3575401306152
9.85648148148148,56.8466339320326,53.3094024658203
9.90740740740741,56.8466339320326,56.0494041442871
9.95833333333333,56.8466339320326,44.2294044494629
10.0092592592593,56.8466339320326,23.2994041442871
10.0601851851852,56.8466339320326,37.3194046020508
10.1111111111111,56.8466339320326,16.329402923584
10.162037037037,56.8466339320326,7.06863403320312
10.212962962963,56.8466339320326,6.73863410949707
10.2638888888889,56.8466339320326,-2.14136576652527
10.3148148148148,56.8466339320326,-4.02136564254761
10.3657407407407,56.8466339320326,-5.3613657951355
10.4166666666667,56.8466339320326,-7.20765352249146
10.4675925925926,56.8466339320326,-7.71765375137329
10.5185185185185,56.8466339320326,-10.5476531982422
10.5694444444444,56.8466339320326,-11.4676532745361
10.6203703703704,56.8466339320326,-10.7476539611816
10.6712962962963,56.8466339320326,-11.140588760376
10.7222222222222,56.8466339320326,-11.7505884170532
10.7731481481481,56.8466339320326,-13.0105886459351
10.8240740740741,56.8466339320326,-12.3405885696411
10.875,56.8466339320326,-12.180588722229
10.9259259259259,56.8466339320326,-12.1500825881958
10.9768518518519,56.8466339320326,-13.0700826644897
11.0277777777778,56.8466339320326,-13.8600826263428
11.0787037037037,56.8466339320326,-14.4800825119019
11.1296296296296,56.8466339320326,-15.5800819396973
11.1805555555556,56.8466339320326,-14.7700824737549
11.2314814814815,56.8466339320326,-13.6557636260986
11.2824074074074,56.8466339320326,-11.3957643508911
11.3333333333333,56.8466339320326,-12.5057640075684
11.3842592592593,56.8466339320326,-11.7657642364502
11.4351851851852,56.8466339320326,-11.6957635879517
11.4861111111111,56.8466339320326,-12.5982685089111
11.537037037037,56.8466339320326,-15.5982685089111
11.587962962963,56.8466339320326,-16.4882678985596
11.6388888888889,56.8466339320326,-17.7282695770264
11.6898148148148,56.8466339320326,-21.5882682800293
11.7407407407407,56.8466339320326,-47.1961364746094
11.7916666666667,56.8466339320326,-45.4861335754395
11.8425925925926,56.8466339320326,-34.4961357116699
11.8935185185185,56.8466339320326,-32.4461364746094
11.9444444444444,56.8466339320326,-29.2861347198486
11.9953703703704,56.8466339320326,-36.7461357116699
12.0462962962963,56.8466339320326,-41.3080749511719
12.0972222222222,56.8466339320326,-39.2380752563477
12.1481481481481,56.8466339320326,-38.0680732727051
12.1990740740741,56.8466339320326,-42.8780746459961
12.25,56.8466339320326,-34.348072052002
12.3009259259259,56.8466339320326,-24.495943069458
12.3518518518518,56.8466339320326,-20.915943145752
12.4027777777778,56.8466339320326,-16.1559429168701
12.4537037037037,56.8466339320326,-14.2259435653687
12.5046296296296,56.8466339320326,-8.94594383239746
12.5555555555556,56.8466339320326,6.20495176315308
12.6064814814815,56.8466339320326,23.4049510955811
12.6574074074074,56.8466339320326,35.5849533081055
12.7083333333333,56.8466339320326,34.6249504089355
12.7592592592593,56.8466339320326,40.3149528503418
12.8101851851852,56.8466339320326,131.016403198242
12.8611111111111,56.8466339320326,98.7664031982422
12.912037037037,56.8466339320326,102.876403808594
12.962962962963,56.8466339320326,108.156402587891
13.0138888888889,56.8466339320326,102.82640838623
13.0648148148148,56.8466339320326,96.7064056396484
13.1157407407407,56.8466339320326,134.897659301758
13.1666666666667,56.8466339320326,147.087661743164
13.2175925925926,56.8466339320326,158.327667236328
13.2685185185185,56.8466339320326,160.967666625977
13.3194444444444,56.8466339320326,159.817657470703
13.3703703703704,56.8466339320326,166.945648193359
13.4212962962963,56.8466339320326,170.815658569336
13.4722222222222,56.8466339320326,160.475646972656
13.5231481481481,56.8466339320326,152.535659790039
13.5740740740741,56.8466339320326,147.765655517578
13.625,56.8466339320326,143.987823486328
13.6759259259259,56.8466339320326,140.117813110352
13.7268518518518,56.8466339320326,139.017822265625
13.7777777777778,56.8466339320326,145.327819824219
13.8287037037037,56.8466339320326,154.557815551758
13.8796296296296,56.8466339320326,149.7578125
13.9305555555556,56.8466339320326,151.708587646484
13.9814814814815,56.8466339320326,147.388595581055
14.0324074074074,56.8466339320326,162.138595581055
14.0833333333333,56.8466339320326,154.208587646484
14.1342592592593,56.8466339320326,161.778594970703
14.1851851851852,56.8466339320326,146.848968505859
14.2361111111111,56.8466339320326,158.788955688477
14.287037037037,56.8466339320326,164.358963012695
14.337962962963,56.8466339320326,182.398956298828
14.3888888888889,56.8466339320326,202.608963012695
14.4398148148148,56.8466339320326,186.058013916016
14.4907407407407,56.8466339320326,158.818008422852
14.5416666666667,56.8466339320326,150.598007202148
14.5925925925926,56.8466339320326,150.778015136719
14.6435185185185,56.8466339320326,157.608016967773
14.6944444444444,56.8466339320326,158.550003051758
14.7453703703704,56.8466339320326,170.100006103516
14.7962962962963,56.8466339320326,163.520004272461
14.8472222222222,56.8466339320326,174.5
14.8981481481481,56.8466339320326,172.440002441406
14.9490740740741,56.8466339320326,172.139999389648
15,56.8466339320326,186.551620483398
9.5,56.7954645303011,32.3311347961426
9.55092592592593,56.7954645303011,32.1911354064941
9.60185185185185,56.7954645303011,31.7775421142578
9.65277777777778,56.7954645303011,45.6875419616699
9.7037037037037,56.7954645303011,48.6775436401367
9.75462962962963,56.7954645303011,55.7175407409668
9.80555555555556,56.7954645303011,84.0075454711914
9.85648148148148,56.7954645303011,56.0894050598145
9.90740740740741,56.7954645303011,35.9894027709961
9.95833333333333,56.7954645303011,54.0694046020508
10.0092592592593,56.7954645303011,44.0594024658203
10.0601851851852,56.7954645303011,25.0594024658203
10.1111111111111,56.7954645303011,26.2894039154053
10.162037037037,56.7954645303011,8.14863395690918
10.212962962963,56.7954645303011,2.71863412857056
10.2638888888889,56.7954645303011,2.65863418579102
10.3148148148148,56.7954645303011,-3.48136568069458
10.3657407407407,56.7954645303011,-7.40136575698853
10.4166666666667,56.7954645303011,-8.31765365600586
10.4675925925926,56.7954645303011,-7.97765350341797
10.5185185185185,56.7954645303011,-9.55765342712402
10.5694444444444,56.7954645303011,-10.7576532363892
10.6203703703704,56.7954645303011,-12.557653427124
10.6712962962963,56.7954645303011,-12.9005889892578
10.7222222222222,56.7954645303011,-12.5805883407593
10.7731481481481,56.7954645303011,-12.890588760376
10.8240740740741,56.7954645303011,-12.2605886459351
10.875,56.7954645303011,-11.5505886077881
10.9259259259259,56.7954645303011,-10.4800825119019
10.9768518518519,56.7954645303011,-9.89008235931396
11.0277777777778,56.7954645303011,-13.47008228302
11.0787037037037,56.7954645303011,-13.5500822067261
11.1296296296296,56.7954645303011,-13.5000820159912
11.1805555555556,56.7954645303011,-16.7800827026367
11.2314814814815,56.7954645303011,-18.8357639312744
11.2824074074074,56.7954645303011,-14.0257635116577
11.3333333333333,56.7954645303011,-9.7057638168335
11.3842592592593,56.7954645303011,-7.54576396942139
11.4351851851852,56.7954645303011,-5.72576379776001
11.4861111111111,56.7954645303011,-8.52826881408691
11.537037037037,56.7954645303011,-15.2182683944702
11.587962962963,56.7954645303011,-17.0782680511475
11.6388888888889,56.7954645303011,-20.1982688903809
11.6898148148148,56.7954645303011,-25.8982696533203
11.7407407407407,56.7954645303011,-34.3561363220215
11.7916666666667,56.7954645303011,-39.1761360168457
11.8425925925926,56.7954645303011,-32.9261360168457
11.8935185185185,56.7954645303011,-41.4861335754395
11.9444444444444,56.7954645303011,-38.5261344909668
11.9953703703704,56.7954645303011,-38.406135559082
12.0462962962963,56.7954645303011,-40.1980743408203
12.0972222222222,56.7954645303011,-40.3680725097656
12.1481481481481,56.7954645303011,-40.6380729675293
12.1990740740741,56.7954645303011,-38.9980735778809
12.25,56.7954645303011,-37.658073425293
12.3009259259259,56.7954645303011,-31.225944519043
12.3518518518518,56.7954645303011,-26.8459434509277
12.4027777777778,56.7954645303011,-22.055944442749
12.4537037037037,56.7954645303011,-20.2859439849854
12.5046296296296,56.7954645303011,-17.2059440612793
12.5555555555556,56.7954645303011,-15.6450481414795
12.6064814814815,56.7954645303011,8.26495170593262
12.6574074074074,56.7954645303011,35.9249534606934
12.7083333333333,56.7954645303011,23.7649517059326
12.7592592592593,56.7954645303011,37.4749526977539
12.8101851851852,56.7954645303011,46.1364059448242
12.8611111111111,56.7954645303011,54.9364051818848
12.912037037037,56.7954645303011,102.346405029297
12.962962962963,56.7954645303011,83.9664077758789
13.0138888888889,56.7954645303011,85.2364044189453
13.0648148148148,56.7954645303011,132.086410522461
13.1157407407407,56.7954645303011,167.067657470703
13.1666666666667,56.7954645303011,167.837661743164
13.2175925925926,56.7954645303011,127.097663879395
13.2685185185185,56.7954645303011,153.247665405273
13.3194444444444,56.7954645303011,187.797668457031
13.3703703703704,56.7954645303011,186.485656738281
13.4212962962963,56.7954645303011,160.96565246582
13.4722222222222,56.7954645303011,163.015655517578
13.5231481481481,56.7954645303011,164.12565612793
13.5740740740741,56.7954645303011,158.475646972656
13.625,56.7954645303011,145.047821044922
13.6759259259259,56.7954645303011,142.5078125
13.7268518518518,56.7954645303011,142.617813110352
13.7777777777778,56.7954645303011,133.817825317383
13.8287037037037,56.7954645303011,149.43782043457
13.8796296296296,56.7954645303011,159.077819824219
13.9305555555556,56.7954645303011,154.258590698242
13.9814814814815,56.7954645303011,160.218597412109
14.0324074074074,56.7954645303011,142.05859375
14.0833333333333,56.7954645303011,148.048599243164
14.1342592592593,56.7954645303011,144.268585205078
14.1851851851852,56.7954645303011,146.658966064453
14.2361111111111,56.7954645303011,153.708969116211
14.287037037037,56.7954645303011,159.728958129883
14.337962962963,56.7954645303011,170.358963012695
14.3888888888889,56.7954645303011,190.648956298828
14.4398148148148,56.7954645303011,184.328002929688
14.4907407407407,56.7954645303011,150.508010864258
14.5416666666667,56.7954645303011,152.13801574707
14.5925925925926,56.7954645303011,144.008010864258
14.6435185185185,56.7954645303011,157.4580078125
14.6944444444444,56.7954645303011,176.18000793457
14.7453703703704,56.7954645303011,169.309997558594
14.7962962962963,56.7954645303011,167.580001831055
14.8472222222222,56.7954645303011,162.520004272461
14.8981481481481,56.7954645303011,158.110000610352
14.9490740740741,56.7954645303011,163.190002441406
15,56.7954645303011,188.171615600586
9.5,56.7442951285696,37.1311340332031
9.55092592592593,56.7442951285696,32.9811363220215
9.60185185185185,56.7442951285696,40.8275413513184
9.65277777777778,56.7442951285696,59.347541809082
9.7037037037037,56.7442951285696,56.7075424194336
9.75462962962963,56.7442951285696,60.7175407409668
9.80555555555556,56.7442951285696,67.0675430297852
9.85648148148148,56.7442951285696,75.7294006347656
9.90740740740741,56.7442951285696,57.6894035339355
9.95833333333333,56.7442951285696,26.40940284729
10.0092592592593,56.7442951285696,34.9494018554688
10.0601851851852,56.7442951285696,37.5894050598145
10.1111111111111,56.7442951285696,13.3694038391113
10.162037037037,56.7442951285696,1.20863425731659
10.212962962963,56.7442951285696,0.90863424539566
10.2638888888889,56.7442951285696,0.578634262084961
10.3148148148148,56.7442951285696,2.53863430023193
10.3657407407407,56.7442951285696,-2.97136569023132
10.4166666666667,56.7442951285696,-5.56765365600586
10.4675925925926,56.7442951285696,-5.63765335083008
10.5185185185185,56.7442951285696,-8.16765403747559
10.5694444444444,56.7442951285696,-9.4876537322998
10.6203703703704,56.7442951285696,-12.7976531982422
10.6712962962963,56.7442951285696,-12.9805889129639
10.7222222222222,56.7442951285696,-12.0005884170532
10.7731481481481,56.7442951285696,-11.8205890655518
10.8240740740741,56.7442951285696,-9.6205883026123
10.875,56.7442951285696,-8.89058876037598
10.9259259259259,56.7442951285696,-8.58008193969727
10.9768518518519,56.7442951285696,-10.7900819778442
11.0277777777778,56.7442951285696,-12.3500823974609
11.0787037037037,56.7442951285696,-13.2500820159912
11.1296296296296,56.7442951285696,-15.1100826263428
11.1805555555556,56.7442951285696,-17.180082321167
11.2314814814815,56.7442951285696,-18.445764541626
11.2824074074074,56.7442951285696,-17.7457637786865
11.3333333333333,56.7442951285696,-8.03576374053955
11.3842592592593,56.7442951285696,-6.38576412200928
11.4351851851852,56.7442951285696,-4.22576379776001
11.4861111111111,56.7442951285696,-3.63826870918274
11.537037037037,56.7442951285696,5.39173126220703
11.587962962963,56.7442951285696,4.351731300354
11.6388888888889,56.7442951285696,-12.6382684707642
11.6898148148148,56.7442951285696,-20.0782680511475
11.7407407407407,56.7442951285696,-35.7561340332031
11.7916666666667,56.7442951285696,-35.7261352539062
11.8425925925926,56.7442951285696,-41.4461364746094
11.8935185185185,56.7442951285696,-38.7161331176758
11.9444444444444,56.7442951285696,-34.6761360168457
11.9953703703704,56.7442951285696,-33.4661331176758
12.0462962962963,56.7442951285696,-31.5880737304688
12.0972222222222,56.7442951285696,-33.348072052002
12.1481481481481,56.7442951285696,-43.158073425293
12.1990740740741,56.7442951285696,-41.5080757141113
12.25,56.7442951285696,-38.7280731201172
12.3009259259259,56.7442951285696,-33.8759422302246
12.3518518518518,56.7442951285696,-30.8259429931641
12.4027777777778,56.7442951285696,-25.1059436798096
12.4537037037037,56.7442951285696,-22.7959442138672
12.5046296296296,56.7442951285696,-20.1159439086914
12.5555555555556,56.7442951285696,-19.2150478363037
12.6064814814815,56.7442951285696,-12.6550483703613
12.6574074074074,56.7442951285696,-1.27504825592041
12.7083333333333,56.7442951285696,20.3649520874023
12.7592592592593,56.7442951285696,50.9449501037598
12.8101851851852,56.7442951285696,31.4864063262939
12.8611111111111,56.7442951285696,30.3064060211182
12.912037037037,56.7442951285696,35.006404876709
12.962962962963,56.7442951285696,32.1364059448242
13.0138888888889,56.7442951285696,98.1664047241211
13.0648148148148,56.7442951285696,81.0464096069336
13.1157407407407,56.7442951285696,88.2576599121094
13.1666666666667,56.7442951285696,113.737663269043
13.2175925925926,56.7442951285696,170.77766418457
13.2685185185185,56.7442951285696,164.927658081055
13.3194444444444,56.7442951285696,171.477661132812
13.3703703703704,56.7442951285696,168.145645141602
13.4212962962963,56.7442951285696,168.065658569336
13.4722222222222,56.7442951285696,156.445648193359
13.5231481481481,56.7442951285696,179.21565246582
13.5740740740741,56.7442951285696,169.385650634766
13.625,56.7442951285696,148.057815551758
13.6759259259259,56.7442951285696,163.917816162109
13.7268518518518,56.7442951285696,142.397811889648
13.7777777777778,56.7442951285696,138.977813720703
13.8287037037037,56.7442951285696,149.43782043457
13.8796296296296,56.7442951285696,145.147811889648
13.9305555555556,56.7442951285696,143.55859375
13.9814814814815,56.7442951285696,142.138595581055
14.0324074074074,56.7442951285696,139.078598022461
14.0833333333333,56.7442951285696,135.228591918945
14.1342592592593,56.7442951285696,140.988586425781
14.1851851851852,56.7442951285696,141.098968505859
14.2361111111111,56.7442951285696,142.788955688477
14.287037037037,56.7442951285696,158.828964233398
14.337962962963,56.7442951285696,159.538955688477
14.3888888888889,56.7442951285696,176.648956298828
14.4398148148148,56.7442951285696,178.148010253906
14.4907407407407,56.7442951285696,172.298004150391
14.5416666666667,56.7442951285696,153.238006591797
14.5925925925926,56.7442951285696,150.408004760742
14.6435185185185,56.7442951285696,139.038009643555
14.6944444444444,56.7442951285696,148.470001220703
14.7453703703704,56.7442951285696,142.210006713867
14.7962962962963,56.7442951285696,151.809997558594
14.8472222222222,56.7442951285696,147.480010986328
14.8981481481481,56.7442951285696,146.230010986328
14.9490740740741,56.7442951285696,152.540008544922
15,56.7442951285696,153.671615600586
9.5,56.6931257268381,29.6411361694336
9.55092592592593,56.6931257268381,32.1911354064941
9.60185185185185,56.6931257268381,29.267541885376
9.65277777777778,56.6931257268381,42.8275413513184
9.7037037037037,56.6931257268381,40.4875411987305
9.75462962962963,56.6931257268381,54.6375427246094
9.80555555555556,56.6931257268381,60.1275405883789
9.85648148148148,56.6931257268381,63.6094017028809
9.90740740740741,56.6931257268381,58.0994033813477
9.95833333333333,56.6931257268381,13.5694036483765
10.0092592592593,56.6931257268381,5.55940341949463
10.0601851851852,56.6931257268381,14.2594032287598
10.1111111111111,56.6931257268381,22.0594024658203
10.162037037037,56.6931257268381,8.41863441467285
10.212962962963,56.6931257268381,7.43863439559937
10.2638888888889,56.6931257268381,0.778634250164032
10.3148148148148,56.6931257268381,0.208634242415428
10.3657407407407,56.6931257268381,-1.97136580944061
10.4166666666667,56.6931257268381,-5.29765367507935
10.4675925925926,56.6931257268381,-5.56765365600586
10.5185185185185,56.6931257268381,-7.03765344619751
10.5694444444444,56.6931257268381,-9.03765392303467
10.6203703703704,56.6931257268381,-12.807653427124
10.6712962962963,56.6931257268381,-11.6605882644653
10.7222222222222,56.6931257268381,-10.5005884170532
10.7731481481481,56.6931257268381,-10.7905883789062
10.8240740740741,56.6931257268381,-10.2105884552002
10.875,56.6931257268381,-9.82058906555176
10.9259259259259,56.6931257268381,-10.760082244873
10.9768518518519,56.6931257268381,-11.3400821685791
11.0277777777778,56.6931257268381,-13.0200824737549
11.0787037037037,56.6931257268381,-13.9500827789307
11.1296296296296,56.6931257268381,-15.3700819015503
11.1805555555556,56.6931257268381,-15.760082244873
11.2314814814815,56.6931257268381,-16.465763092041
11.2824074074074,56.6931257268381,-18.3757648468018
11.3333333333333,56.6931257268381,-7.89576387405396
11.3842592592593,56.6931257268381,-6.39576387405396
11.4351851851852,56.6931257268381,-4.84576416015625
11.4861111111111,56.6931257268381,-4.22826862335205
11.537037037037,56.6931257268381,0.331731259822845
11.587962962963,56.6931257268381,-5.58826875686646
11.6388888888889,56.6931257268381,-24.3782691955566
11.6898148148148,56.6931257268381,-26.4482688903809
11.7407407407407,56.6931257268381,-37.156135559082
11.7916666666667,56.6931257268381,-41.096134185791
11.8425925925926,56.6931257268381,-37.5061340332031
11.8935185185185,56.6931257268381,-35.2961349487305
11.9444444444444,56.6931257268381,-32.656135559082
11.9953703703704,56.6931257268381,-32.6361351013184
12.0462962962963,56.6931257268381,-37.3580741882324
12.0972222222222,56.6931257268381,-36.9980735778809
12.1481481481481,56.6931257268381,-44.6080741882324
12.1990740740741,56.6931257268381,-42.8580741882324
12.25,56.6931257268381,-39.5380744934082
12.3009259259259,56.6931257268381,-34.8159446716309
12.3518518518518,56.6931257268381,-31.8559436798096
12.4027777777778,56.6931257268381,-26.1959438323975
12.4537037037037,56.6931257268381,-23.8759441375732
12.5046296296296,56.6931257268381,-20.9859428405762
12.5555555555556,56.6931257268381,-20.3150482177734
12.6064814814815,56.6931257268381,-17.9750480651855
12.6574074074074,56.6931257268381,-14.4650478363037
12.7083333333333,56.6931257268381,18.134952545166
12.7592592592593,56.6931257268381,32.884952545166
12.8101851851852,56.6931257268381,23.4164066314697
12.8611111111111,56.6931257268381,29.3964061737061
12.912037037037,56.6931257268381,17.4464054107666
12.962962962963,56.6931257268381,33.0964050292969
13.0138888888889,56.6931257268381,57.8364067077637
13.0648148148148,56.6931257268381,63.5364074707031
13.1157407407407,56.6931257268381,110.727661132812
13.1666666666667,56.6931257268381,149.107666015625
13.2175925925926,56.6931257268381,165.147659301758
13.2685185185185,56.6931257268381,177.207656860352
13.3194444444444,56.6931257268381,173.257659912109
13.3703703703704,56.6931257268381,170.495651245117
13.4212962962963,56.6931257268381,162.515655517578
13.4722222222222,56.6931257268381,155.195648193359
13.5231481481481,56.6931257268381,174.915649414062
13.5740740740741,56.6931257268381,164.96565246582
13.625,56.6931257268381,153.407821655273
13.6759259259259,56.6931257268381,159.607818603516
13.7268518518518,56.6931257268381,137.567825317383
13.7777777777778,56.6931257268381,129.747817993164
13.8287037037037,56.6931257268381,144.717819213867
13.8796296296296,56.6931257268381,134.227813720703
13.9305555555556,56.6931257268381,141.908584594727
13.9814814814815,56.6931257268381,148.62858581543
14.0324074074074,56.6931257268381,139.948593139648
14.0833333333333,56.6931257268381,139.198593139648
14.1342592592593,56.6931257268381,138.478591918945
14.1851851851852,56.6931257268381,136.018966674805
14.2361111111111,56.6931257268381,135.358963012695
14.287037037037,56.6931257268381,155.948959350586
14.337962962963,56.6931257268381,151.848968505859
14.3888888888889,56.6931257268381,162.918960571289
14.4398148148148,56.6931257268381,165.498016357422
14.4907407407407,56.6931257268381,167.098007202148
14.5416666666667,56.6931257268381,164.948013305664
14.5925925925926,56.6931257268381,164.048004150391
14.6435185185185,56.6931257268381,147.328002929688
14.6944444444444,56.6931257268381,140.760009765625
14.7453703703704,56.6931257268381,138.160003662109
14.7962962962963,56.6931257268381,146.059997558594
14.8472222222222,56.6931257268381,143.630004882812
14.8981481481481,56.6931257268381,142.120010375977
14.9490740740741,56.6931257268381,154.020004272461
15,56.6931257268381,149.041610717773
9.5,56.6419563251066,29.9026260375977
9.55092592592593,56.6419563251066,37.8926239013672
9.60185185185185,56.6419563251066,37.2707290649414
9.65277777777778,56.6419563251066,36.4707260131836
9.7037037037037,56.6419563251066,30.0307273864746
9.75462962962963,56.6419563251066,37.6207275390625
9.80555555555556,56.6419563251066,44.8107261657715
9.85648148148148,56.6419563251066,46.1639175415039
9.90740740740741,56.6419563251066,49.0939178466797
9.95833333333333,56.6419563251066,54.8339195251465
10.0092592592593,56.6419563251066,68.6739196777344
10.0601851851852,56.6419563251066,24.7739181518555
10.1111111111111,56.6419563251066,23.633918762207
10.162037037037,56.6419563251066,40.7455062866211
10.212962962963,56.6419563251066,42.9055061340332
10.2638888888889,56.6419563251066,0.665504515171051
10.3148148148148,56.6419563251066,2.09550452232361
10.3657407407407,56.6419563251066,-5.64449548721313
10.4166666666667,56.6419563251066,-8.35353755950928
10.4675925925926,56.6419563251066,-7.45353746414185
10.5185185185185,56.6419563251066,-8.90353775024414
10.5694444444444,56.6419563251066,-4.08353757858276
10.6203703703704,56.6419563251066,-4.12353754043579
10.6712962962963,56.6419563251066,-5.81946611404419
10.7222222222222,56.6419563251066,-8.26946640014648
10.7731481481481,56.6419563251066,-7.61946582794189
10.8240740740741,56.6419563251066,-6.09946584701538
10.875,56.6419563251066,-6.76946592330933
10.9259259259259,56.6419563251066,-10.3752660751343
10.9768518518519,56.6419563251066,-12.2452659606934
11.0277777777778,56.6419563251066,-13.9852657318115
11.0787037037037,56.6419563251066,-14.2552661895752
11.1296296296296,56.6419563251066,-16.3352661132812
11.1805555555556,56.6419563251066,-16.2952651977539
11.2314814814815,56.6419563251066,-16.6127548217773
11.2824074074074,56.6419563251066,-17.2927551269531
11.3333333333333,56.6419563251066,-19.4327545166016
11.3842592592593,56.6419563251066,-16.5027561187744
11.4351851851852,56.6419563251066,-16.052755355835
11.4861111111111,56.6419563251066,-21.6686458587646
11.537037037037,56.6419563251066,-27.1586456298828
11.587962962963,56.6419563251066,-28.6986465454102
11.6388888888889,56.6419563251066,-31.0486450195312
11.6898148148148,56.6419563251066,-32.1786460876465
11.7407407407407,56.6419563251066,-36.3280754089355
11.7916666666667,56.6419563251066,-36.1780738830566
11.8425925925926,56.6419563251066,-31.8580741882324
11.8935185185185,56.6419563251066,-30.5180759429932
11.9444444444444,56.6419563251066,-29.0580749511719
11.9953703703704,56.6419563251066,-29.54807472229
12.0462962962963,56.6419563251066,-25.1548633575439
12.0972222222222,56.6419563251066,-25.3548641204834
12.1481481481481,56.6419563251066,-33.5148620605469
12.1990740740741,56.6419563251066,-48.7248649597168
12.25,56.6419563251066,-40.98486328125
12.3009259259259,56.6419563251066,-37.3838806152344
12.3518518518518,56.6419563251066,-34.7238807678223
12.4027777777778,56.6419563251066,-29.073881149292
12.4537037037037,56.6419563251066,-26.5038814544678
12.5046296296296,56.6419563251066,-22.9638824462891
12.5555555555556,56.6419563251066,-21.8987712860107
12.6064814814815,56.6419563251066,-20.4287700653076
12.6574074074074,56.6419563251066,-19.7887706756592
12.7083333333333,56.6419563251066,-17.0887699127197
12.7592592592593,56.6419563251066,-15.5387706756592
12.8101851851852,56.6419563251066,-13.1966361999512
12.8611111111111,56.6419563251066,-11.1866369247437
12.912037037037,56.6419563251066,2.99336338043213
12.962962962963,56.6419563251066,13.0533638000488
13.0138888888889,56.6419563251066,37.4233627319336
13.0648148148148,56.6419563251066,40.6333618164062
13.1157407407407,56.6419563251066,88.6859741210938
13.1666666666667,56.6419563251066,80.0659713745117
13.2175925925926,56.6419563251066,123.735969543457
13.2685185185185,56.6419563251066,140.685974121094
13.3194444444444,56.6419563251066,144.355972290039
13.3703703703704,56.6419563251066,138.436294555664
13.4212962962963,56.6419563251066,171.486297607422
13.4722222222222,56.6419563251066,162.566299438477
13.5231481481481,56.6419563251066,155.586303710938
13.5740740740741,56.6419563251066,166.87629699707
13.625,56.6419563251066,166.06591796875
13.6759259259259,56.6419563251066,177.725921630859
13.7268518518518,56.6419563251066,157.31591796875
13.7777777777778,56.6419563251066,145.635925292969
13.8287037037037,56.6419563251066,144.965927124023
13.8796296296296,56.6419563251066,138.965927124023
13.9305555555556,56.6419563251066,140.260833740234
13.9814814814815,56.6419563251066,146.230834960938
14.0324074074074,56.6419563251066,138.5908203125
14.0833333333333,56.6419563251066,142.950820922852
14.1342592592593,56.6419563251066,139.27082824707
14.1851851851852,56.6419563251066,141.645462036133
14.2361111111111,56.6419563251066,144.505462646484
14.287037037037,56.6419563251066,149.245452880859
14.337962962963,56.6419563251066,144.17546081543
14.3888888888889,56.6419563251066,156.725463867188
14.4398148148148,56.6419563251066,163.400238037109
14.4907407407407,56.6419563251066,178.840240478516
14.5416666666667,56.6419563251066,178.040237426758
14.5925925925926,56.6419563251066,168.170227050781
14.6435185185185,56.6419563251066,146.710235595703
14.6944444444444,56.6419563251066,138.134994506836
14.7453703703704,56.6419563251066,141.645004272461
14.7962962962963,56.6419563251066,138.145004272461
14.8472222222222,56.6419563251066,137.074996948242
14.8981481481481,56.6419563251066,144.434997558594
14.9490740740741,56.6419563251066,142.134994506836
15,56.6419563251066,138.221282958984
9.5,56.5907869233751,20.4226245880127
9.55092592592593,56.5907869233751,39.6626243591309
9.60185185185185,56.5907869233751,27.9307270050049
9.65277777777778,56.5907869233751,30.3507270812988
9.7037037037037,56.5907869233751,15.9307279586792
9.75462962962963,56.5907869233751,35.9607276916504
9.80555555555556,56.5907869233751,33.5107269287109
9.85648148148148,56.5907869233751,32.7639198303223
9.90740740740741,56.5907869233751,42.7539176940918
9.95833333333333,56.5907869233751,45.1239204406738
10.0092592592593,56.5907869233751,50.6739196777344
10.0601851851852,56.5907869233751,56.1639175415039
10.1111111111111,56.5907869233751,43.0939178466797
10.162037037037,56.5907869233751,29.2455043792725
10.212962962963,56.5907869233751,22.4055042266846
10.2638888888889,56.5907869233751,3.12550449371338
10.3148148148148,56.5907869233751,16.7655048370361
10.3657407407407,56.5907869233751,-5.07449531555176
10.4166666666667,56.5907869233751,-8.86353778839111
10.4675925925926,56.5907869233751,-9.09353733062744
10.5185185185185,56.5907869233751,-9.40353775024414
10.5694444444444,56.5907869233751,-6.94353723526001
10.6203703703704,56.5907869233751,-4.77353763580322
10.6712962962963,56.5907869233751,-4.80946588516235
10.7222222222222,56.5907869233751,-6.53946590423584
10.7731481481481,56.5907869233751,-6.37946605682373
10.8240740740741,56.5907869233751,-6.63946628570557
10.875,56.5907869233751,-7.06946611404419
10.9259259259259,56.5907869233751,-11.4952659606934
10.9768518518519,56.5907869233751,-12.4952659606934
11.0277777777778,56.5907869233751,-14.2152662277222
11.0787037037037,56.5907869233751,-14.1452655792236
11.1296296296296,56.5907869233751,-16.5752658843994
11.1805555555556,56.5907869233751,-16.205265045166
11.2314814814815,56.5907869233751,-15.9327554702759
11.2824074074074,56.5907869233751,-16.4127559661865
11.3333333333333,56.5907869233751,-18.8927555084229
11.3842592592593,56.5907869233751,-20.2627544403076
11.4351851851852,56.5907869233751,-20.5727558135986
11.4861111111111,56.5907869233751,-26.1086463928223
11.537037037037,56.5907869233751,-28.3886451721191
11.587962962963,56.5907869233751,-29.1286468505859
11.6388888888889,56.5907869233751,-31.0486450195312
11.6898148148148,56.5907869233751,-32.0586471557617
11.7407407407407,56.5907869233751,-34.0580749511719
11.7916666666667,56.5907869233751,-34.0780754089355
11.8425925925926,56.5907869233751,-29.7380752563477
11.8935185185185,56.5907869233751,-30.6180744171143
11.9444444444444,56.5907869233751,-30.2580757141113
11.9953703703704,56.5907869233751,-29.8080749511719
12.0462962962963,56.5907869233751,-23.4348640441895
12.0972222222222,56.5907869233751,-20.3448638916016
12.1481481481481,56.5907869233751,-23.7848644256592
12.1990740740741,56.5907869233751,-37.73486328125
12.25,56.5907869233751,-40.9148635864258
12.3009259259259,56.5907869233751,-37.2138824462891
12.3518518518518,56.5907869233751,-36.2838821411133
12.4027777777778,56.5907869233751,-29.4238815307617
12.4537037037037,56.5907869233751,-27.1938819885254
12.5046296296296,56.5907869233751,-24.7738819122314
12.5555555555556,56.5907869233751,-22.5587711334229
12.6064814814815,56.5907869233751,-20.9187698364258
12.6574074074074,56.5907869233751,-20.8487701416016
12.7083333333333,56.5907869233751,-18.6087703704834
12.7592592592593,56.5907869233751,-17.2687702178955
12.8101851851852,56.5907869233751,-15.91663646698
12.8611111111111,56.5907869233751,-14.4666366577148
12.912037037037,56.5907869233751,-5.76663637161255
12.962962962963,56.5907869233751,8.03336334228516
13.0138888888889,56.5907869233751,15.503363609314
13.0648148148148,56.5907869233751,24.6933631896973
13.1157407407407,56.5907869233751,46.1659736633301
13.1666666666667,56.5907869233751,53.1259727478027
13.2175925925926,56.5907869233751,105.515975952148
13.2685185185185,56.5907869233751,114.075973510742
13.3194444444444,56.5907869233751,106.745971679688
13.3703703703704,56.5907869233751,116.236297607422
13.4212962962963,56.5907869233751,141.916305541992
13.4722222222222,56.5907869233751,153.226303100586
13.5231481481481,56.5907869233751,148.356307983398
13.5740740740741,56.5907869233751,166.186294555664
13.625,56.5907869233751,167.125915527344
13.6759259259259,56.5907869233751,170.625915527344
13.7268518518518,56.5907869233751,146.24592590332
13.7777777777778,56.5907869233751,133.475921630859
13.8287037037037,56.5907869233751,140.715927124023
13.8796296296296,56.5907869233751,133.835922241211
13.9305555555556,56.5907869233751,125.02082824707
13.9814814814815,56.5907869233751,131.380828857422
14.0324074074074,56.5907869233751,150.690826416016
14.0833333333333,56.5907869233751,152.500823974609
14.1342592592593,56.5907869233751,142.170822143555
14.1851851851852,56.5907869233751,145.615463256836
14.2361111111111,56.5907869233751,143.885467529297
14.287037037037,56.5907869233751,147.795455932617
14.337962962963,56.5907869233751,147.275466918945
14.3888888888889,56.5907869233751,166.115463256836
14.4398148148148,56.5907869233751,160.870239257812
14.4907407407407,56.5907869233751,172.260238647461
14.5416666666667,56.5907869233751,169.190231323242
14.5925925925926,56.5907869233751,157.920227050781
14.6435185185185,56.5907869233751,141.890228271484
14.6944444444444,56.5907869233751,140.134994506836
14.7453703703704,56.5907869233751,140.595001220703
14.7962962962963,56.5907869233751,150.154998779297
14.8472222222222,56.5907869233751,152.705001831055
14.8981481481481,56.5907869233751,152.985000610352
14.9490740740741,56.5907869233751,143.264999389648
15,56.5907869233751,132.931274414062
9.5,56.5396175216436,37.4826240539551
9.55092592592593,56.5396175216436,33.1226234436035
9.60185185185185,56.5396175216436,35.3507270812988
9.65277777777778,56.5396175216436,39.9107284545898
9.7037037037037,56.5396175216436,40.5607261657715
9.75462962962963,56.5396175216436,53.2507286071777
9.80555555555556,56.5396175216436,45.6207275390625
9.85648148148148,56.5396175216436,19.803918838501
9.90740740740741,56.5396175216436,32.0339202880859
9.95833333333333,56.5396175216436,36.9939193725586
10.0092592592593,56.5396175216436,41.4339179992676
10.0601851851852,56.5396175216436,56.4739189147949
10.1111111111111,56.5396175216436,48.1039199829102
10.162037037037,56.5396175216436,47.5555038452148
10.212962962963,56.5396175216436,5.98550462722778
10.2638888888889,56.5396175216436,11.6655044555664
10.3148148148148,56.5396175216436,14.7455043792725
10.3657407407407,56.5396175216436,10.7355041503906
10.4166666666667,56.5396175216436,9.93646240234375
10.4675925925926,56.5396175216436,13.0264625549316
10.5185185185185,56.5396175216436,7.79646253585815
10.5694444444444,56.5396175216436,7.58646249771118
10.6203703703704,56.5396175216436,6.86646270751953
10.6712962962963,56.5396175216436,7.49053382873535
10.7222222222222,56.5396175216436,31.3805332183838
10.7731481481481,56.5396175216436,20.0905342102051
10.8240740740741,56.5396175216436,6.34053373336792
10.875,56.5396175216436,-5.90946626663208
10.9259259259259,56.5396175216436,-11.2952661514282
10.9768518518519,56.5396175216436,-12.4752655029297
11.0277777777778,56.5396175216436,-15.7952661514282
11.0787037037037,56.5396175216436,-16.3652667999268
11.1296296296296,56.5396175216436,-17.5252666473389
11.1805555555556,56.5396175216436,-16.5352668762207
11.2314814814815,56.5396175216436,-16.7927551269531
11.2824074074074,56.5396175216436,-17.8627548217773
11.3333333333333,56.5396175216436,-20.052755355835
11.3842592592593,56.5396175216436,-21.7627544403076
11.4351851851852,56.5396175216436,-24.2227554321289
11.4861111111111,56.5396175216436,-26.0486450195312
11.537037037037,56.5396175216436,-28.5886459350586
11.587962962963,56.5396175216436,-29.8786468505859
11.6388888888889,56.5396175216436,-29.8786468505859
11.6898148148148,56.5396175216436,-30.4386463165283
11.7407407407407,56.5396175216436,-30.1780757904053
11.7916666666667,56.5396175216436,-30.2080745697021
11.8425925925926,56.5396175216436,-31.4280757904053
11.8935185185185,56.5396175216436,-31.718074798584
11.9444444444444,56.5396175216436,-31.1080741882324
11.9953703703704,56.5396175216436,-30.4280757904053
12.0462962962963,56.5396175216436,-28.4248638153076
12.0972222222222,56.5396175216436,-28.9348640441895
12.1481481481481,56.5396175216436,-35.544864654541
12.1990740740741,56.5396175216436,-42.5248641967773
12.25,56.5396175216436,-34.6348648071289
12.3009259259259,56.5396175216436,-29.9138813018799
12.3518518518518,56.5396175216436,-31.3038806915283
12.4027777777778,56.5396175216436,-29.3138809204102
12.4537037037037,56.5396175216436,-27.9538822174072
12.5046296296296,56.5396175216436,-26.5138816833496
12.5555555555556,56.5396175216436,-23.6187705993652
12.6064814814815,56.5396175216436,-21.5087699890137
12.6574074074074,56.5396175216436,-20.8687705993652
12.7083333333333,56.5396175216436,-19.5287704467773
12.7592592592593,56.5396175216436,-18.0387706756592
12.8101851851852,56.5396175216436,-14.956636428833
12.8611111111111,56.5396175216436,-14.2766361236572
12.912037037037,56.5396175216436,-10.3166360855103
12.962962962963,56.5396175216436,4.89336347579956
13.0138888888889,56.5396175216436,19.2033634185791
13.0648148148148,56.5396175216436,25.0533638000488
13.1157407407407,56.5396175216436,42.8159713745117
13.1666666666667,56.5396175216436,48.3759727478027
13.2175925925926,56.5396175216436,66.6559753417969
13.2685185185185,56.5396175216436,70.1159744262695
13.3194444444444,56.5396175216436,78.5159759521484
13.3703703703704,56.5396175216436,79.8963012695312
13.4212962962963,56.5396175216436,92.6963043212891
13.4722222222222,56.5396175216436,95.7963027954102
13.5231481481481,56.5396175216436,117.886299133301
13.5740740740741,56.5396175216436,137.156295776367
13.625,56.5396175216436,139.255920410156
13.6759259259259,56.5396175216436,139.735916137695
13.7268518518518,56.5396175216436,142.505920410156
13.7777777777778,56.5396175216436,149.625915527344
13.8287037037037,56.5396175216436,131.24592590332
13.8796296296296,56.5396175216436,131.295928955078
13.9305555555556,56.5396175216436,117.030830383301
13.9814814814815,56.5396175216436,124.750823974609
14.0324074074074,56.5396175216436,146.990829467773
14.0833333333333,56.5396175216436,152.300827026367
14.1342592592593,56.5396175216436,144.0908203125
14.1851851851852,56.5396175216436,150.945465087891
14.2361111111111,56.5396175216436,150.105453491211
14.287037037037,56.5396175216436,152.385467529297
14.337962962963,56.5396175216436,159.445465087891
14.3888888888889,56.5396175216436,164.295455932617
14.4398148148148,56.5396175216436,166.950225830078
14.4907407407407,56.5396175216436,172.550231933594
14.5416666666667,56.5396175216436,172.950225830078
14.5925925925926,56.5396175216436,161.580230712891
14.6435185185185,56.5396175216436,155.290237426758
14.6944444444444,56.5396175216436,142.725006103516
14.7453703703704,56.5396175216436,140.705001831055
14.7962962962963,56.5396175216436,145.235000610352
14.8472222222222,56.5396175216436,145.324996948242
14.8981481481481,56.5396175216436,149.335006713867
14.9490740740741,56.5396175216436,155.985000610352
15,56.5396175216436,130.971282958984
9.5,56.4884481199121,44.192626953125
9.55092592592593,56.4884481199121,54.4026260375977
9.60185185185185,56.4884481199121,51.5107269287109
9.65277777777778,56.4884481199121,33.6607284545898
9.7037037037037,56.4884481199121,26.3707275390625
9.75462962962963,56.4884481199121,35.7107276916504
9.80555555555556,56.4884481199121,42.4007263183594
9.85648148148148,56.4884481199121,30.0339183807373
9.90740740740741,56.4884481199121,41.9239196777344
9.95833333333333,56.4884481199121,29.0339183807373
10.0092592592593,56.4884481199121,47.3539199829102
10.0601851851852,56.4884481199121,22.6939182281494
10.1111111111111,56.4884481199121,23.3739185333252
10.162037037037,56.4884481199121,18.9355049133301
10.212962962963,56.4884481199121,0.945504486560822
10.2638888888889,56.4884481199121,2.23550462722778
10.3148148148148,56.4884481199121,4.43550443649292
10.3657407407407,56.4884481199121,8.09550476074219
10.4166666666667,56.4884481199121,17.9764633178711
10.4675925925926,56.4884481199121,28.1364631652832
10.5185185185185,56.4884481199121,31.1664619445801
10.5694444444444,56.4884481199121,35.9164619445801
10.6203703703704,56.4884481199121,38.6464614868164
10.6712962962963,56.4884481199121,28.1305332183838
10.7222222222222,56.4884481199121,30.680534362793
10.7731481481481,56.4884481199121,39.3805351257324
10.8240740740741,56.4884481199121,7.17053413391113
10.875,56.4884481199121,2.72053384780884
10.9259259259259,56.4884481199121,-10.3652658462524
10.9768518518519,56.4884481199121,-11.7952661514282
11.0277777777778,56.4884481199121,-16.8052654266357
11.0787037037037,56.4884481199121,-17.3652667999268
11.1296296296296,56.4884481199121,-18.015266418457
11.1805555555556,56.4884481199121,-17.2352657318115
11.2314814814815,56.4884481199121,-18.052755355835
11.2824074074074,56.4884481199121,-18.8627548217773
11.3333333333333,56.4884481199121,-19.6927547454834
11.3842592592593,56.4884481199121,-19.302755355835
11.4351851851852,56.4884481199121,-20.6627559661865
11.4861111111111,56.4884481199121,-23.5786457061768
11.537037037037,56.4884481199121,-26.5786457061768
11.587962962963,56.4884481199121,-26.5086460113525
11.6388888888889,56.4884481199121,-28.9686450958252
11.6898148148148,56.4884481199121,-28.9486465454102
11.7407407407407,56.4884481199121,-28.6280746459961
11.7916666666667,56.4884481199121,-29.4380760192871
11.8425925925926,56.4884481199121,-31.6280746459961
11.8935185185185,56.4884481199121,-32.278076171875
11.9444444444444,56.4884481199121,-32.0180740356445
11.9953703703704,56.4884481199121,-30.9480743408203
12.0462962962963,56.4884481199121,-30.4048633575439
12.0972222222222,56.4884481199121,-31.9748630523682
12.1481481481481,56.4884481199121,-32.174861907959
12.1990740740741,56.4884481199121,-37.0048637390137
12.25,56.4884481199121,-33.98486328125
12.3009259259259,56.4884481199121,-29.6138820648193
12.3518518518518,56.4884481199121,-30.5638809204102
12.4027777777778,56.4884481199121,-29.5938816070557
12.4537037037037,56.4884481199121,-29.2338809967041
12.5046296296296,56.4884481199121,-25.3538818359375
12.5555555555556,56.4884481199121,-23.218770980835
12.6064814814815,56.4884481199121,-20.8687705993652
12.6574074074074,56.4884481199121,-20.2287712097168
12.7083333333333,56.4884481199121,-7.78877067565918
12.7592592592593,56.4884481199121,-13.0387706756592
12.8101851851852,56.4884481199121,-14.1466369628906
12.8611111111111,56.4884481199121,-13.5366363525391
12.912037037037,56.4884481199121,-4.45663642883301
12.962962962963,56.4884481199121,8.00336360931396
13.0138888888889,56.4884481199121,15.003363609314
13.0648148148148,56.4884481199121,24.3633632659912
13.1157407407407,56.4884481199121,34.8259735107422
13.1666666666667,56.4884481199121,50.5659713745117
13.2175925925926,56.4884481199121,83.8759689331055
13.2685185185185,56.4884481199121,82.9259719848633
13.3194444444444,56.4884481199121,99.8159713745117
13.3703703703704,56.4884481199121,113.106300354004
13.4212962962963,56.4884481199121,110.696304321289
13.4722222222222,56.4884481199121,110.576301574707
13.5231481481481,56.4884481199121,103.656303405762
13.5740740740741,56.4884481199121,101.376304626465
13.625,56.4884481199121,115.095924377441
13.6759259259259,56.4884481199121,134.295928955078
13.7268518518518,56.4884481199121,136.045928955078
13.7777777777778,56.4884481199121,132.835922241211
13.8287037037037,56.4884481199121,120.405921936035
13.8796296296296,56.4884481199121,121.98592376709
13.9305555555556,56.4884481199121,118.910827636719
13.9814814814815,56.4884481199121,114.060829162598
14.0324074074074,56.4884481199121,145.890823364258
14.0833333333333,56.4884481199121,145.650833129883
14.1342592592593,56.4884481199121,139.93083190918
14.1851851851852,56.4884481199121,150.655456542969
14.2361111111111,56.4884481199121,145.01545715332
14.287037037037,56.4884481199121,153.005462646484
14.337962962963,56.4884481199121,159.725463867188
14.3888888888889,56.4884481199121,164.535461425781
14.4398148148148,56.4884481199121,166.840240478516
14.4907407407407,56.4884481199121,172.410232543945
14.5416666666667,56.4884481199121,170.550231933594
14.5925925925926,56.4884481199121,155.81022644043
14.6435185185185,56.4884481199121,153.040237426758
14.6944444444444,56.4884481199121,146.035003662109
14.7453703703704,56.4884481199121,143.154998779297
14.7962962962963,56.4884481199121,141.035003662109
14.8472222222222,56.4884481199121,142.915008544922
14.8981481481481,56.4884481199121,149.184997558594
14.9490740740741,56.4884481199121,140.264999389648
15,56.4884481199121,131.621276855469
9.5,56.4372787181807,44.9126243591309
9.55092592592593,56.4372787181807,43.8626251220703
9.60185185185185,56.4372787181807,52.0007286071777
9.65277777777778,56.4372787181807,63.5107269287109
9.7037037037037,56.4372787181807,64.7907257080078
9.75462962962963,56.4372787181807,57.6507263183594
9.80555555555556,56.4372787181807,47.6607284545898
9.85648148148148,56.4372787181807,31.9439182281494
9.90740740740741,56.4372787181807,26.2139186859131
9.95833333333333,56.4372787181807,26.6639194488525
10.0092592592593,56.4372787181807,46.2539176940918
10.0601851851852,56.4372787181807,26.6539192199707
10.1111111111111,56.4372787181807,28.9339179992676
10.162037037037,56.4372787181807,37.4155044555664
10.212962962963,56.4372787181807,19.4855041503906
10.2638888888889,56.4372787181807,12.2355041503906
10.3148148148148,56.4372787181807,16.1655044555664
10.3657407407407,56.4372787181807,9.17550468444824
10.4166666666667,56.4372787181807,43.256462097168
10.4675925925926,56.4372787181807,37.756462097168
10.5185185185185,56.4372787181807,28.3664627075195
10.5694444444444,56.4372787181807,28.2364616394043
10.6203703703704,56.4372787181807,35.5864639282227
10.6712962962963,56.4372787181807,20.8505344390869
10.7222222222222,56.4372787181807,18.2205333709717
10.7731481481481,56.4372787181807,11.3505334854126
10.8240740740741,56.4372787181807,10.4005336761475
10.875,56.4372787181807,8.4105339050293
10.9259259259259,56.4372787181807,-8.10526561737061
10.9768518518519,56.4372787181807,-13.3952655792236
11.0277777777778,56.4372787181807,-17.4452667236328
11.0787037037037,56.4372787181807,-18.4952659606934
11.1296296296296,56.4372787181807,-18.3852653503418
11.1805555555556,56.4372787181807,-18.2452659606934
11.2314814814815,56.4372787181807,-19.9827556610107
11.2824074074074,56.4372787181807,-21.3327560424805
11.3333333333333,56.4372787181807,-20.4527549743652
11.3842592592593,56.4372787181807,-25.382755279541
11.4351851851852,56.4372787181807,-23.4327545166016
11.4861111111111,56.4372787181807,-22.038646697998
11.537037037037,56.4372787181807,-21.5686454772949
11.587962962963,56.4372787181807,-23.7986450195312
11.6388888888889,56.4372787181807,-27.958646774292
11.6898148148148,56.4372787181807,-27.0186462402344
11.7407407407407,56.4372787181807,-25.6680755615234
11.7916666666667,56.4372787181807,-27.7280750274658
11.8425925925926,56.4372787181807,-30.6380748748779
11.8935185185185,56.4372787181807,-31.3280754089355
11.9444444444444,56.4372787181807,-33.158073425293
11.9953703703704,56.4372787181807,-32.3380737304688
12.0462962962963,56.4372787181807,-32.5748634338379
12.0972222222222,56.4372787181807,-32.2548637390137
12.1481481481481,56.4372787181807,-35.8048629760742
12.1990740740741,56.4372787181807,-31.2148628234863
12.25,56.4372787181807,-34.2548637390137
12.3009259259259,56.4372787181807,-30.4338817596436
12.3518518518518,56.4372787181807,-29.5638809204102
12.4027777777778,56.4372787181807,-27.073881149292
12.4537037037037,56.4372787181807,-25.3838806152344
12.5046296296296,56.4372787181807,-25.073881149292
12.5555555555556,56.4372787181807,-19.7387714385986
12.6064814814815,56.4372787181807,-4.34877061843872
12.6574074074074,56.4372787181807,27.3812294006348
12.7083333333333,56.4372787181807,74.5312271118164
12.7592592592593,56.4372787181807,113.831230163574
12.8101851851852,56.4372787181807,134.353363037109
12.8611111111111,56.4372787181807,77.1233673095703
12.912037037037,56.4372787181807,114.303359985352
12.962962962963,56.4372787181807,83.7033615112305
13.0138888888889,56.4372787181807,33.9433631896973
13.0648148148148,56.4372787181807,23.0233631134033
13.1157407407407,56.4372787181807,45.3359718322754
13.1666666666667,56.4372787181807,51.9259719848633
13.2175925925926,56.4372787181807,76.485969543457
13.2685185185185,56.4372787181807,81.9759750366211
13.3194444444444,56.4372787181807,100.985969543457
13.3703703703704,56.4372787181807,114.086303710938
13.4212962962963,56.4372787181807,102.726303100586
13.4722222222222,56.4372787181807,105.836303710938
13.5231481481481,56.4372787181807,110.426300048828
13.5740740740741,56.4372787181807,114.376304626465
13.625,56.4372787181807,114.805923461914
13.6759259259259,56.4372787181807,120.205924987793
13.7268518518518,56.4372787181807,125.805923461914
13.7777777777778,56.4372787181807,122.415924072266
13.8287037037037,56.4372787181807,124.015922546387
13.8796296296296,56.4372787181807,107.905921936035
13.9305555555556,56.4372787181807,98.5708312988281
13.9814814814815,56.4372787181807,96.9608306884766
14.0324074074074,56.4372787181807,96.1608276367188
14.0833333333333,56.4372787181807,102.790824890137
14.1342592592593,56.4372787181807,127.930824279785
14.1851851851852,56.4372787181807,135.395462036133
14.2361111111111,56.4372787181807,128.565460205078
14.287037037037,56.4372787181807,136.195465087891
14.337962962963,56.4372787181807,140.915466308594
14.3888888888889,56.4372787181807,138.995452880859
14.4398148148148,56.4372787181807,141.640228271484
14.4907407407407,56.4372787181807,146.010238647461
14.5416666666667,56.4372787181807,155.410232543945
14.5925925925926,56.4372787181807,140.870239257812
14.6435185185185,56.4372787181807,145.080230712891
14.6944444444444,56.4372787181807,133.604995727539
14.7453703703704,56.4372787181807,134.235000610352
14.7962962962963,56.4372787181807,128.735000610352
14.8472222222222,56.4372787181807,105.88500213623
14.8981481481481,56.4372787181807,97.0550003051758
14.9490740740741,56.4372787181807,115.185005187988
15,56.4372787181807,119.521278381348
9.5,56.3861093164492,48.7359428405762
9.55092592592593,56.3861093164492,55.9259452819824
9.60185185185185,56.3861093164492,45.105411529541
9.65277777777778,56.3861093164492,33.4654121398926
9.7037037037037,56.3861093164492,35.0154113769531
9.75462962962963,56.3861093164492,42.1154098510742
9.80555555555556,56.3861093164492,34.54541015625
9.85648148148148,56.3861093164492,25.1820602416992
9.90740740740741,56.3861093164492,33.7220611572266
9.95833333333333,56.3861093164492,82.9720611572266
10.0092592592593,56.3861093164492,52.8820610046387
10.0601851851852,56.3861093164492,40.8520584106445
10.1111111111111,56.3861093164492,35.6820602416992
10.162037037037,56.3861093164492,24.5286026000977
10.212962962963,56.3861093164492,26.1386032104492
10.2638888888889,56.3861093164492,37.068603515625
10.3148148148148,56.3861093164492,46.0886039733887
10.3657407407407,56.3861093164492,10.6286029815674
10.4166666666667,56.3861093164492,18.8025321960449
10.4675925925926,56.3861093164492,18.6625328063965
10.5185185185185,56.3861093164492,26.5425319671631
10.5694444444444,56.3861093164492,22.5325336456299
10.6203703703704,56.3861093164492,9.4825325012207
10.6712962962963,56.3861093164492,8.91682815551758
10.7222222222222,56.3861093164492,19.4568271636963
10.7731481481481,56.3861093164492,16.6168270111084
10.8240740740741,56.3861093164492,13.9968280792236
10.875,56.3861093164492,9.32682800292969
10.9259259259259,56.3861093164492,-8.30046558380127
10.9768518518519,56.3861093164492,-12.5804653167725
11.0277777777778,56.3861093164492,-18.5004653930664
11.0787037037037,56.3861093164492,-19.4204654693604
11.1296296296296,56.3861093164492,-18.9104652404785
11.1805555555556,56.3861093164492,-18.860466003418
11.2314814814815,56.3861093164492,-20.2814826965332
11.2824074074074,56.3861093164492,-23.041482925415
11.3333333333333,56.3861093164492,-25.1714820861816
11.3842592592593,56.3861093164492,-22.5514831542969
11.4351851851852,56.3861093164492,-20.3814830780029
11.4861111111111,56.3861093164492,-20.4427318572998
11.537037037037,56.3861093164492,-21.3927307128906
11.587962962963,56.3861093164492,-23.432731628418
11.6388888888889,56.3861093164492,-27.1727313995361
11.6898148148148,56.3861093164492,-26.1927318572998
11.7407407407407,56.3861093164492,-24.5233020782471
11.7916666666667,56.3861093164492,-25.9533004760742
11.8425925925926,56.3861093164492,-30.0633010864258
11.8935185185185,56.3861093164492,-30.7733020782471
11.9444444444444,56.3861093164492,-32.0032997131348
11.9953703703704,56.3861093164492,-32.4933013916016
12.0462962962963,56.3861093164492,-32.081958770752
12.0972222222222,56.3861093164492,-31.5919589996338
12.1481481481481,56.3861093164492,-34.4919586181641
12.1990740740741,56.3861093164492,-32.4719581604004
12.25,56.3861093164492,-33.2219581604004
12.3009259259259,56.3861093164492,-30.5723361968994
12.3518518518518,56.3861093164492,-29.3823356628418
12.4027777777778,56.3861093164492,-27.1023368835449
12.4537037037037,56.3861093164492,-25.432336807251
12.5046296296296,56.3861093164492,-24.5023365020752
12.5555555555556,56.3861093164492,-23.6265430450439
12.6064814814815,56.3861093164492,-16.9165420532227
12.6574074074074,56.3861093164492,-1.36654245853424
12.7083333333333,56.3861093164492,31.1334571838379
12.7592592592593,56.3861093164492,49.5234565734863
12.8101851851852,56.3861093164492,122.768608093262
12.8611111111111,56.3861093164492,174.088607788086
12.912037037037,56.3861093164492,179.218612670898
12.962962962963,56.3861093164492,182.23860168457
13.0138888888889,56.3861093164492,184.57861328125
13.0648148148148,56.3861093164492,159.428604125977
13.1157407407407,56.3861093164492,79.4977264404297
13.1666666666667,56.3861093164492,66.787727355957
13.2175925925926,56.3861093164492,73.6177291870117
13.2685185185185,56.3861093164492,78.5877304077148
13.3194444444444,56.3861093164492,112.577728271484
13.3703703703704,56.3861093164492,117.891815185547
13.4212962962963,56.3861093164492,122.19181060791
13.4722222222222,56.3861093164492,120.121810913086
13.5231481481481,56.3861093164492,117.891815185547
13.5740740740741,56.3861093164492,127.981811523438
13.625,56.3861093164492,113.041015625
13.6759259259259,56.3861093164492,111.831016540527
13.7268518518518,56.3861093164492,124.681022644043
13.7777777777778,56.3861093164492,126.121017456055
13.8287037037037,56.3861093164492,102.651016235352
13.8796296296296,56.3861093164492,93.4210205078125
13.9305555555556,56.3861093164492,87.6899337768555
13.9814814814815,56.3861093164492,90.7799377441406
14.0324074074074,56.3861093164492,82.3299331665039
14.0833333333333,56.3861093164492,91.6999359130859
14.1342592592593,56.3861093164492,110.329933166504
14.1851851851852,56.3861093164492,124.939277648926
14.2361111111111,56.3861093164492,119.109283447266
14.287037037037,56.3861093164492,120.699279785156
14.337962962963,56.3861093164492,125.059280395508
14.3888888888889,56.3861093164492,125.339279174805
14.4398148148148,56.3861093164492,128.924133300781
14.4907407407407,56.3861093164492,125.264129638672
14.5416666666667,56.3861093164492,136.744125366211
14.5925925925926,56.3861093164492,137.224136352539
14.6435185185185,56.3861093164492,134.254135131836
14.6944444444444,56.3861093164492,128.347503662109
14.7453703703704,56.3861093164492,132.647506713867
14.7962962962963,56.3861093164492,128.137496948242
14.8472222222222,56.3861093164492,120.287498474121
14.8981481481481,56.3861093164492,114.757499694824
14.9490740740741,56.3861093164492,116.227500915527
15,56.3861093164492,116.818740844727
9.5,56.3349399147177,55.3259429931641
9.55092592592593,56.3349399147177,23.5459442138672
9.60185185185185,56.3349399147177,28.855411529541
9.65277777777778,56.3349399147177,34.8154106140137
9.7037037037037,56.3349399147177,41.855411529541
9.75462962962963,56.3349399147177,60.9654121398926
9.80555555555556,56.3349399147177,85.0854110717773
9.85648148148148,56.3349399147177,63.9420585632324
9.90740740740741,56.3349399147177,45.9820594787598
9.95833333333333,56.3349399147177,46.8420600891113
10.0092592592593,56.3349399147177,43.5220603942871
10.0601851851852,56.3349399147177,43.8320617675781
10.1111111111111,56.3349399147177,53.3320617675781
10.162037037037,56.3349399147177,70.7686004638672
10.212962962963,56.3349399147177,64.6286010742188
10.2638888888889,56.3349399147177,51.1186027526855
10.3148148148148,56.3349399147177,34.8986015319824
10.3657407407407,56.3349399147177,59.8486022949219
10.4166666666667,56.3349399147177,46.1125335693359
10.4675925925926,56.3349399147177,36.462532043457
10.5185185185185,56.3349399147177,11.0725326538086
10.5694444444444,56.3349399147177,18.022533416748
10.6203703703704,56.3349399147177,28.3425331115723
10.6712962962963,56.3349399147177,30.3168277740479
10.7222222222222,56.3349399147177,26.4268283843994
10.7731481481481,56.3349399147177,24.5368270874023
10.8240740740741,56.3349399147177,24.0868282318115
10.875,56.3349399147177,5.08682775497437
10.9259259259259,56.3349399147177,-13.0904655456543
10.9768518518519,56.3349399147177,-16.0304660797119
11.0277777777778,56.3349399147177,-19.8704662322998
11.0787037037037,56.3349399147177,-20.6804656982422
11.1296296296296,56.3349399147177,-22.3504657745361
11.1805555555556,56.3349399147177,-23.3504657745361
11.2314814814815,56.3349399147177,-21.3714828491211
11.2824074074074,56.3349399147177,-18.5514831542969
11.3333333333333,56.3349399147177,-17.6614818572998
11.3842592592593,56.3349399147177,-20.541482925415
11.4351851851852,56.3349399147177,-19.6914825439453
11.4861111111111,56.3349399147177,-16.7027320861816
11.537037037037,56.3349399147177,-19.5027313232422
11.587962962963,56.3349399147177,-20.8027324676514
11.6388888888889,56.3349399147177,-27.5827312469482
11.6898148148148,56.3349399147177,-22.3927307128906
11.7407407407407,56.3349399147177,-14.2033014297485
11.7916666666667,56.3349399147177,-14.3033018112183
11.8425925925926,56.3349399147177,-22.443302154541
11.8935185185185,56.3349399147177,-24.1833019256592
11.9444444444444,56.3349399147177,-29.6733016967773
11.9953703703704,56.3349399147177,-30.363302230835
12.0462962962963,56.3349399147177,-31.2619590759277
12.0972222222222,56.3349399147177,-32.0519599914551
12.1481481481481,56.3349399147177,-31.4319591522217
12.1990740740741,56.3349399147177,-31.6319580078125
12.25,56.3349399147177,-30.5119590759277
12.3009259259259,56.3349399147177,-29.0923366546631
12.3518518518518,56.3349399147177,-28.0823364257812
12.4027777777778,56.3349399147177,-27.3523368835449
12.4537037037037,56.3349399147177,-21.2923355102539
12.5046296296296,56.3349399147177,-23.7923355102539
12.5555555555556,56.3349399147177,-22.896541595459
12.6064814814815,56.3349399147177,-20.8765430450439
12.6574074074074,56.3349399147177,-19.396541595459
12.7083333333333,56.3349399147177,-14.0365428924561
12.7592592592593,56.3349399147177,-4.98654270172119
12.8101851851852,56.3349399147177,22.2686061859131
12.8611111111111,56.3349399147177,21.9286060333252
12.912037037037,56.3349399147177,53.8386039733887
12.962962962963,56.3349399147177,84.1386032104492
13.0138888888889,56.3349399147177,73.9086074829102
13.0648148148148,56.3349399147177,82.8986053466797
13.1157407407407,56.3349399147177,92.4677276611328
13.1666666666667,56.3349399147177,109.977729797363
13.2175925925926,56.3349399147177,144.427734375
13.2685185185185,56.3349399147177,144.867721557617
13.3194444444444,56.3349399147177,140.047729492188
13.3703703703704,56.3349399147177,119.581817626953
13.4212962962963,56.3349399147177,122.121810913086
13.4722222222222,56.3349399147177,127.521812438965
13.5231481481481,56.3349399147177,130.491821289062
13.5740740740741,56.3349399147177,126.051811218262
13.625,56.3349399147177,111.30101776123
13.6759259259259,56.3349399147177,107.411018371582
13.7268518518518,56.3349399147177,115.871017456055
13.7777777777778,56.3349399147177,102.561019897461
13.8287037037037,56.3349399147177,96.0110168457031
13.8796296296296,56.3349399147177,85.661018371582
13.9305555555556,56.3349399147177,87.6199340820312
13.9814814814815,56.3349399147177,81.049934387207
14.0324074074074,56.3349399147177,66.4699401855469
14.0833333333333,56.3349399147177,63.7499351501465
14.1342592592593,56.3349399147177,71.4999389648438
14.1851851851852,56.3349399147177,100.809280395508
14.2361111111111,56.3349399147177,95.8992767333984
14.287037037037,56.3349399147177,100.469276428223
14.337962962963,56.3349399147177,91.3292770385742
14.3888888888889,56.3349399147177,89.2292785644531
14.4398148148148,56.3349399147177,90.8841323852539
14.4907407407407,56.3349399147177,96.234130859375
14.5416666666667,56.3349399147177,91.3941345214844
14.5925925925926,56.3349399147177,136.954132080078
14.6435185185185,56.3349399147177,136.264129638672
14.6944444444444,56.3349399147177,109.407501220703
14.7453703703704,56.3349399147177,97.8475036621094
14.7962962962963,56.3349399147177,97.807502746582
14.8472222222222,56.3349399147177,97.4575042724609
14.8981481481481,56.3349399147177,90.807502746582
14.9490740740741,56.3349399147177,96.5074996948242
15,56.3349399147177,82.838737487793
9.5,56.2837705129862,62.0159454345703
9.55092592592593,56.2837705129862,58.0659446716309
9.60185185185185,56.2837705129862,43.4354133605957
9.65277777777778,56.2837705129862,36.1154098510742
9.7037037037037,56.2837705129862,45.665412902832
9.75462962962963,56.2837705129862,62.1354103088379
9.80555555555556,56.2837705129862,65.7354125976562
9.85648148148148,56.2837705129862,68.862060546875
9.90740740740741,56.2837705129862,77.482063293457
9.95833333333333,56.2837705129862,76.6320571899414
10.0092592592593,56.2837705129862,72.982063293457
10.0601851851852,56.2837705129862,40.9420585632324
10.1111111111111,56.2837705129862,63.3420600891113
10.162037037037,56.2837705129862,51.1286010742188
10.212962962963,56.2837705129862,68.5286026000977
10.2638888888889,56.2837705129862,82.3486022949219
10.3148148148148,56.2837705129862,58.8386039733887
10.3657407407407,56.2837705129862,7.51860237121582
10.4166666666667,56.2837705129862,1.03253281116486
10.4675925925926,56.2837705129862,19.3225326538086
10.5185185185185,56.2837705129862,27.5625324249268
10.5694444444444,56.2837705129862,29.7325325012207
10.6203703703704,56.2837705129862,20.3125324249268
10.6712962962963,56.2837705129862,17.4068279266357
10.7222222222222,56.2837705129862,27.6168270111084
10.7731481481481,56.2837705129862,31.2768268585205
10.8240740740741,56.2837705129862,-7.38317203521729
10.875,56.2837705129862,-15.3031721115112
10.9259259259259,56.2837705129862,-17.7004661560059
10.9768518518519,56.2837705129862,-19.1804656982422
11.0277777777778,56.2837705129862,-20.7704658508301
11.0787037037037,56.2837705129862,-23.4504661560059
11.1296296296296,56.2837705129862,-21.4204654693604
11.1805555555556,56.2837705129862,-19.8504657745361
11.2314814814815,56.2837705129862,-16.6314830780029
11.2824074074074,56.2837705129862,-18.3714828491211
11.3333333333333,56.2837705129862,-20.0614814758301
11.3842592592593,56.2837705129862,-20.6914825439453
11.4351851851852,56.2837705129862,-19.3014831542969
11.4861111111111,56.2837705129862,-18.1927318572998
11.537037037037,56.2837705129862,-20.6227321624756
11.587962962963,56.2837705129862,-22.5527324676514
11.6388888888889,56.2837705129862,-23.3627319335938
11.6898148148148,56.2837705129862,-18.9527320861816
11.7407407407407,56.2837705129862,-8.85330104827881
11.7916666666667,56.2837705129862,-6.5033016204834
11.8425925925926,56.2837705129862,-21.3033008575439
11.8935185185185,56.2837705129862,-23.1433010101318
11.9444444444444,56.2837705129862,-27.88330078125
11.9953703703704,56.2837705129862,-29.0533008575439
12.0462962962963,56.2837705129862,-30.2419586181641
12.0972222222222,56.2837705129862,-30.661958694458
12.1481481481481,56.2837705129862,-30.0219593048096
12.1990740740741,56.2837705129862,-29.8219585418701
12.25,56.2837705129862,-28.831958770752
12.3009259259259,56.2837705129862,-27.5623359680176
12.3518518518518,56.2837705129862,-26.682336807251
12.4027777777778,56.2837705129862,-25.1323356628418
12.4537037037037,56.2837705129862,-17.3523368835449
12.5046296296296,56.2837705129862,46.1976623535156
12.5555555555556,56.2837705129862,26.1234569549561
12.6064814814815,56.2837705129862,-18.4465427398682
12.6574074074074,56.2837705129862,-17.9665431976318
12.7083333333333,56.2837705129862,-14.6065425872803
12.7592592592593,56.2837705129862,-12.4865427017212
12.8101851851852,56.2837705129862,5.00860595703125
12.8611111111111,56.2837705129862,19.3386058807373
12.912037037037,56.2837705129862,25.7686061859131
12.962962962963,56.2837705129862,54.4286041259766
13.0138888888889,56.2837705129862,62.9586067199707
13.0648148148148,56.2837705129862,69.2386093139648
13.1157407407407,56.2837705129862,81.7677307128906
13.1666666666667,56.2837705129862,99.0177307128906
13.2175925925926,56.2837705129862,108.167724609375
13.2685185185185,56.2837705129862,106.157730102539
13.3194444444444,56.2837705129862,97.9477310180664
13.3703703703704,56.2837705129862,108.021812438965
13.4212962962963,56.2837705129862,113.131813049316
13.4722222222222,56.2837705129862,123.86181640625
13.5231481481481,56.2837705129862,124.751815795898
13.5740740740741,56.2837705129862,139.831817626953
13.625,56.2837705129862,124.981018066406
13.6759259259259,56.2837705129862,103.921020507812
13.7268518518518,56.2837705129862,89.6710205078125
13.7777777777778,56.2837705129862,80.8310165405273
13.8287037037037,56.2837705129862,66.8410186767578
13.8796296296296,56.2837705129862,78.7610168457031
13.9305555555556,56.2837705129862,82.8099365234375
13.9814814814815,56.2837705129862,78.5399398803711
14.0324074074074,56.2837705129862,61.5299377441406
14.0833333333333,56.2837705129862,58.109935760498
14.1342592592593,56.2837705129862,56.859935760498
14.1851851851852,56.2837705129862,87.7392807006836
14.2361111111111,56.2837705129862,84.9292831420898
14.287037037037,56.2837705129862,110.92928314209
14.337962962963,56.2837705129862,88.0492782592773
14.3888888888889,56.2837705129862,96.8492813110352
14.4398148148148,56.2837705129862,86.0541305541992
14.4907407407407,56.2837705129862,85.2441329956055
14.5416666666667,56.2837705129862,72.5441360473633
14.5925925925926,56.2837705129862,97.5541305541992
14.6435185185185,56.2837705129862,89.0341339111328
14.6944444444444,56.2837705129862,90.807502746582
14.7453703703704,56.2837705129862,91.1675033569336
14.7962962962963,56.2837705129862,70.6675033569336
14.8472222222222,56.2837705129862,77.0975036621094
14.8981481481481,56.2837705129862,78.5275039672852
14.9490740740741,56.2837705129862,62.3074989318848
15,56.2837705129862,63.7787399291992
9.5,56.2326011112547,60.3059425354004
9.55092592592593,56.2326011112547,69.6859436035156
9.60185185185185,56.2326011112547,68.9954147338867
9.65277777777778,56.2326011112547,33.5554122924805
9.7037037037037,56.2326011112547,57.1854133605957
9.75462962962963,56.2326011112547,67.3754119873047
9.80555555555556,56.2326011112547,65.2354125976562
9.85648148148148,56.2326011112547,82.1520614624023
9.90740740740741,56.2326011112547,84.3020629882812
9.95833333333333,56.2326011112547,69.6320571899414
10.0092592592593,56.2326011112547,72.4220581054688
10.0601851851852,56.2326011112547,46.4420585632324
10.1111111111111,56.2326011112547,42.8320617675781
10.162037037037,56.2326011112547,34.3286018371582
10.212962962963,56.2326011112547,15.1586027145386
10.2638888888889,56.2326011112547,7.31860256195068
10.3148148148148,56.2326011112547,-6.95139741897583
10.3657407407407,56.2326011112547,-2.74139738082886
10.4166666666667,56.2326011112547,-4.44746732711792
10.4675925925926,56.2326011112547,14.1625328063965
10.5185185185185,56.2326011112547,64.9325332641602
10.5694444444444,56.2326011112547,9.34253311157227
10.6203703703704,56.2326011112547,0.80253279209137
10.6712962962963,56.2326011112547,14.5068273544312
10.7222222222222,56.2326011112547,-6.83317232131958
10.7731481481481,56.2326011112547,-22.9531726837158
10.8240740740741,56.2326011112547,-19.0131721496582
10.875,56.2326011112547,-20.1031723022461
10.9259259259259,56.2326011112547,-19.8404655456543
10.9768518518519,56.2326011112547,-20.9904651641846
11.0277777777778,56.2326011112547,-24.4504661560059
11.0787037037037,56.2326011112547,-23.0004653930664
11.1296296296296,56.2326011112547,-18.7904663085938
11.1805555555556,56.2326011112547,-12.0304651260376
11.2314814814815,56.2326011112547,-17.1414813995361
11.2824074074074,56.2326011112547,-20.1114826202393
11.3333333333333,56.2326011112547,-20.0214824676514
11.3842592592593,56.2326011112547,-19.231481552124
11.4351851851852,56.2326011112547,-21.291482925415
11.4861111111111,56.2326011112547,-22.1127319335938
11.537037037037,56.2326011112547,-22.7027320861816
11.587962962963,56.2326011112547,-22.8327312469482
11.6388888888889,56.2326011112547,-20.0927314758301
11.6898148148148,56.2326011112547,-14.0427312850952
11.7407407407407,56.2326011112547,-22.3933010101318
11.7916666666667,56.2326011112547,-22.6633014678955
11.8425925925926,56.2326011112547,-25.0233020782471
11.8935185185185,56.2326011112547,-25.1433010101318
11.9444444444444,56.2326011112547,-27.8933010101318
11.9953703703704,56.2326011112547,-27.1533012390137
12.0462962962963,56.2326011112547,-25.411958694458
12.0972222222222,56.2326011112547,-26.1419582366943
12.1481481481481,56.2326011112547,-25.2619590759277
12.1990740740741,56.2326011112547,-25.0219593048096
12.25,56.2326011112547,-24.7619590759277
12.3009259259259,56.2326011112547,-24.7323360443115
12.3518518518518,56.2326011112547,-24.6023368835449
12.4027777777778,56.2326011112547,-23.9423370361328
12.4537037037037,56.2326011112547,-23.4823360443115
12.5046296296296,56.2326011112547,-9.28233623504639
12.5555555555556,56.2326011112547,6.12345743179321
12.6064814814815,56.2326011112547,6.64345741271973
12.6574074074074,56.2326011112547,5.05345726013184
12.7083333333333,56.2326011112547,4.94345760345459
12.7592592592593,56.2326011112547,6.69345760345459
12.8101851851852,56.2326011112547,6.9286060333252
12.8611111111111,56.2326011112547,9.06860542297363
12.912037037037,56.2326011112547,23.0886058807373
12.962962962963,56.2326011112547,18.4586067199707
13.0138888888889,56.2326011112547,27.9686050415039
13.0648148148148,56.2326011112547,40.4886054992676
13.1157407407407,56.2326011112547,99.7177276611328
13.1666666666667,56.2326011112547,88.7077255249023
13.2175925925926,56.2326011112547,99.3877258300781
13.2685185185185,56.2326011112547,100.187728881836
13.3194444444444,56.2326011112547,110.00772857666
13.3703703703704,56.2326011112547,103.451812744141
13.4212962962963,56.2326011112547,128.821807861328
13.4722222222222,56.2326011112547,133.43180847168
13.5231481481481,56.2326011112547,120.871810913086
13.5740740740741,56.2326011112547,109.911811828613
13.625,56.2326011112547,116.851020812988
13.6759259259259,56.2326011112547,94.4510192871094
13.7268518518518,56.2326011112547,80.7810211181641
13.7777777777778,56.2326011112547,64.2710189819336
13.8287037037037,56.2326011112547,69.5010223388672
13.8796296296296,56.2326011112547,49.6510200500488
13.9305555555556,56.2326011112547,51.1199378967285
13.9814814814815,56.2326011112547,55.9099349975586
14.0324074074074,56.2326011112547,54.5499382019043
14.0833333333333,56.2326011112547,45.2199363708496
14.1342592592593,56.2326011112547,32.6599349975586
14.1851851851852,56.2326011112547,61.2692794799805
14.2361111111111,56.2326011112547,89.8592834472656
14.287037037037,56.2326011112547,88.4292831420898
14.337962962963,56.2326011112547,110.369277954102
14.3888888888889,56.2326011112547,103.789276123047
14.4398148148148,56.2326011112547,121.504135131836
14.4907407407407,56.2326011112547,121.374130249023
14.5416666666667,56.2326011112547,57.3741340637207
14.5925925925926,56.2326011112547,57.4141311645508
14.6435185185185,56.2326011112547,45.6541328430176
14.6944444444444,56.2326011112547,38.0574989318848
14.7453703703704,56.2326011112547,31.2275009155273
14.7962962962963,56.2326011112547,49.9275016784668
14.8472222222222,56.2326011112547,45.2775001525879
14.8981481481481,56.2326011112547,44.0175018310547
14.9490740740741,56.2326011112547,34.0074996948242
15,56.2326011112547,34.9287376403809
9.5,56.1814317095232,58.2659454345703
9.55092592592593,56.1814317095232,43.3559455871582
9.60185185185185,56.1814317095232,50.0254135131836
9.65277777777778,56.1814317095232,52.3454132080078
9.7037037037037,56.1814317095232,64.1454086303711
9.75462962962963,56.1814317095232,98.9254150390625
9.80555555555556,56.1814317095232,78.7754135131836
9.85648148148148,56.1814317095232,75.8920593261719
9.90740740740741,56.1814317095232,66.6620635986328
9.95833333333333,56.1814317095232,46.1720581054688
10.0092592592593,56.1814317095232,45.6020584106445
10.0601851851852,56.1814317095232,58.8120613098145
10.1111111111111,56.1814317095232,66.1520614624023
10.162037037037,56.1814317095232,68.948600769043
10.212962962963,56.1814317095232,44.0286026000977
10.2638888888889,56.1814317095232,-9.32139778137207
10.3148148148148,56.1814317095232,-14.0113973617554
10.3657407407407,56.1814317095232,15.9786024093628
10.4166666666667,56.1814317095232,4.61253261566162
10.4675925925926,56.1814317095232,15.6425323486328
10.5185185185185,56.1814317095232,13.3225326538086
10.5694444444444,56.1814317095232,-11.8674669265747
10.6203703703704,56.1814317095232,2.56253290176392
10.6712962962963,56.1814317095232,30.7668285369873
10.7222222222222,56.1814317095232,-12.1631717681885
10.7731481481481,56.1814317095232,-22.5331726074219
10.8240740740741,56.1814317095232,-17.3231716156006
10.875,56.1814317095232,-18.0431728363037
10.9259259259259,56.1814317095232,-20.6404647827148
10.9768518518519,56.1814317095232,-22.0604648590088
11.0277777777778,56.1814317095232,-24.1604652404785
11.0787037037037,56.1814317095232,-22.1004657745361
11.1296296296296,56.1814317095232,-16.5604648590088
11.1805555555556,56.1814317095232,-10.7904653549194
11.2314814814815,56.1814317095232,-21.0814819335938
11.2824074074074,56.1814317095232,-24.2814826965332
11.3333333333333,56.1814317095232,-18.3714828491211
11.3842592592593,56.1814317095232,-19.2414817810059
11.4351851851852,56.1814317095232,-21.5314826965332
11.4861111111111,56.1814317095232,-21.8827323913574
11.537037037037,56.1814317095232,-21.7927322387695
11.587962962963,56.1814317095232,-21.5927314758301
11.6388888888889,56.1814317095232,-21.3127307891846
11.6898148148148,56.1814317095232,-19.2927322387695
11.7407407407407,56.1814317095232,-20.6533012390137
11.7916666666667,56.1814317095232,-22.8933010101318
11.8425925925926,56.1814317095232,-24.4133014678955
11.8935185185185,56.1814317095232,-25.0033016204834
11.9444444444444,56.1814317095232,-25.2033004760742
11.9953703703704,56.1814317095232,-24.2533016204834
12.0462962962963,56.1814317095232,-21.6119594573975
12.0972222222222,56.1814317095232,-22.2219581604004
12.1481481481481,56.1814317095232,-20.9719581604004
12.1990740740741,56.1814317095232,-20.1219577789307
12.25,56.1814317095232,-19.7119579315186
12.3009259259259,56.1814317095232,-23.432336807251
12.3518518518518,56.1814317095232,-24.3423366546631
12.4027777777778,56.1814317095232,-24.37233543396
12.4537037037037,56.1814317095232,-24.2523365020752
12.5046296296296,56.1814317095232,-15.0923357009888
12.5555555555556,56.1814317095232,-0.446542501449585
12.6064814814815,56.1814317095232,4.28345727920532
12.6574074074074,56.1814317095232,5.6034574508667
12.7083333333333,56.1814317095232,7.02345752716064
12.7592592592593,56.1814317095232,7.48345756530762
12.8101851851852,56.1814317095232,6.87860584259033
12.8611111111111,56.1814317095232,14.6586055755615
12.912037037037,56.1814317095232,35.3386039733887
12.962962962963,56.1814317095232,27.5586051940918
13.0138888888889,56.1814317095232,13.2886056900024
13.0648148148148,56.1814317095232,28.7086067199707
13.1157407407407,56.1814317095232,56.2377281188965
13.1666666666667,56.1814317095232,61.7477264404297
13.2175925925926,56.1814317095232,78.9577255249023
13.2685185185185,56.1814317095232,88.7477264404297
13.3194444444444,56.1814317095232,90.3277282714844
13.3703703703704,56.1814317095232,95.491813659668
13.4212962962963,56.1814317095232,124.301811218262
13.4722222222222,56.1814317095232,123.291816711426
13.5231481481481,56.1814317095232,119.281814575195
13.5740740740741,56.1814317095232,106.121810913086
13.625,56.1814317095232,110.561019897461
13.6759259259259,56.1814317095232,93.931022644043
13.7268518518518,56.1814317095232,58.7110176086426
13.7777777777778,56.1814317095232,51.5510177612305
13.8287037037037,56.1814317095232,49.8410186767578
13.8796296296296,56.1814317095232,43.661018371582
13.9305555555556,56.1814317095232,33.7199363708496
13.9814814814815,56.1814317095232,31.4799365997314
14.0324074074074,56.1814317095232,42.6199378967285
14.0833333333333,56.1814317095232,46.1499366760254
14.1342592592593,56.1814317095232,20.8999366760254
14.1851851851852,56.1814317095232,36.8692779541016
14.2361111111111,56.1814317095232,52.7692794799805
14.287037037037,56.1814317095232,34.7692794799805
14.337962962963,56.1814317095232,61.2992782592773
14.3888888888889,56.1814317095232,41.9492797851562
14.4398148148148,56.1814317095232,109.744132995605
14.4907407407407,56.1814317095232,46.8241310119629
14.5416666666667,56.1814317095232,38.8641319274902
14.5925925925926,56.1814317095232,91.7441329956055
14.6435185185185,56.1814317095232,35.6541328430176
14.6944444444444,56.1814317095232,17.7275009155273
14.7453703703704,56.1814317095232,13.6975002288818
14.7962962962963,56.1814317095232,20.0375003814697
14.8472222222222,56.1814317095232,21.8075008392334
14.8981481481481,56.1814317095232,24.7275009155273
14.9490740740741,56.1814317095232,19.7275009155273
15,56.1814317095232,21.5187377929688
9.5,56.1302623077917,87.3433532714844
9.55092592592593,56.1302623077917,65.1033554077148
9.60185185185185,56.1302623077917,61.8027954101562
9.65277777777778,56.1302623077917,51.9627952575684
9.7037037037037,56.1302623077917,41.61279296875
9.75462962962963,56.1302623077917,70.4127960205078
9.80555555555556,56.1302623077917,58.0427932739258
9.85648148148148,56.1302623077917,44.3575019836426
9.90740740740741,56.1302623077917,49.7975006103516
9.95833333333333,56.1302623077917,48.5475006103516
10.0092592592593,56.1302623077917,39.1575012207031
10.0601851851852,56.1302623077917,70.7075042724609
10.1111111111111,56.1302623077917,59.8074989318848
10.162037037037,56.1302623077917,57.235466003418
10.212962962963,56.1302623077917,42.7254676818848
10.2638888888889,56.1302623077917,-13.7645330429077
10.3148148148148,56.1302623077917,-14.6445331573486
10.3657407407407,56.1302623077917,-16.4645328521729
10.4166666666667,56.1302623077917,-22.0906066894531
10.4675925925926,56.1302623077917,-13.8106069564819
10.5185185185185,56.1302623077917,16.2393932342529
10.5694444444444,56.1302623077917,-9.97060775756836
10.6203703703704,56.1302623077917,-12.7206077575684
10.6712962962963,56.1302623077917,-7.31360960006714
10.7222222222222,56.1302623077917,-27.8236103057861
10.7731481481481,56.1302623077917,-16.7136096954346
10.8240740740741,56.1302623077917,-11.5036096572876
10.875,56.1302623077917,-17.1936092376709
10.9259259259259,56.1302623077917,-22.8611869812012
10.9768518518519,56.1302623077917,-22.0211868286133
11.0277777777778,56.1302623077917,-21.4211864471436
11.0787037037037,56.1302623077917,-23.391185760498
11.1296296296296,56.1302623077917,-33.3211860656738
11.1805555555556,56.1302623077917,-29.5711860656738
11.2314814814815,56.1302623077917,-21.6031513214111
11.2824074074074,56.1302623077917,-20.0731506347656
11.3333333333333,56.1302623077917,-18.7031497955322
11.3842592592593,56.1302623077917,-20.2431507110596
11.4351851851852,56.1302623077917,-21.6231498718262
11.4861111111111,56.1302623077917,-21.8810348510742
11.537037037037,56.1302623077917,-21.06103515625
11.587962962963,56.1302623077917,-20.9810352325439
11.6388888888889,56.1302623077917,-21.0110340118408
11.6898148148148,56.1302623077917,-20.7110347747803
11.7407407407407,56.1302623077917,-21.9281883239746
11.7916666666667,56.1302623077917,-21.0881881713867
11.8425925925926,56.1302623077917,-20.1881885528564
11.8935185185185,56.1302623077917,-19.3381881713867
11.9444444444444,56.1302623077917,-17.488187789917
11.9953703703704,56.1302623077917,-16.0081882476807
12.0462962962963,56.1302623077917,-14.0183429718018
12.0972222222222,56.1302623077917,-13.7183427810669
12.1481481481481,56.1302623077917,-10.7983427047729
12.1990740740741,56.1302623077917,-3.76834273338318
12.25,56.1302623077917,5.28165721893311
12.3009259259259,56.1302623077917,5.2207145690918
12.3518518518518,56.1302623077917,8.7807149887085
12.4027777777778,56.1302623077917,-12.3292856216431
12.4537037037037,56.1302623077917,-19.2992858886719
12.5046296296296,56.1302623077917,-26.2692852020264
12.5555555555556,56.1302623077917,-27.6692733764648
12.6064814814815,56.1302623077917,15.0107259750366
12.6574074074074,56.1302623077917,37.5207252502441
12.7083333333333,56.1302623077917,27.0007266998291
12.7592592592593,56.1302623077917,18.4407253265381
12.8101851851852,56.1302623077917,12.3203125
12.8611111111111,56.1302623077917,10.1503124237061
12.912037037037,56.1302623077917,15.0503120422363
12.962962962963,56.1302623077917,34.2003135681152
13.0138888888889,56.1302623077917,65.950309753418
13.0648148148148,56.1302623077917,51.4903106689453
13.1157407407407,56.1302623077917,27.0303649902344
13.1666666666667,56.1302623077917,34.1003646850586
13.2175925925926,56.1302623077917,59.4703636169434
13.2685185185185,56.1302623077917,52.740364074707
13.3194444444444,56.1302623077917,76.9503631591797
13.3703703703704,56.1302623077917,80.6100006103516
13.4212962962963,56.1302623077917,96.2900009155273
13.4722222222222,56.1302623077917,100.389999389648
13.5231481481481,56.1302623077917,123
13.5740740740741,56.1302623077917,146.770004272461
13.625,56.1302623077917,117.86360168457
13.6759259259259,56.1302623077917,108.923599243164
13.7268518518518,56.1302623077917,50.2035980224609
13.7777777777778,56.1302623077917,81.8835983276367
13.8287037037037,56.1302623077917,84.9735946655273
13.8796296296296,56.1302623077917,54.7835998535156
13.9305555555556,56.1302623077917,30.2484645843506
13.9814814814815,56.1302623077917,22.3584651947021
14.0324074074074,56.1302623077917,24.368465423584
14.0833333333333,56.1302623077917,24.8484649658203
14.1342592592593,56.1302623077917,27.3184642791748
14.1851851851852,56.1302623077917,35.2089385986328
14.2361111111111,56.1302623077917,35.1389350891113
14.287037037037,56.1302623077917,18.0289363861084
14.337962962963,56.1302623077917,16.38893699646
14.3888888888889,56.1302623077917,12.1089372634888
14.4398148148148,56.1302623077917,23.6209869384766
14.4907407407407,56.1302623077917,8.21098613739014
14.5416666666667,56.1302623077917,32.8309860229492
14.5925925925926,56.1302623077917,122.42098236084
14.6435185185185,56.1302623077917,26.8109855651855
14.6944444444444,56.1302623077917,2.68748307228088
14.7453703703704,56.1302623077917,-10.5525169372559
14.7962962962963,56.1302623077917,-12.9725170135498
14.8472222222222,56.1302623077917,-20.0925178527832
14.8981481481481,56.1302623077917,-21.0125160217285
14.9490740740741,56.1302623077917,-21.4925174713135
15,56.1302623077917,-11.0612983703613
9.5,56.0790929060602,114.603355407715
9.55092592592593,56.0790929060602,80.7933578491211
9.60185185185185,56.0790929060602,73.0027923583984
9.65277777777778,56.0790929060602,112.392791748047
9.7037037037037,56.0790929060602,67.4927978515625
9.75462962962963,56.0790929060602,49.0527954101562
9.80555555555556,56.0790929060602,80.8427963256836
9.85648148148148,56.0790929060602,92.9875030517578
9.90740740740741,56.0790929060602,84.7975006103516
9.95833333333333,56.0790929060602,81.8974990844727
10.0092592592593,56.0790929060602,69.6374969482422
10.0601851851852,56.0790929060602,62.9475021362305
10.1111111111111,56.0790929060602,64.5074996948242
10.162037037037,56.0790929060602,60.1654663085938
10.212962962963,56.0790929060602,51.1454658508301
10.2638888888889,56.0790929060602,-13.0245332717896
10.3148148148148,56.0790929060602,-14.0645332336426
10.3657407407407,56.0790929060602,-14.9745330810547
10.4166666666667,56.0790929060602,-20.5106067657471
10.4675925925926,56.0790929060602,-21.7306079864502
10.5185185185185,56.0790929060602,-27.240608215332
10.5694444444444,56.0790929060602,-23.5306072235107
10.6203703703704,56.0790929060602,-17.1906070709229
10.6712962962963,56.0790929060602,-18.4636096954346
10.7222222222222,56.0790929060602,-24.103609085083
10.7731481481481,56.0790929060602,-16.6336097717285
10.8240740740741,56.0790929060602,-9.56360912322998
10.875,56.0790929060602,-13.1836090087891
10.9259259259259,56.0790929060602,-26.7111873626709
10.9768518518519,56.0790929060602,-19.2011871337891
11.0277777777778,56.0790929060602,-17.141185760498
11.0787037037037,56.0790929060602,-23.3311862945557
11.1296296296296,56.0790929060602,-33.9311866760254
11.1805555555556,56.0790929060602,-19.621187210083
11.2314814814815,56.0790929060602,-18.2031497955322
11.2824074074074,56.0790929060602,-21.0231513977051
11.3333333333333,56.0790929060602,-20.6031513214111
11.3842592592593,56.0790929060602,-20.6631507873535
11.4351851851852,56.0790929060602,-21.3431510925293
11.4861111111111,56.0790929060602,-21.1910343170166
11.537037037037,56.0790929060602,-19.56103515625
11.587962962963,56.0790929060602,-19.6810340881348
11.6388888888889,56.0790929060602,-19.9410343170166
11.6898148148148,56.0790929060602,-20.1610355377197
11.7407407407407,56.0790929060602,-19.238187789917
11.7916666666667,56.0790929060602,-18.1481876373291
11.8425925925926,56.0790929060602,-15.6981887817383
11.8935185185185,56.0790929060602,-15.5081882476807
11.9444444444444,56.0790929060602,-13.1781883239746
11.9953703703704,56.0790929060602,-11.3981885910034
12.0462962962963,56.0790929060602,-11.628342628479
12.0972222222222,56.0790929060602,-8.10834312438965
12.1481481481481,56.0790929060602,10.4816570281982
12.1990740740741,56.0790929060602,15.7216567993164
12.25,56.0790929060602,20.8716564178467
12.3009259259259,56.0790929060602,4.60071468353271
12.3518518518518,56.0790929060602,16.0607147216797
12.4027777777778,56.0790929060602,11.1707143783569
12.4537037037037,56.0790929060602,12.0907144546509
12.5046296296296,56.0790929060602,14.1807146072388
12.5555555555556,56.0790929060602,-7.63927412033081
12.6064814814815,56.0790929060602,-23.5792751312256
12.6574074074074,56.0790929060602,5.41072559356689
12.7083333333333,56.0790929060602,42.3207244873047
12.7592592592593,56.0790929060602,43.4707260131836
12.8101851851852,56.0790929060602,29.9903125762939
12.8611111111111,56.0790929060602,22.5103130340576
12.912037037037,56.0790929060602,20.8903121948242
12.962962962963,56.0790929060602,23.2803115844727
13.0138888888889,56.0790929060602,99.950309753418
13.0648148148148,56.0790929060602,137.5703125
13.1157407407407,56.0790929060602,117.780364990234
13.1666666666667,56.0790929060602,82.9803619384766
13.2175925925926,56.0790929060602,44.0103645324707
13.2685185185185,56.0790929060602,45.5603637695312
13.3194444444444,56.0790929060602,50.6203651428223
13.3703703703704,56.0790929060602,72.6800003051758
13.4212962962963,56.0790929060602,93.3199996948242
13.4722222222222,56.0790929060602,109.389999389648
13.5231481481481,56.0790929060602,135.690002441406
13.5740740740741,56.0790929060602,142.809997558594
13.625,56.0790929060602,118.383598327637
13.6759259259259,56.0790929060602,112.60359954834
13.7268518518518,56.0790929060602,91.4636001586914
13.7777777777778,56.0790929060602,97.0135955810547
13.8287037037037,56.0790929060602,143.443603515625
13.8796296296296,56.0790929060602,103.153594970703
13.9305555555556,56.0790929060602,46.558464050293
13.9814814814815,56.0790929060602,21.6484642028809
14.0324074074074,56.0790929060602,10.7384643554688
14.0833333333333,56.0790929060602,7.39846467971802
14.1342592592593,56.0790929060602,6.84846496582031
14.1851851851852,56.0790929060602,15.6589365005493
14.2361111111111,56.0790929060602,9.21893692016602
14.287037037037,56.0790929060602,25.5189361572266
14.337962962963,56.0790929060602,10.1189365386963
14.3888888888889,56.0790929060602,4.52893686294556
14.4398148148148,56.0790929060602,3.51098608970642
14.4907407407407,56.0790929060602,17.0009860992432
14.5416666666667,56.0790929060602,25.8309860229492
14.5925925925926,56.0790929060602,92.7109832763672
14.6435185185185,56.0790929060602,11.970986366272
14.6944444444444,56.0790929060602,6.16748285293579
14.7453703703704,56.0790929060602,4.37748289108276
14.7962962962963,56.0790929060602,-11.4725170135498
14.8472222222222,56.0790929060602,-21.2425174713135
14.8981481481481,56.0790929060602,-30.4525165557861
14.9490740740741,56.0790929060602,-36.5125160217285
15,56.0790929060602,-37.521297454834
9.5,56.0279235043287,87.0933532714844
9.55092592592593,56.0279235043287,114.003356933594
9.60185185185185,56.0279235043287,106.62279510498
9.65277777777778,56.0279235043287,50.3127937316895
9.7037037037037,56.0279235043287,67.5427932739258
9.75462962962963,56.0279235043287,59.8427963256836
9.80555555555556,56.0279235043287,68.2927932739258
9.85648148148148,56.0279235043287,41.497501373291
9.90740740740741,56.0279235043287,30.8875007629395
9.95833333333333,56.0279235043287,55.5475006103516
10.0092592592593,56.0279235043287,90.0175018310547
10.0601851851852,56.0279235043287,83.4674987792969
10.1111111111111,56.0279235043287,71.5875015258789
10.162037037037,56.0279235043287,32.6554679870605
10.212962962963,56.0279235043287,21.0254669189453
10.2638888888889,56.0279235043287,-3.95453310012817
10.3148148148148,56.0279235043287,-10.0945329666138
10.3657407407407,56.0279235043287,-15.3345327377319
10.4166666666667,56.0279235043287,-17.3606071472168
10.4675925925926,56.0279235043287,-11.1906070709229
10.5185185185185,56.0279235043287,-16.8206081390381
10.5694444444444,56.0279235043287,-5.9706072807312
10.6203703703704,56.0279235043287,-16.2306079864502
10.6712962962963,56.0279235043287,-17.7236099243164
10.7222222222222,56.0279235043287,-19.6936092376709
10.7731481481481,56.0279235043287,-20.5636100769043
10.8240740740741,56.0279235043287,-12.0736093521118
10.875,56.0279235043287,-17.4836101531982
10.9259259259259,56.0279235043287,-19.621187210083
10.9768518518519,56.0279235043287,-17.4011859893799
11.0277777777778,56.0279235043287,-27.6711864471436
11.0787037037037,56.0279235043287,-26.9711875915527
11.1296296296296,56.0279235043287,-19.7211875915527
11.1805555555556,56.0279235043287,-19.5811862945557
11.2314814814815,56.0279235043287,-8.71315097808838
11.2824074074074,56.0279235043287,-6.98315048217773
11.3333333333333,56.0279235043287,-18.6431503295898
11.3842592592593,56.0279235043287,-18.693151473999
11.4351851851852,56.0279235043287,-17.3331508636475
11.4861111111111,56.0279235043287,-17.2610340118408
11.537037037037,56.0279235043287,-16.1310348510742
11.587962962963,56.0279235043287,-15.3010349273682
11.6388888888889,56.0279235043287,-14.1810350418091
11.6898148148148,56.0279235043287,-13.5710344314575
11.7407407407407,56.0279235043287,-10.0081882476807
11.7916666666667,56.0279235043287,-8.91818809509277
11.8425925925926,56.0279235043287,-11.4481887817383
11.8935185185185,56.0279235043287,-10.1981887817383
11.9444444444444,56.0279235043287,-1.05818831920624
11.9953703703704,56.0279235043287,2.82181167602539
12.0462962962963,56.0279235043287,11.4916572570801
12.0972222222222,56.0279235043287,8.39165687561035
12.1481481481481,56.0279235043287,30.7216567993164
12.1990740740741,56.0279235043287,26.7916564941406
12.25,56.0279235043287,22.6216564178467
12.3009259259259,56.0279235043287,53.0807151794434
12.3518518518518,56.0279235043287,40.0807151794434
12.4027777777778,56.0279235043287,17.9107151031494
12.4537037037037,56.0279235043287,36.040714263916
12.5046296296296,56.0279235043287,35.2407150268555
12.5555555555556,56.0279235043287,41.2307243347168
12.6064814814815,56.0279235043287,-13.1992740631104
12.6574074074074,56.0279235043287,-16.2892742156982
12.7083333333333,56.0279235043287,5.61072587966919
12.7592592592593,56.0279235043287,26.7407264709473
12.8101851851852,56.0279235043287,50.6703109741211
12.8611111111111,56.0279235043287,55.3403129577637
12.912037037037,56.0279235043287,77.4903106689453
12.962962962963,56.0279235043287,74.4703140258789
13.0138888888889,56.0279235043287,72.5803146362305
13.0648148148148,56.0279235043287,67.8703155517578
13.1157407407407,56.0279235043287,122.610366821289
13.1666666666667,56.0279235043287,138.670364379883
13.2175925925926,56.0279235043287,143.640365600586
13.2685185185185,56.0279235043287,135.430358886719
13.3194444444444,56.0279235043287,59.3903656005859
13.3703703703704,56.0279235043287,62.5200004577637
13.4212962962963,56.0279235043287,84.6900024414062
13.4722222222222,56.0279235043287,85.1599960327148
13.5231481481481,56.0279235043287,111.909996032715
13.5740740740741,56.0279235043287,124.659996032715
13.625,56.0279235043287,121.453598022461
13.6759259259259,56.0279235043287,104.393600463867
13.7268518518518,56.0279235043287,98.9235992431641
13.7777777777778,56.0279235043287,93.1535949707031
13.8287037037037,56.0279235043287,127.753601074219
13.8796296296296,56.0279235043287,129.643600463867
13.9305555555556,56.0279235043287,104.738464355469
13.9814814814815,56.0279235043287,89.7184677124023
14.0324074074074,56.0279235043287,69.5484619140625
14.0833333333333,56.0279235043287,44.6984634399414
14.1342592592593,56.0279235043287,7.13846492767334
14.1851851851852,56.0279235043287,0.568936824798584
14.2361111111111,56.0279235043287,5.1989369392395
14.287037037037,56.0279235043287,13.5689373016357
14.337962962963,56.0279235043287,15.5189371109009
14.3888888888889,56.0279235043287,11.2389364242554
14.4398148148148,56.0279235043287,6.08098602294922
14.4907407407407,56.0279235043287,-3.87901401519775
14.5416666666667,56.0279235043287,-4.50901412963867
14.5925925925926,56.0279235043287,-2.88901400566101
14.6435185185185,56.0279235043287,12.3909864425659
14.6944444444444,56.0279235043287,18.5974826812744
14.7453703703704,56.0279235043287,8.71748352050781
14.7962962962963,56.0279235043287,-7.57251691818237
14.8472222222222,56.0279235043287,-22.3925170898438
14.8981481481481,56.0279235043287,-30.8925170898438
14.9490740740741,56.0279235043287,-35.462516784668
15,56.0279235043287,-36.831298828125
9.5,55.9767541025972,99.1833572387695
9.55092592592593,55.9767541025972,107.613357543945
9.60185185185185,55.9767541025972,114.672798156738
9.65277777777778,55.9767541025972,66.1527938842773
9.7037037037037,55.9767541025972,48.9927940368652
9.75462962962963,55.9767541025972,108.072792053223
9.80555555555556,55.9767541025972,138.702789306641
9.85648148148148,55.9767541025972,87.057502746582
9.90740740740741,55.9767541025972,95.1575012207031
9.95833333333333,55.9767541025972,36.4575004577637
10.0092592592593,55.9767541025972,57.1175003051758
10.0601851851852,55.9767541025972,82.2675018310547
10.1111111111111,55.9767541025972,63.7075004577637
10.162037037037,55.9767541025972,11.125467300415
10.212962962963,55.9767541025972,13.0754671096802
10.2638888888889,55.9767541025972,-9.42453289031982
10.3148148148148,55.9767541025972,-11.4945335388184
10.3657407407407,55.9767541025972,-11.7245330810547
10.4166666666667,55.9767541025972,-11.5106077194214
10.4675925925926,55.9767541025972,-18.9706077575684
10.5185185185185,55.9767541025972,17.5793933868408
10.5694444444444,55.9767541025972,-4.21060752868652
10.6203703703704,55.9767541025972,-13.350606918335
10.6712962962963,55.9767541025972,-13.3036098480225
10.7222222222222,55.9767541025972,-9.16360950469971
10.7731481481481,55.9767541025972,-8.65360927581787
10.8240740740741,55.9767541025972,-18.603609085083
10.875,55.9767541025972,-18.9636096954346
10.9259259259259,55.9767541025972,-20.811185836792
10.9768518518519,55.9767541025972,-21.3411865234375
11.0277777777778,55.9767541025972,-24.9011859893799
11.0787037037037,55.9767541025972,-20.4911861419678
11.1296296296296,55.9767541025972,-18.5811862945557
11.1805555555556,55.9767541025972,-17.9611873626709
11.2314814814815,55.9767541025972,-11.9231510162354
11.2824074074074,55.9767541025972,-3.70315074920654
11.3333333333333,55.9767541025972,-2.88315081596375
11.3842592592593,55.9767541025972,-12.0031509399414
11.4351851851852,55.9767541025972,-14.1031503677368
11.4861111111111,55.9767541025972,-14.3310346603394
11.537037037037,55.9767541025972,-13.6210346221924
11.587962962963,55.9767541025972,-12.3010349273682
11.6388888888889,55.9767541025972,-9.0010347366333
11.6898148148148,55.9767541025972,-9.37103462219238
11.7407407407407,55.9767541025972,-4.29818820953369
11.7916666666667,55.9767541025972,-2.77818822860718
11.8425925925926,55.9767541025972,-2.06818842887878
11.8935185185185,55.9767541025972,2.20181179046631
11.9444444444444,55.9767541025972,12.6718120574951
11.9953703703704,55.9767541025972,8.9818115234375
12.0462962962963,55.9767541025972,8.76165771484375
12.0972222222222,55.9767541025972,7.82165718078613
12.1481481481481,55.9767541025972,6.05165719985962
12.1990740740741,55.9767541025972,13.5616569519043
12.25,55.9767541025972,16.581657409668
12.3009259259259,55.9767541025972,58.1307144165039
12.3518518518518,55.9767541025972,20.6207141876221
12.4027777777778,55.9767541025972,31.5507144927979
12.4537037037037,55.9767541025972,41.100715637207
12.5046296296296,55.9767541025972,35.6507148742676
12.5555555555556,55.9767541025972,8.23072624206543
12.6064814814815,55.9767541025972,-17.0992736816406
12.6574074074074,55.9767541025972,-14.4992742538452
12.7083333333333,55.9767541025972,-19.3292751312256
12.7592592592593,55.9767541025972,1.10072576999664
12.8101851851852,55.9767541025972,35.4003105163574
12.8611111111111,55.9767541025972,50.6403121948242
12.912037037037,55.9767541025972,67.5403137207031
12.962962962963,55.9767541025972,73.8103103637695
13.0138888888889,55.9767541025972,78.1503143310547
13.0648148148148,55.9767541025972,79.5703125
13.1157407407407,55.9767541025972,90.3603668212891
13.1666666666667,55.9767541025972,115.380363464355
13.2175925925926,55.9767541025972,120.45036315918
13.2685185185185,55.9767541025972,118.70036315918
13.3194444444444,55.9767541025972,79.8203659057617
13.3703703703704,55.9767541025972,68.8099975585938
13.4212962962963,55.9767541025972,85.5699996948242
13.4722222222222,55.9767541025972,89.5
13.5231481481481,55.9767541025972,134.360000610352
13.5740740740741,55.9767541025972,139.350006103516
13.625,55.9767541025972,116.993598937988
13.6759259259259,55.9767541025972,113.233596801758
13.7268518518518,55.9767541025972,100.673599243164
13.7777777777778,55.9767541025972,104.86360168457
13.8287037037037,55.9767541025972,109.963600158691
13.8796296296296,55.9767541025972,96.0935974121094
13.9305555555556,55.9767541025972,68.2784652709961
13.9814814814815,55.9767541025972,61.4884643554688
14.0324074074074,55.9767541025972,56.3884658813477
14.0833333333333,55.9767541025972,44.9584655761719
14.1342592592593,55.9767541025972,21.9784641265869
14.1851851851852,55.9767541025972,2.0189368724823
14.2361111111111,55.9767541025972,0.0889368429780006
14.287037037037,55.9767541025972,10.1089372634888
14.337962962963,55.9767541025972,9.62893676757812
14.3888888888889,55.9767541025972,5.23893690109253
14.4398148148148,55.9767541025972,0.690986037254333
14.4907407407407,55.9767541025972,-8.02901363372803
14.5416666666667,55.9767541025972,-10.3590135574341
14.5925925925926,55.9767541025972,-11.2490139007568
14.6435185185185,55.9767541025972,-12.2090139389038
14.6944444444444,55.9767541025972,-9.58251667022705
14.7453703703704,55.9767541025972,-10.6225166320801
14.7962962962963,55.9767541025972,-20.962516784668
14.8472222222222,55.9767541025972,-23.4725170135498
14.8981481481481,55.9767541025972,-25.5725173950195
14.9490740740741,55.9767541025972,-29.6525173187256
15,55.9767541025972,-29.4412994384766
9.5,55.9255847008657,92.5833587646484
9.55092592592593,55.9255847008657,70.3033599853516
9.60185185185185,55.9255847008657,59.6827964782715
9.65277777777778,55.9255847008657,77.6327972412109
9.7037037037037,55.9255847008657,67.5527954101562
9.75462962962963,55.9255847008657,35.9427947998047
9.80555555555556,55.9255847008657,58.11279296875
9.85648148148148,55.9255847008657,56.8675003051758
9.90740740740741,55.9255847008657,62.1674995422363
9.95833333333333,55.9255847008657,66.3874969482422
10.0092592592593,55.9255847008657,60.8274993896484
10.0601851851852,55.9255847008657,51.0175018310547
10.1111111111111,55.9255847008657,20.7175006866455
10.162037037037,55.9255847008657,18.545467376709
10.212962962963,55.9255847008657,14.9754667282104
10.2638888888889,55.9255847008657,-3.814532995224
10.3148148148148,55.9255847008657,-6.72453308105469
10.3657407407407,55.9255847008657,-12.0545330047607
10.4166666666667,55.9255847008657,-19.4406070709229
10.4675925925926,55.9255847008657,-22.3006076812744
10.5185185185185,55.9255847008657,-9.89060688018799
10.5694444444444,55.9255847008657,-5.31060743331909
10.6203703703704,55.9255847008657,-1.59060728549957
10.6712962962963,55.9255847008657,-1.36360943317413
10.7222222222222,55.9255847008657,-17.5436096191406
10.7731481481481,55.9255847008657,-9.57360935211182
10.8240740740741,55.9255847008657,-12.56360912323
10.875,55.9255847008657,-24.2136096954346
10.9259259259259,55.9255847008657,-27.811185836792
10.9768518518519,55.9255847008657,-28.9311866760254
11.0277777777778,55.9255847008657,-10.9711866378784
11.0787037037037,55.9255847008657,-2.90118670463562
11.1296296296296,55.9255847008657,-13.4411869049072
11.1805555555556,55.9255847008657,-16.5911865234375
11.2314814814815,55.9255847008657,-14.6931505203247
11.2824074074074,55.9255847008657,-13.4931507110596
11.3333333333333,55.9255847008657,-12.1631507873535
11.3842592592593,55.9255847008657,-11.0031509399414
11.4351851851852,55.9255847008657,-9.40315055847168
11.4861111111111,55.9255847008657,-7.47103500366211
11.537037037037,55.9255847008657,10.5989646911621
11.587962962963,55.9255847008657,14.4089651107788
11.6388888888889,55.9255847008657,23.4189643859863
11.6898148148148,55.9255847008657,1.09896516799927
11.7407407407407,55.9255847008657,4.38181161880493
11.7916666666667,55.9255847008657,-7.63818836212158
11.8425925925926,55.9255847008657,-8.85818862915039
11.8935185185185,55.9255847008657,-5.91818809509277
11.9444444444444,55.9255847008657,10.9718112945557
11.9953703703704,55.9255847008657,3.38181161880493
12.0462962962963,55.9255847008657,13.7116575241089
12.0972222222222,55.9255847008657,14.621657371521
12.1481481481481,55.9255847008657,10.4316568374634
12.1990740740741,55.9255847008657,15.5316572189331
12.25,55.9255847008657,27.2316570281982
12.3009259259259,55.9255847008657,38.0807151794434
12.3518518518518,55.9255847008657,64.6307144165039
12.4027777777778,55.9255847008657,32.3007164001465
12.4537037037037,55.9255847008657,24.5007152557373
12.5046296296296,55.9255847008657,6.38071489334106
12.5555555555556,55.9255847008657,-5.28927421569824
12.6064814814815,55.9255847008657,-16.8592739105225
12.6574074074074,55.9255847008657,-20.3292751312256
12.7083333333333,55.9255847008657,-11.7692737579346
12.7592592592593,55.9255847008657,-24.5792751312256
12.8101851851852,55.9255847008657,33.880313873291
12.8611111111111,55.9255847008657,40.510311126709
12.912037037037,55.9255847008657,57.4403114318848
12.962962962963,55.9255847008657,49.0503120422363
13.0138888888889,55.9255847008657,54.3403129577637
13.0648148148148,55.9255847008657,63.0903129577637
13.1157407407407,55.9255847008657,63.6903648376465
13.1666666666667,55.9255847008657,73.740364074707
13.2175925925926,55.9255847008657,86.010368347168
13.2685185185185,55.9255847008657,92.0003662109375
13.3194444444444,55.9255847008657,100.140365600586
13.3703703703704,55.9255847008657,98.629997253418
13.4212962962963,55.9255847008657,55.879997253418
13.4722222222222,55.9255847008657,57.5299987792969
13.5231481481481,55.9255847008657,82.3499984741211
13.5740740740741,55.9255847008657,70.1699981689453
13.625,55.9255847008657,105.253601074219
13.6759259259259,55.9255847008657,118.043594360352
13.7268518518518,55.9255847008657,144.403594970703
13.7777777777778,55.9255847008657,163.803604125977
13.8287037037037,55.9255847008657,159.323593139648
13.8796296296296,55.9255847008657,164.643600463867
13.9305555555556,55.9255847008657,135.178466796875
13.9814814814815,55.9255847008657,85.9384613037109
14.0324074074074,55.9255847008657,40.3584632873535
14.0833333333333,55.9255847008657,32.2984657287598
14.1342592592593,55.9255847008657,16.8284645080566
14.1851851851852,55.9255847008657,2.1589367389679
14.2361111111111,55.9255847008657,4.04893684387207
14.287037037037,55.9255847008657,5.40893697738647
14.337962962963,55.9255847008657,-0.301063150167465
14.3888888888889,55.9255847008657,-8.27106285095215
14.4398148148148,55.9255847008657,-11.199013710022
14.4907407407407,55.9255847008657,-15.8890142440796
14.5416666666667,55.9255847008657,-15.9790143966675
14.5925925925926,55.9255847008657,-17.2490139007568
14.6435185185185,55.9255847008657,-21.8290138244629
14.6944444444444,55.9255847008657,-23.6725177764893
14.7453703703704,55.9255847008657,-25.1725177764893
14.7962962962963,55.9255847008657,-24.0025177001953
14.8472222222222,55.9255847008657,-24.292516708374
14.8981481481481,55.9255847008657,-22.9425163269043
14.9490740740741,55.9255847008657,-21.0625171661377
15,55.9255847008657,-24.2112979888916
9.5,55.8744152991343,77.5033569335938
9.55092592592593,55.8744152991343,60.2333564758301
9.60185185185185,55.8744152991343,61.3427963256836
9.65277777777778,55.8744152991343,60.4927940368652
9.7037037037037,55.8744152991343,55.732795715332
9.75462962962963,55.8744152991343,22.6027946472168
9.80555555555556,55.8744152991343,10.0227947235107
9.85648148148148,55.8744152991343,19.9675006866455
9.90740740740741,55.8744152991343,30.6875
9.95833333333333,55.8744152991343,13.8375005722046
10.0092592592593,55.8744152991343,11.2975006103516
10.0601851851852,55.8744152991343,15.8775005340576
10.1111111111111,55.8744152991343,7.12750053405762
10.162037037037,55.8744152991343,6.21546697616577
10.212962962963,55.8744152991343,0.515466928482056
10.2638888888889,55.8744152991343,-6.64453315734863
10.3148148148148,55.8744152991343,-8.3845329284668
10.3657407407407,55.8744152991343,-11.9345331192017
10.4166666666667,55.8744152991343,-22.4506072998047
10.4675925925926,55.8744152991343,-24.0406074523926
10.5185185185185,55.8744152991343,-10.8006076812744
10.5694444444444,55.8744152991343,-2.84060740470886
10.6203703703704,55.8744152991343,2.40939259529114
10.6712962962963,55.8744152991343,-1.47360944747925
10.7222222222222,55.8744152991343,-22.1336097717285
10.7731481481481,55.8744152991343,-20.9836101531982
10.8240740740741,55.8744152991343,-20.4336090087891
10.875,55.8744152991343,-25.3136100769043
10.9259259259259,55.8744152991343,-16.4911861419678
10.9768518518519,55.8744152991343,-16.5811862945557
11.0277777777778,55.8744152991343,-14.6211862564087
11.0787037037037,55.8744152991343,-11.6211862564087
11.1296296296296,55.8744152991343,1.40881335735321
11.1805555555556,55.8744152991343,-5.21118688583374
11.2314814814815,55.8744152991343,-15.4831504821777
11.2824074074074,55.8744152991343,-15.7331504821777
11.3333333333333,55.8744152991343,-11.2831506729126
11.3842592592593,55.8744152991343,-10.1031503677368
11.4351851851852,55.8744152991343,-7.91315078735352
11.4861111111111,55.8744152991343,-6.54103469848633
11.537037037037,55.8744152991343,4.73896503448486
11.587962962963,55.8744152991343,7.72896528244019
11.6388888888889,55.8744152991343,28.6289653778076
11.6898148148148,55.8744152991343,3.02896523475647
11.7407407407407,55.8744152991343,-7.99818849563599
11.7916666666667,55.8744152991343,-9.08818817138672
11.8425925925926,55.8744152991343,-9.39818859100342
11.8935185185185,55.8744152991343,-9.30818843841553
11.9444444444444,55.8744152991343,6.77181148529053
11.9953703703704,55.8744152991343,6.85181188583374
12.0462962962963,55.8744152991343,1.65165722370148
12.0972222222222,55.8744152991343,9.92165756225586
12.1481481481481,55.8744152991343,15.1916570663452
12.1990740740741,55.8744152991343,16.2016563415527
12.25,55.8744152991343,24.7816581726074
12.3009259259259,55.8744152991343,41.3307151794434
12.3518518518518,55.8744152991343,50.2507133483887
12.4027777777778,55.8744152991343,37.6407165527344
12.4537037037037,55.8744152991343,31.1207141876221
12.5046296296296,55.8744152991343,28.3707141876221
12.5555555555556,55.8744152991343,2.30072569847107
12.6064814814815,55.8744152991343,-13.3692741394043
12.6574074074074,55.8744152991343,-15.8192739486694
12.7083333333333,55.8744152991343,-9.73927402496338
12.7592592592593,55.8744152991343,-29.5392742156982
12.8101851851852,55.8744152991343,3.7103123664856
12.8611111111111,55.8744152991343,9.24031257629395
12.912037037037,55.8744152991343,19.8503131866455
12.962962962963,55.8744152991343,16.9903125762939
13.0138888888889,55.8744152991343,39.7503128051758
13.0648148148148,55.8744152991343,45.9703140258789
13.1157407407407,55.8744152991343,40.5003662109375
13.1666666666667,55.8744152991343,46.4503631591797
13.2175925925926,55.8744152991343,68.8403625488281
13.2685185185185,55.8744152991343,65.240364074707
13.3194444444444,55.8744152991343,74.3503646850586
13.3703703703704,55.8744152991343,76.3499984741211
13.4212962962963,55.8744152991343,87.4799957275391
13.4722222222222,55.8744152991343,66.9700012207031
13.5231481481481,55.8744152991343,56.2599983215332
13.5740740740741,55.8744152991343,53.7099990844727
13.625,55.8744152991343,75.8435974121094
13.6759259259259,55.8744152991343,121.123596191406
13.7268518518518,55.8744152991343,139.373596191406
13.7777777777778,55.8744152991343,147.27360534668
13.8287037037037,55.8744152991343,171.783599853516
13.8796296296296,55.8744152991343,174.943603515625
13.9305555555556,55.8744152991343,179.408462524414
13.9814814814815,55.8744152991343,164.898468017578
14.0324074074074,55.8744152991343,62.2784652709961
14.0833333333333,55.8744152991343,33.8784637451172
14.1342592592593,55.8744152991343,14.9584646224976
14.1851851851852,55.8744152991343,1.87893688678741
14.2361111111111,55.8744152991343,1.57893681526184
14.287037037037,55.8744152991343,-10.8510627746582
14.337962962963,55.8744152991343,-12.1910629272461
14.3888888888889,55.8744152991343,-12.36106300354
14.4398148148148,55.8744152991343,-11.7890138626099
14.4907407407407,55.8744152991343,-15.2290143966675
14.5416666666667,55.8744152991343,-17.7190132141113
14.5925925925926,55.8744152991343,-19.7690143585205
14.6435185185185,55.8744152991343,-20.4790134429932
14.6944444444444,55.8744152991343,-25.1325168609619
14.7453703703704,55.8744152991343,-27.7425174713135
14.7962962962963,55.8744152991343,-31.9225177764893
14.8472222222222,55.8744152991343,-32.522518157959
14.8981481481481,55.8744152991343,-30.3525161743164
14.9490740740741,55.8744152991343,-29.4325160980225
15,55.8744152991343,-33.581298828125
9.5,55.8232458974028,85.3532562255859
9.55092592592593,55.8232458974028,76.5132522583008
9.60185185185185,55.8232458974028,67.695556640625
9.65277777777778,55.8232458974028,56.2355575561523
9.7037037037037,55.8232458974028,58.875560760498
9.75462962962963,55.8232458974028,45.4955596923828
9.80555555555556,55.8232458974028,53.8855590820312
9.85648148148148,55.8232458974028,57.0963592529297
9.90740740740741,55.8232458974028,37.0663604736328
9.95833333333333,55.8232458974028,18.1663589477539
10.0092592592593,55.8232458974028,10.9663600921631
10.0601851851852,55.8232458974028,-2.54364037513733
10.1111111111111,55.8232458974028,-6.51364040374756
10.162037037037,55.8232458974028,-5.40841627120972
10.212962962963,55.8232458974028,-5.65841627120972
10.2638888888889,55.8232458974028,-6.5784158706665
10.3148148148148,55.8232458974028,-3.8484160900116
10.3657407407407,55.8232458974028,-4.47841596603394
10.4166666666667,55.8232458974028,-5.36027669906616
10.4675925925926,55.8232458974028,-20.570276260376
10.5185185185185,55.8232458974028,19.039722442627
10.5694444444444,55.8232458974028,22.4897232055664
10.6203703703704,55.8232458974028,-4.52027702331543
10.6712962962963,55.8232458974028,-17.660551071167
10.7222222222222,55.8232458974028,-22.7005519866943
10.7731481481481,55.8232458974028,-22.9205513000488
10.8240740740741,55.8232458974028,-21.4605522155762
10.875,55.8232458974028,-17.9305515289307
10.9259259259259,55.8232458974028,-21.2919673919678
10.9768518518519,55.8232458974028,-18.8519668579102
11.0277777777778,55.8232458974028,-15.5519676208496
11.0787037037037,55.8232458974028,-14.8419675827026
11.1296296296296,55.8232458974028,-11.9919672012329
11.1805555555556,55.8232458974028,-13.3019676208496
11.2314814814815,55.8232458974028,-12.2445268630981
11.2824074074074,55.8232458974028,-11.8745269775391
11.3333333333333,55.8232458974028,-7.36452674865723
11.3842592592593,55.8232458974028,19.015474319458
11.4351851851852,55.8232458974028,23.4054737091064
11.4861111111111,55.8232458974028,15.227746963501
11.537037037037,55.8232458974028,43.6577453613281
11.587962962963,55.8232458974028,42.1077461242676
11.6388888888889,55.8232458974028,1.77774715423584
11.6898148148148,55.8232458974028,9.95774745941162
11.7407407407407,55.8232458974028,-7.48952388763428
11.7916666666667,55.8232458974028,-8.25952434539795
11.8425925925926,55.8232458974028,-4.7795238494873
11.8935185185185,55.8232458974028,0.400476008653641
11.9444444444444,55.8232458974028,9.9404764175415
11.9953703703704,55.8232458974028,14.5404758453369
12.0462962962963,55.8232458974028,0.549274563789368
12.0972222222222,55.8232458974028,9.79927444458008
12.1481481481481,55.8232458974028,20.0892753601074
12.1990740740741,55.8232458974028,31.2092742919922
12.25,55.8232458974028,37.0392761230469
12.3009259259259,55.8232458974028,42.2898025512695
12.3518518518518,55.8232458974028,39.7298049926758
12.4027777777778,55.8232458974028,32.2498016357422
12.4537037037037,55.8232458974028,30.6698036193848
12.5046296296296,55.8232458974028,32.179801940918
12.5555555555556,55.8232458974028,27.4381561279297
12.6064814814815,55.8232458974028,-7.92184448242188
12.6574074074074,55.8232458974028,-9.0218448638916
12.7083333333333,55.8232458974028,-20.7518444061279
12.7592592592593,55.8232458974028,-22.5018444061279
12.8101851851852,55.8232458974028,-16.1455879211426
12.8611111111111,55.8232458974028,-12.1255884170532
12.912037037037,55.8232458974028,-1.9455885887146
12.962962962963,55.8232458974028,7.90441131591797
13.0138888888889,55.8232458974028,13.7444114685059
13.0648148148148,55.8232458974028,23.8244113922119
13.1157407407407,55.8232458974028,24.889139175415
13.1666666666667,55.8232458974028,29.9791393280029
13.2175925925926,55.8232458974028,38.809139251709
13.2685185185185,55.8232458974028,46.9691390991211
13.3194444444444,55.8232458974028,57.0791397094727
13.3703703703704,55.8232458974028,65.9275588989258
13.4212962962963,55.8232458974028,71.2175598144531
13.4722222222222,55.8232458974028,77.8375625610352
13.5231481481481,55.8232458974028,87.0275650024414
13.5740740740741,55.8232458974028,100.937561035156
13.625,55.8232458974028,129.923553466797
13.6759259259259,55.8232458974028,128.073547363281
13.7268518518518,55.8232458974028,147.853546142578
13.7777777777778,55.8232458974028,156.763549804688
13.8287037037037,55.8232458974028,172.293548583984
13.8796296296296,55.8232458974028,180.913558959961
13.9305555555556,55.8232458974028,182.908248901367
13.9814814814815,55.8232458974028,176.78825378418
14.0324074074074,55.8232458974028,151.998245239258
14.0833333333333,55.8232458974028,130.268249511719
14.1342592592593,55.8232458974028,62.398250579834
14.1851851851852,55.8232458974028,3.2567834854126
14.2361111111111,55.8232458974028,-2.4932165145874
14.287037037037,55.8232458974028,-18.8432159423828
14.337962962963,55.8232458974028,-16.643217086792
14.3888888888889,55.8232458974028,-12.0932159423828
14.4398148148148,55.8232458974028,-14.4843940734863
14.4907407407407,55.8232458974028,-15.9243936538696
14.5416666666667,55.8232458974028,-18.4343929290771
14.5925925925926,55.8232458974028,-29.0343933105469
14.6435185185185,55.8232458974028,-31.7943935394287
14.6944444444444,55.8232458974028,-38.5793609619141
14.7453703703704,55.8232458974028,-40.7393608093262
14.7962962962963,55.8232458974028,-42.5493621826172
14.8472222222222,55.8232458974028,-43.919361114502
14.8981481481481,55.8232458974028,-47.919361114502
14.9490740740741,55.8232458974028,-47.7793617248535
15,55.8232458974028,-45.2039985656738
9.5,55.7720764956713,83.1932525634766
9.55092592592593,55.7720764956713,90.1832504272461
9.60185185185185,55.7720764956713,79.0155563354492
9.65277777777778,55.7720764956713,65.2855606079102
9.7037037037037,55.7720764956713,67.2455596923828
9.75462962962963,55.7720764956713,52.7655601501465
9.80555555555556,55.7720764956713,55.2055587768555
9.85648148148148,55.7720764956713,53.3363609313965
9.90740740740741,55.7720764956713,42.0963592529297
9.95833333333333,55.7720764956713,25.2963600158691
10.0092592592593,55.7720764956713,13.5663595199585
10.0601851851852,55.7720764956713,-12.2936401367188
10.1111111111111,55.7720764956713,-12.6636400222778
10.162037037037,55.7720764956713,-6.51841592788696
10.212962962963,55.7720764956713,-2.67841601371765
10.2638888888889,55.7720764956713,-2.5984160900116
10.3148148148148,55.7720764956713,-0.588416039943695
10.3657407407407,55.7720764956713,-11.0984163284302
10.4166666666667,55.7720764956713,-15.3502769470215
10.4675925925926,55.7720764956713,-25.4702758789062
10.5185185185185,55.7720764956713,6.06972312927246
10.5694444444444,55.7720764956713,8.85972309112549
10.6203703703704,55.7720764956713,-11.9002771377563
10.6712962962963,55.7720764956713,-20.5305519104004
10.7222222222222,55.7720764956713,-18.2805519104004
10.7731481481481,55.7720764956713,-20.6805515289307
10.8240740740741,55.7720764956713,-24.2605514526367
10.875,55.7720764956713,-21.9205513000488
10.9259259259259,55.7720764956713,-20.9519672393799
10.9768518518519,55.7720764956713,-17.941967010498
11.0277777777778,55.7720764956713,-12.9119672775269
11.0787037037037,55.7720764956713,-13.1319675445557
11.1296296296296,55.7720764956713,-9.86196708679199
11.1805555555556,55.7720764956713,-9.51196765899658
11.2314814814815,55.7720764956713,-11.3945264816284
11.2824074074074,55.7720764956713,1.27547347545624
11.3333333333333,55.7720764956713,-6.45452642440796
11.3842592592593,55.7720764956713,16.3854732513428
11.4351851851852,55.7720764956713,-2.63452649116516
11.4861111111111,55.7720764956713,-1.70225286483765
11.537037037037,55.7720764956713,5.47774696350098
11.587962962963,55.7720764956713,14.9077472686768
11.6388888888889,55.7720764956713,0.347747147083282
11.6898148148148,55.7720764956713,2.37774705886841
11.7407407407407,55.7720764956713,3.27047610282898
11.7916666666667,55.7720764956713,0.210475996136665
11.8425925925926,55.7720764956713,3.51047611236572
11.8935185185185,55.7720764956713,31.6604766845703
11.9444444444444,55.7720764956713,35.7104759216309
11.9953703703704,55.7720764956713,18.7804756164551
12.0462962962963,55.7720764956713,2.95927453041077
12.0972222222222,55.7720764956713,4.09927463531494
12.1481481481481,55.7720764956713,16.9092750549316
12.1990740740741,55.7720764956713,19.8092746734619
12.25,55.7720764956713,26.0492744445801
12.3009259259259,55.7720764956713,21.4298038482666
12.3518518518518,55.7720764956713,29.1298027038574
12.4027777777778,55.7720764956713,33.8498039245605
12.4537037037037,55.7720764956713,30.989803314209
12.5046296296296,55.7720764956713,33.2098045349121
12.5555555555556,55.7720764956713,35.2181549072266
12.6064814814815,55.7720764956713,-6.18184471130371
12.6574074074074,55.7720764956713,-7.65184450149536
12.7083333333333,55.7720764956713,-16.5118446350098
12.7592592592593,55.7720764956713,-18.2418441772461
12.8101851851852,55.7720764956713,-17.2155876159668
12.8611111111111,55.7720764956713,-18.0055885314941
12.912037037037,55.7720764956713,-4.305588722229
12.962962962963,55.7720764956713,5.77441167831421
13.0138888888889,55.7720764956713,13.234411239624
13.0648148148148,55.7720764956713,19.1644115447998
13.1157407407407,55.7720764956713,18.8791389465332
13.1666666666667,55.7720764956713,20.9791393280029
13.2175925925926,55.7720764956713,26.8991394042969
13.2685185185185,55.7720764956713,27.2091388702393
13.3194444444444,55.7720764956713,44.7591400146484
13.3703703703704,55.7720764956713,53.2075614929199
13.4212962962963,55.7720764956713,99.6475601196289
13.4722222222222,55.7720764956713,113.437561035156
13.5231481481481,55.7720764956713,119.987564086914
13.5740740740741,55.7720764956713,121.217559814453
13.625,55.7720764956713,134.163558959961
13.6759259259259,55.7720764956713,134.263549804688
13.7268518518518,55.7720764956713,145.273559570312
13.7777777777778,55.7720764956713,160.633544921875
13.8287037037037,55.7720764956713,177.583557128906
13.8796296296296,55.7720764956713,172.733551025391
13.9305555555556,55.7720764956713,176.518249511719
13.9814814814815,55.7720764956713,181.848251342773
14.0324074074074,55.7720764956713,147.388244628906
14.0833333333333,55.7720764956713,126.818252563477
14.1342592592593,55.7720764956713,88.9082489013672
14.1851851851852,55.7720764956713,16.0067844390869
14.2361111111111,55.7720764956713,-12.1432161331177
14.287037037037,55.7720764956713,-20.723217010498
14.337962962963,55.7720764956713,-19.6332168579102
14.3888888888889,55.7720764956713,-17.3632164001465
14.4398148148148,55.7720764956713,-17.4143943786621
14.4907407407407,55.7720764956713,-21.50439453125
14.5416666666667,55.7720764956713,-28.25439453125
14.5925925925926,55.7720764956713,-35.5643920898438
14.6435185185185,55.7720764956713,-39.5543937683105
14.6944444444444,55.7720764956713,-45.3493614196777
14.7453703703704,55.7720764956713,-47.479362487793
14.7962962962963,55.7720764956713,-49.1893615722656
14.8472222222222,55.7720764956713,-51.6293601989746
14.8981481481481,55.7720764956713,-49.0493621826172
14.9490740740741,55.7720764956713,-44.669361114502
15,55.7720764956713,-42.653995513916
9.5,55.7209070939398,42.4032554626465
9.55092592592593,55.7209070939398,50.143253326416
9.60185185185185,55.7209070939398,44.125560760498
9.65277777777778,55.7209070939398,32.375560760498
9.7037037037037,55.7209070939398,41.755558013916
9.75462962962963,55.7209070939398,68.1055603027344
9.80555555555556,55.7209070939398,74.0955581665039
9.85648148148148,55.7209070939398,59.9763603210449
9.90740740740741,55.7209070939398,59.5663604736328
9.95833333333333,55.7209070939398,22.7763595581055
10.0092592592593,55.7209070939398,-1.47364032268524
10.0601851851852,55.7209070939398,-12.8536405563354
10.1111111111111,55.7209070939398,-18.1436405181885
10.162037037037,55.7209070939398,-19.2484169006348
10.212962962963,55.7209070939398,-19.088415145874
10.2638888888889,55.7209070939398,-19.1384162902832
10.3148148148148,55.7209070939398,-18.5584163665771
10.3657407407407,55.7209070939398,-18.7284164428711
10.4166666666667,55.7209070939398,-21.0402774810791
10.4675925925926,55.7209070939398,-20.9102764129639
10.5185185185185,55.7209070939398,-15.6502771377563
10.5694444444444,55.7209070939398,-14.6602764129639
10.6203703703704,55.7209070939398,-19.3502769470215
10.6712962962963,55.7209070939398,-16.5305519104004
10.7222222222222,55.7209070939398,-23.410551071167
10.7731481481481,55.7209070939398,-33.0205497741699
10.8240740740741,55.7209070939398,-14.8905515670776
10.875,55.7209070939398,-13.7105512619019
10.9259259259259,55.7209070939398,-8.3919677734375
10.9768518518519,55.7209070939398,-2.34196734428406
11.0277777777778,55.7209070939398,18.2180328369141
11.0787037037037,55.7209070939398,9.29803276062012
11.1296296296296,55.7209070939398,1.38803255558014
11.1805555555556,55.7209070939398,-1.22196733951569
11.2314814814815,55.7209070939398,3.79547333717346
11.2824074074074,55.7209070939398,9.22547340393066
11.3333333333333,55.7209070939398,34.8554725646973
11.3842592592593,55.7209070939398,28.5454730987549
11.4351851851852,55.7209070939398,6.34547328948975
11.4861111111111,55.7209070939398,8.267746925354
11.537037037037,55.7209070939398,10.1477470397949
11.587962962963,55.7209070939398,7.77774715423584
11.6388888888889,55.7209070939398,10.057746887207
11.6898148148148,55.7209070939398,13.8177471160889
11.7407407407407,55.7209070939398,12.7804756164551
11.7916666666667,55.7209070939398,8.33047580718994
11.8425925925926,55.7209070939398,8.96047592163086
11.8935185185185,55.7209070939398,23.0604763031006
11.9444444444444,55.7209070939398,17.200475692749
11.9953703703704,55.7209070939398,0.840475976467133
12.0462962962963,55.7209070939398,-3.05072546005249
12.0972222222222,55.7209070939398,-2.53072547912598
12.1481481481481,55.7209070939398,11.7292747497559
12.1990740740741,55.7209070939398,14.969274520874
12.25,55.7209070939398,14.9492740631104
12.3009259259259,55.7209070939398,24.6998043060303
12.3518518518518,55.7209070939398,24.6398029327393
12.4027777777778,55.7209070939398,19.1198043823242
12.4537037037037,55.7209070939398,15.8498039245605
12.5046296296296,55.7209070939398,22.739803314209
12.5555555555556,55.7209070939398,14.1581554412842
12.6064814814815,55.7209070939398,-3.58184456825256
12.6574074074074,55.7209070939398,-8.94184494018555
12.7083333333333,55.7209070939398,-7.42184448242188
12.7592592592593,55.7209070939398,-6.38184452056885
12.8101851851852,55.7209070939398,-10.4355888366699
12.8611111111111,55.7209070939398,-15.2355880737305
12.912037037037,55.7209070939398,-15.4755887985229
12.962962962963,55.7209070939398,-10.6855888366699
13.0138888888889,55.7209070939398,3.49441146850586
13.0648148148148,55.7209070939398,5.31441164016724
13.1157407407407,55.7209070939398,11.9391384124756
13.1666666666667,55.7209070939398,24.3791389465332
13.2175925925926,55.7209070939398,68.0891418457031
13.2685185185185,55.7209070939398,73.1891403198242
13.3194444444444,55.7209070939398,60.1291389465332
13.3703703703704,55.7209070939398,42.7175598144531
13.4212962962963,55.7209070939398,20.287561416626
13.4722222222222,55.7209070939398,20.3475608825684
13.5231481481481,55.7209070939398,42.677562713623
13.5740740740741,55.7209070939398,65.0475616455078
13.625,55.7209070939398,95.5935516357422
13.6759259259259,55.7209070939398,104.583549499512
13.7268518518518,55.7209070939398,107.533554077148
13.7777777777778,55.7209070939398,107.243553161621
13.8287037037037,55.7209070939398,109.233551025391
13.8796296296296,55.7209070939398,120.613548278809
13.9305555555556,55.7209070939398,132.568252563477
13.9814814814815,55.7209070939398,123.758255004883
14.0324074074074,55.7209070939398,99.2982559204102
14.0833333333333,55.7209070939398,86.2382507324219
14.1342592592593,55.7209070939398,67.0082550048828
14.1851851851852,55.7209070939398,22.2567844390869
14.2361111111111,55.7209070939398,-9.47321605682373
14.287037037037,55.7209070939398,-24.3632164001465
14.337962962963,55.7209070939398,-26.3432159423828
14.3888888888889,55.7209070939398,-34.2032165527344
14.4398148148148,55.7209070939398,-36.3343925476074
14.4907407407407,55.7209070939398,-39.1543922424316
14.5416666666667,55.7209070939398,-41.1843948364258
14.5925925925926,55.7209070939398,-41.3043937683105
14.6435185185185,55.7209070939398,-42.7643928527832
14.6944444444444,55.7209070939398,-50.3593597412109
14.7453703703704,55.7209070939398,-54.019359588623
14.7962962962963,55.7209070939398,-54.7193603515625
14.8472222222222,55.7209070939398,-53.6193618774414
14.8981481481481,55.7209070939398,-52.769359588623
14.9490740740741,55.7209070939398,-54.5493621826172
15,55.7209070939398,-47.0139961242676
9.5,55.6697376922083,66.3032531738281
9.55092592592593,55.6697376922083,53.453254699707
9.60185185185185,55.6697376922083,55.1855583190918
9.65277777777778,55.6697376922083,5.48555898666382
9.7037037037037,55.6697376922083,-3.85444092750549
9.75462962962963,55.6697376922083,35.2255592346191
9.80555555555556,55.6697376922083,31.8255596160889
9.85648148148148,55.6697376922083,10.1463594436646
9.90740740740741,55.6697376922083,-3.6436402797699
9.95833333333333,55.6697376922083,-8.69364070892334
10.0092592592593,55.6697376922083,-10.6436405181885
10.0601851851852,55.6697376922083,-17.443639755249
10.1111111111111,55.6697376922083,-18.6336402893066
10.162037037037,55.6697376922083,-20.4184169769287
10.212962962963,55.6697376922083,-20.3084163665771
10.2638888888889,55.6697376922083,-21.4984169006348
10.3148148148148,55.6697376922083,-21.7684154510498
10.3657407407407,55.6697376922083,-21.5984153747559
10.4166666666667,55.6697376922083,-20.7802772521973
10.4675925925926,55.6697376922083,-19.900276184082
10.5185185185185,55.6697376922083,-17.2802772521973
10.5694444444444,55.6697376922083,-16.380277633667
10.6203703703704,55.6697376922083,-26.5602760314941
10.6712962962963,55.6697376922083,-22.0705509185791
10.7222222222222,55.6697376922083,-30.740550994873
10.7731481481481,55.6697376922083,-27.470552444458
10.8240740740741,55.6697376922083,-15.0005512237549
10.875,55.6697376922083,-14.4405517578125
10.9259259259259,55.6697376922083,-8.31196784973145
10.9768518518519,55.6697376922083,-11.4519672393799
11.0277777777778,55.6697376922083,4.65803241729736
11.0787037037037,55.6697376922083,15.6980323791504
11.1296296296296,55.6697376922083,13.5180330276489
11.1805555555556,55.6697376922083,15.8180322647095
11.2314814814815,55.6697376922083,2.8754734992981
11.2824074074074,55.6697376922083,4.15547323226929
11.3333333333333,55.6697376922083,50.6454734802246
11.3842592592593,55.6697376922083,56.8454742431641
11.4351851851852,55.6697376922083,8.6754732131958
11.4861111111111,55.6697376922083,12.5777473449707
11.537037037037,55.6697376922083,7.68774700164795
11.587962962963,55.6697376922083,7.12774705886841
11.6388888888889,55.6697376922083,20.2677478790283
11.6898148148148,55.6697376922083,23.9077472686768
11.7407407407407,55.6697376922083,27.2104759216309
11.7916666666667,55.6697376922083,15.5004758834839
11.8425925925926,55.6697376922083,28.6104755401611
11.8935185185185,55.6697376922083,26.1004753112793
11.9444444444444,55.6697376922083,4.9704761505127
11.9953703703704,55.6697376922083,3.05047607421875
12.0462962962963,55.6697376922083,0.959274530410767
12.0972222222222,55.6697376922083,4.44927453994751
12.1481481481481,55.6697376922083,16.9592742919922
12.1990740740741,55.6697376922083,20.5092754364014
12.25,55.6697376922083,21.719274520874
12.3009259259259,55.6697376922083,20.8998031616211
12.3518518518518,55.6697376922083,23.2998027801514
12.4027777777778,55.6697376922083,20.0098037719727
12.4537037037037,55.6697376922083,17.2298030853271
12.5046296296296,55.6697376922083,14.3398036956787
12.5555555555556,55.6697376922083,8.61815547943115
12.6064814814815,55.6697376922083,1.05815541744232
12.6574074074074,55.6697376922083,-5.99184465408325
12.7083333333333,55.6697376922083,-4.07184457778931
12.7592592592593,55.6697376922083,-2.55184459686279
12.8101851851852,55.6697376922083,-5.53558874130249
12.8611111111111,55.6697376922083,-11.2155885696411
12.912037037037,55.6697376922083,-14.805588722229
12.962962962963,55.6697376922083,-14.2755889892578
13.0138888888889,55.6697376922083,-9.27558898925781
13.0648148148148,55.6697376922083,-1.99558854103088
13.1157407407407,55.6697376922083,10.3491382598877
13.1666666666667,55.6697376922083,18.4791393280029
13.2175925925926,55.6697376922083,22.6491394042969
13.2685185185185,55.6697376922083,30.139139175415
13.3194444444444,55.6697376922083,62.7591400146484
13.3703703703704,55.6697376922083,87.0675582885742
13.4212962962963,55.6697376922083,42.9875602722168
13.4722222222222,55.6697376922083,25.6575622558594
13.5231481481481,55.6697376922083,22.6975612640381
13.5740740740741,55.6697376922083,23.0475616455078
13.625,55.6697376922083,24.9435520172119
13.6759259259259,55.6697376922083,45.6735534667969
13.7268518518518,55.6697376922083,87.8335494995117
13.7777777777778,55.6697376922083,91.3635482788086
13.8287037037037,55.6697376922083,87.4535522460938
13.8796296296296,55.6697376922083,94.3335494995117
13.9305555555556,55.6697376922083,96.9882507324219
13.9814814814815,55.6697376922083,108.918251037598
14.0324074074074,55.6697376922083,119.468254089355
14.0833333333333,55.6697376922083,125.308250427246
14.1342592592593,55.6697376922083,144.478256225586
14.1851851851852,55.6697376922083,81.8967819213867
14.2361111111111,55.6697376922083,42.7367820739746
14.287037037037,55.6697376922083,-18.1732158660889
14.337962962963,55.6697376922083,-28.2532157897949
14.3888888888889,55.6697376922083,-40.9632148742676
14.4398148148148,55.6697376922083,-44.4943923950195
14.4907407407407,55.6697376922083,-48.0143928527832
14.5416666666667,55.6697376922083,-48.1743927001953
14.5925925925926,55.6697376922083,-47.5543937683105
14.6435185185185,55.6697376922083,-49.9643936157227
14.6944444444444,55.6697376922083,-53.0893630981445
14.7453703703704,55.6697376922083,-54.9393615722656
14.7962962962963,55.6697376922083,-56.2793617248535
14.8472222222222,55.6697376922083,-58.7193603515625
14.8981481481481,55.6697376922083,-57.8393630981445
14.9490740740741,55.6697376922083,-58.919361114502
15,55.6697376922083,-61.653995513916
9.5,55.6185682904768,72.7932510375977
9.55092592592593,55.6185682904768,62.6532554626465
9.60185185185185,55.6185682904768,52.3955574035645
9.65277777777778,55.6185682904768,22.735559463501
9.7037037037037,55.6185682904768,9.26555919647217
9.75462962962963,55.6185682904768,20.6955585479736
9.80555555555556,55.6185682904768,20.9355583190918
9.85648148148148,55.6185682904768,-12.0836400985718
9.90740740740741,55.6185682904768,-14.3536405563354
9.95833333333333,55.6185682904768,-15.1036405563354
10.0092592592593,55.6185682904768,-14.3436403274536
10.0601851851852,55.6185682904768,-10.5336399078369
10.1111111111111,55.6185682904768,-6.15364027023315
10.162037037037,55.6185682904768,-2.12841606140137
10.212962962963,55.6185682904768,-3.78841614723206
10.2638888888889,55.6185682904768,-0.398416072130203
10.3148148148148,55.6185682904768,-0.0284160617738962
10.3657407407407,55.6185682904768,-7.47841596603394
10.4166666666667,55.6185682904768,-14.0402765274048
10.4675925925926,55.6185682904768,-16.9302768707275
10.5185185185185,55.6185682904768,-16.2502765655518
10.5694444444444,55.6185682904768,-8.32027721405029
10.6203703703704,55.6185682904768,-10.3502769470215
10.6712962962963,55.6185682904768,-18.8005523681641
10.7222222222222,55.6185682904768,-20.1105518341064
10.7731481481481,55.6185682904768,-28.970552444458
10.8240740740741,55.6185682904768,-21.740550994873
10.875,55.6185682904768,-12.8105516433716
10.9259259259259,55.6185682904768,-12.071967124939
10.9768518518519,55.6185682904768,-12.7719669342041
11.0277777777778,55.6185682904768,-10.821967124939
11.0787037037037,55.6185682904768,-6.89196729660034
11.1296296296296,55.6185682904768,20.2080326080322
11.1805555555556,55.6185682904768,27.5880317687988
11.2314814814815,55.6185682904768,25.9954738616943
11.2824074074074,55.6185682904768,29.0654735565186
11.3333333333333,55.6185682904768,15.5754737854004
11.3842592592593,55.6185682904768,45.9054718017578
11.4351851851852,55.6185682904768,53.2454719543457
11.4861111111111,55.6185682904768,56.8177490234375
11.537037037037,55.6185682904768,48.7177467346191
11.587962962963,55.6185682904768,42.4677467346191
11.6388888888889,55.6185682904768,56.0077476501465
11.6898148148148,55.6185682904768,63.5477485656738
11.7407407407407,55.6185682904768,44.3604774475098
11.7916666666667,55.6185682904768,42.120475769043
11.8425925925926,55.6185682904768,52.5104751586914
11.8935185185185,55.6185682904768,54.810474395752
11.9444444444444,55.6185682904768,43.9604759216309
11.9953703703704,55.6185682904768,17.1804752349854
12.0462962962963,55.6185682904768,41.0892753601074
12.0972222222222,55.6185682904768,45.2392730712891
12.1481481481481,55.6185682904768,49.4792747497559
12.1990740740741,55.6185682904768,46.6592750549316
12.25,55.6185682904768,19.5592746734619
12.3009259259259,55.6185682904768,7.93980360031128
12.3518518518518,55.6185682904768,3.72980356216431
12.4027777777778,55.6185682904768,1.92980349063873
12.4537037037037,55.6185682904768,2.26980352401733
12.5046296296296,55.6185682904768,-0.020196471363306
12.5555555555556,55.6185682904768,-0.281844645738602
12.6064814814815,55.6185682904768,3.73815536499023
12.6574074074074,55.6185682904768,3.28815531730652
12.7083333333333,55.6185682904768,-6.31184482574463
12.7592592592593,55.6185682904768,0.138155370950699
12.8101851851852,55.6185682904768,-3.21558856964111
12.8611111111111,55.6185682904768,-8.37558841705322
12.912037037037,55.6185682904768,-12.5055885314941
12.962962962963,55.6185682904768,-10.8155889511108
13.0138888888889,55.6185682904768,3.07441139221191
13.0648148148148,55.6185682904768,4.27441167831421
13.1157407407407,55.6185682904768,10.0091381072998
13.1666666666667,55.6185682904768,11.0491380691528
13.2175925925926,55.6185682904768,19.079137802124
13.2685185185185,55.6185682904768,15.4191389083862
13.3194444444444,55.6185682904768,28.2791385650635
13.3703703703704,55.6185682904768,34.427562713623
13.4212962962963,55.6185682904768,67.9675598144531
13.4722222222222,55.6185682904768,108.91756439209
13.5231481481481,55.6185682904768,68.1675643920898
13.5740740740741,55.6185682904768,49.5075607299805
13.625,55.6185682904768,33.6335525512695
13.6759259259259,55.6185682904768,36.1935501098633
13.7268518518518,55.6185682904768,53.9735527038574
13.7777777777778,55.6185682904768,80.6635513305664
13.8287037037037,55.6185682904768,83.7235488891602
13.8796296296296,55.6185682904768,84.2635498046875
13.9305555555556,55.6185682904768,82.8482513427734
13.9814814814815,55.6185682904768,90.4382553100586
14.0324074074074,55.6185682904768,108.098251342773
14.0833333333333,55.6185682904768,113.708251953125
14.1342592592593,55.6185682904768,115.29825592041
14.1851851851852,55.6185682904768,95.0567855834961
14.2361111111111,55.6185682904768,76.8567810058594
14.287037037037,55.6185682904768,18.7167835235596
14.337962962963,55.6185682904768,-16.3232154846191
14.3888888888889,55.6185682904768,-36.5432167053223
14.4398148148148,55.6185682904768,-44.384391784668
14.4907407407407,55.6185682904768,-53.2843933105469
14.5416666666667,55.6185682904768,-54.3143920898438
14.5925925925926,55.6185682904768,-62.0243949890137
14.6435185185185,55.6185682904768,-63.3443946838379
14.6944444444444,55.6185682904768,-67.4393615722656
14.7453703703704,55.6185682904768,-69.8693618774414
14.7962962962963,55.6185682904768,-73.1393585205078
14.8472222222222,55.6185682904768,-74.709358215332
14.8981481481481,55.6185682904768,-77.0093612670898
14.9490740740741,55.6185682904768,-76.5993576049805
15,55.6185682904768,-75.9339981079102
9.5,55.5673988887453,61.0400009155273
9.55092592592593,55.5673988887453,48.1199989318848
9.60185185185185,55.5673988887453,34.8050003051758
9.65277777777778,55.5673988887453,20.9949989318848
9.7037037037037,55.5673988887453,19.0149993896484
9.75462962962963,55.5673988887453,16.1049995422363
9.80555555555556,55.5673988887453,-10.3150005340576
9.85648148148148,55.5673988887453,-16.3774547576904
9.90740740740741,55.5673988887453,-14.4774551391602
9.95833333333333,55.5673988887453,-11.8274545669556
10.0092592592593,55.5673988887453,-9.61745452880859
10.0601851851852,55.5673988887453,-3.20745468139648
10.1111111111111,55.5673988887453,-0.787454783916473
10.162037037037,55.5673988887453,0.907500088214874
10.212962962963,55.5673988887453,3.40750002861023
10.2638888888889,55.5673988887453,5.30749988555908
10.3148148148148,55.5673988887453,6.74749994277954
10.3657407407407,55.5673988887453,2.00750017166138
10.4166666666667,55.5673988887453,-4.42562580108643
10.4675925925926,55.5673988887453,-10.1756258010864
10.5185185185185,55.5673988887453,-14.8756256103516
10.5694444444444,55.5673988887453,-9.81562519073486
10.6203703703704,55.5673988887453,1.80437433719635
10.6712962962963,55.5673988887453,-11.8239707946777
10.7222222222222,55.5673988887453,-23.5239715576172
10.7731481481481,55.5673988887453,-24.0139713287354
10.8240740740741,55.5673988887453,-23.2539710998535
10.875,55.5673988887453,-20.1739711761475
10.9259259259259,55.5673988887453,-8.47968006134033
10.9768518518519,55.5673988887453,-11.0996799468994
11.0277777777778,55.5673988887453,-11.6796798706055
11.0787037037037,55.5673988887453,-10.3896799087524
11.1296296296296,55.5673988887453,2.34032011032104
11.1805555555556,55.5673988887453,14.9903202056885
11.2314814814815,55.5673988887453,8.61500644683838
11.2824074074074,55.5673988887453,1.02500689029694
11.3333333333333,55.5673988887453,59.7950057983398
11.3842592592593,55.5673988887453,36.075008392334
11.4351851851852,55.5673988887453,32.2550086975098
11.4861111111111,55.5673988887453,31.1591415405273
11.537037037037,55.5673988887453,25.3591403961182
11.587962962963,55.5673988887453,27.4391403198242
11.6388888888889,55.5673988887453,33.679141998291
11.6898148148148,55.5673988887453,36.9091415405273
11.7407407407407,55.5673988887453,38.2404251098633
11.7916666666667,55.5673988887453,46.9604263305664
11.8425925925926,55.5673988887453,69.4404296875
11.8935185185185,55.5673988887453,65.3004302978516
11.9444444444444,55.5673988887453,40.0604248046875
11.9953703703704,55.5673988887453,29.1004257202148
12.0462962962963,55.5673988887453,32.9549789428711
12.0972222222222,55.5673988887453,33.3349761962891
12.1481481481481,55.5673988887453,46.2849769592285
12.1990740740741,55.5673988887453,42.4949760437012
12.25,55.5673988887453,13.7049779891968
12.3009259259259,55.5673988887453,0.764204502105713
12.3518518518518,55.5673988887453,-2.08579540252686
12.4027777777778,55.5673988887453,-6.37579536437988
12.4537037037037,55.5673988887453,-6.44579553604126
12.5046296296296,55.5673988887453,-3.5057954788208
12.5555555555556,55.5673988887453,-0.879170477390289
12.6064814814815,55.5673988887453,1.88082957267761
12.6574074074074,55.5673988887453,1.65082955360413
12.7083333333333,55.5673988887453,-7.10917043685913
12.7592592592593,55.5673988887453,-5.18917036056519
12.8101851851852,55.5673988887453,-7.28409337997437
12.8611111111111,55.5673988887453,-7.74409341812134
12.912037037037,55.5673988887453,-1.75409352779388
12.962962962963,55.5673988887453,6.49590635299683
13.0138888888889,55.5673988887453,13.6959066390991
13.0648148148148,55.5673988887453,15.8559064865112
13.1157407407407,55.5673988887453,25.8829135894775
13.1666666666667,55.5673988887453,23.1329135894775
13.2175925925926,55.5673988887453,39.852912902832
13.2685185185185,55.5673988887453,37.3329124450684
13.3194444444444,55.5673988887453,37.5929145812988
13.3703703703704,55.5673988887453,46.5326232910156
13.4212962962963,55.5673988887453,52.8026237487793
13.4722222222222,55.5673988887453,81.9626235961914
13.5231481481481,55.5673988887453,145.962615966797
13.5740740740741,55.5673988887453,106.762626647949
13.625,55.5673988887453,45.4342842102051
13.6759259259259,55.5673988887453,37.6842842102051
13.7268518518518,55.5673988887453,43.9742851257324
13.7777777777778,55.5673988887453,50.774284362793
13.8287037037037,55.5673988887453,80.7242813110352
13.8796296296296,55.5673988887453,83.2842864990234
13.9305555555556,55.5673988887453,71.7884368896484
13.9814814814815,55.5673988887453,69.6984405517578
14.0324074074074,55.5673988887453,84.7284393310547
14.0833333333333,55.5673988887453,91.1284408569336
14.1342592592593,55.5673988887453,86.4684371948242
14.1851851851852,55.5673988887453,79.1389617919922
14.2361111111111,55.5673988887453,71.1089630126953
14.287037037037,55.5673988887453,61.9189643859863
14.337962962963,55.5673988887453,32.7689628601074
14.3888888888889,55.5673988887453,-26.6310367584229
14.4398148148148,55.5673988887453,-36.7277679443359
14.4907407407407,55.5673988887453,-49.3177680969238
14.5416666666667,55.5673988887453,-53.5477676391602
14.5925925925926,55.5673988887453,-62.8977699279785
14.6435185185185,55.5673988887453,-66.3877716064453
14.6944444444444,55.5673988887453,-72.5361099243164
14.7453703703704,55.5673988887453,-73.396110534668
14.7962962962963,55.5673988887453,-75.0561141967773
14.8472222222222,55.5673988887453,-75.9861145019531
14.8981481481481,55.5673988887453,-76.8061141967773
14.9490740740741,55.5673988887453,-76.9461135864258
15,55.5673988887453,-78.0265197753906
9.5,55.5162294870138,35.439998626709
9.55092592592593,55.5162294870138,9.39999961853027
9.60185185185185,55.5162294870138,9.16499900817871
9.65277777777778,55.5162294870138,3.90499925613403
9.7037037037037,55.5162294870138,12.0349988937378
9.75462962962963,55.5162294870138,21.2950000762939
9.80555555555556,55.5162294870138,26.8549995422363
9.85648148148148,55.5162294870138,1.01254522800446
9.90740740740741,55.5162294870138,2.40254521369934
9.95833333333333,55.5162294870138,10.0125455856323
10.0092592592593,55.5162294870138,20.8325443267822
10.0601851851852,55.5162294870138,29.7325458526611
10.1111111111111,55.5162294870138,32.3725433349609
10.162037037037,55.5162294870138,43.4474983215332
10.212962962963,55.5162294870138,40.247501373291
10.2638888888889,55.5162294870138,26.7875003814697
10.3148148148148,55.5162294870138,20.2574996948242
10.3657407407407,55.5162294870138,9.52750015258789
10.4166666666667,55.5162294870138,1.34437441825867
10.4675925925926,55.5162294870138,0.164374396204948
10.5185185185185,55.5162294870138,-2.64562559127808
10.5694444444444,55.5162294870138,2.27437448501587
10.6203703703704,55.5162294870138,7.91437435150146
10.6712962962963,55.5162294870138,16.1460285186768
10.7222222222222,55.5162294870138,-8.23397064208984
10.7731481481481,55.5162294870138,-3.55397081375122
10.8240740740741,55.5162294870138,-29.9039707183838
10.875,55.5162294870138,-26.5439701080322
10.9259259259259,55.5162294870138,-19.3296794891357
10.9768518518519,55.5162294870138,-19.789680480957
11.0277777777778,55.5162294870138,-11.4996795654297
11.0787037037037,55.5162294870138,-2.69967985153198
11.1296296296296,55.5162294870138,2.90032029151917
11.1805555555556,55.5162294870138,9.30032062530518
11.2314814814815,55.5162294870138,8.64500713348389
11.2824074074074,55.5162294870138,18.1950073242188
11.3333333333333,55.5162294870138,36.9650077819824
11.3842592592593,55.5162294870138,39.2950057983398
11.4351851851852,55.5162294870138,27.4450073242188
11.4861111111111,55.5162294870138,29.3791408538818
11.537037037037,55.5162294870138,36.0391426086426
11.587962962963,55.5162294870138,34.5091400146484
11.6388888888889,55.5162294870138,36.6591415405273
11.6898148148148,55.5162294870138,35.3291397094727
11.7407407407407,55.5162294870138,45.9504280090332
11.7916666666667,55.5162294870138,62.070426940918
11.8425925925926,55.5162294870138,64.1104278564453
11.8935185185185,55.5162294870138,70.1304244995117
11.9444444444444,55.5162294870138,56.5504264831543
11.9953703703704,55.5162294870138,50.010425567627
12.0462962962963,55.5162294870138,41.0649795532227
12.0972222222222,55.5162294870138,30.3049774169922
12.1481481481481,55.5162294870138,19.0149784088135
12.1990740740741,55.5162294870138,7.93497800827026
12.25,55.5162294870138,-5.59502220153809
12.3009259259259,55.5162294870138,-10.5157957077026
12.3518518518518,55.5162294870138,-11.2057952880859
12.4027777777778,55.5162294870138,-11.495795249939
12.4537037037037,55.5162294870138,-11.115795135498
12.5046296296296,55.5162294870138,-10.615795135498
12.5555555555556,55.5162294870138,-9.00917053222656
12.6064814814815,55.5162294870138,-8.66917037963867
12.6574074074074,55.5162294870138,-10.0891704559326
12.7083333333333,55.5162294870138,-11.0691699981689
12.7592592592593,55.5162294870138,-8.56916999816895
12.8101851851852,55.5162294870138,-7.96409368515015
12.8611111111111,55.5162294870138,-7.50409364700317
12.912037037037,55.5162294870138,0.57590651512146
12.962962962963,55.5162294870138,7.25590658187866
13.0138888888889,55.5162294870138,29.245906829834
13.0648148148148,55.5162294870138,35.1559066772461
13.1157407407407,55.5162294870138,39.8829116821289
13.1666666666667,55.5162294870138,37.6729125976562
13.2175925925926,55.5162294870138,50.5829124450684
13.2685185185185,55.5162294870138,49.2529144287109
13.3194444444444,55.5162294870138,56.3829116821289
13.3703703703704,55.5162294870138,62.8426246643066
13.4212962962963,55.5162294870138,75.5126266479492
13.4722222222222,55.5162294870138,74.1226196289062
13.5231481481481,55.5162294870138,61.4626235961914
13.5740740740741,55.5162294870138,70.9526214599609
13.625,55.5162294870138,98.0142822265625
13.6759259259259,55.5162294870138,106.584281921387
13.7268518518518,55.5162294870138,59.2342834472656
13.7777777777778,55.5162294870138,51.6942863464355
13.8287037037037,55.5162294870138,52.1942863464355
13.8796296296296,55.5162294870138,50.3942832946777
13.9305555555556,55.5162294870138,48.7584381103516
13.9814814814815,55.5162294870138,55.2284393310547
14.0324074074074,55.5162294870138,64.7184371948242
14.0833333333333,55.5162294870138,60.9484367370605
14.1342592592593,55.5162294870138,62.8984375
14.1851851851852,55.5162294870138,41.8689651489258
14.2361111111111,55.5162294870138,41.0289649963379
14.287037037037,55.5162294870138,34.1789627075195
14.337962962963,55.5162294870138,40.4189643859863
14.3888888888889,55.5162294870138,-26.5910358428955
14.4398148148148,55.5162294870138,-36.7777709960938
14.4907407407407,55.5162294870138,-45.137767791748
14.5416666666667,55.5162294870138,-46.597770690918
14.5925925925926,55.5162294870138,-48.5077705383301
14.6435185185185,55.5162294870138,-53.3177680969238
14.6944444444444,55.5162294870138,-62.2961120605469
14.7453703703704,55.5162294870138,-64.4261169433594
14.7962962962963,55.5162294870138,-66.2561111450195
14.8472222222222,55.5162294870138,-70.3361129760742
14.8981481481481,55.5162294870138,-72.7061157226562
14.9490740740741,55.5162294870138,-73.7261123657227
15,55.5162294870138,-77.2965240478516
9.5,55.4650600852823,15.1199998855591
9.55092592592593,55.4650600852823,20.9699993133545
9.60185185185185,55.4650600852823,25.5450000762939
9.65277777777778,55.4650600852823,-1.42500066757202
9.7037037037037,55.4650600852823,1.12499928474426
9.75462962962963,55.4650600852823,17.6949996948242
9.80555555555556,55.4650600852823,15.2449989318848
9.85648148148148,55.4650600852823,33.3025436401367
9.90740740740741,55.4650600852823,38.7225456237793
9.95833333333333,55.4650600852823,15.0025453567505
10.0092592592593,55.4650600852823,18.0925445556641
10.0601851851852,55.4650600852823,29.6325454711914
10.1111111111111,55.4650600852823,35.9225463867188
10.162037037037,55.4650600852823,35.1775016784668
10.212962962963,55.4650600852823,31.1075000762939
10.2638888888889,55.4650600852823,19.2075004577637
10.3148148148148,55.4650600852823,17.0375003814697
10.3657407407407,55.4650600852823,3.52750015258789
10.4166666666667,55.4650600852823,1.45437443256378
10.4675925925926,55.4650600852823,0.234374389052391
10.5185185185185,55.4650600852823,-0.165625616908073
10.5694444444444,55.4650600852823,2.62437438964844
10.6203703703704,55.4650600852823,6.12437438964844
10.6712962962963,55.4650600852823,10.4160289764404
10.7222222222222,55.4650600852823,-3.04397082328796
10.7731481481481,55.4650600852823,-10.0739707946777
10.8240740740741,55.4650600852823,-25.8239707946777
10.875,55.4650600852823,-29.2339706420898
10.9259259259259,55.4650600852823,-19.7396793365479
10.9768518518519,55.4650600852823,-22.209680557251
11.0277777777778,55.4650600852823,-13.4296798706055
11.0787037037037,55.4650600852823,-4.47967958450317
11.1296296296296,55.4650600852823,-8.12967967987061
11.1805555555556,55.4650600852823,7.39032030105591
11.2314814814815,55.4650600852823,8.00500679016113
11.2824074074074,55.4650600852823,23.6750068664551
11.3333333333333,55.4650600852823,31.1650066375732
11.3842592592593,55.4650600852823,23.3550071716309
11.4351851851852,55.4650600852823,34.3950080871582
11.4861111111111,55.4650600852823,35.0291404724121
11.537037037037,55.4650600852823,36.8391418457031
11.587962962963,55.4650600852823,35.0791397094727
11.6388888888889,55.4650600852823,37.0691413879395
11.6898148148148,55.4650600852823,36.3791427612305
11.7407407407407,55.4650600852823,28.1604270935059
11.7916666666667,55.4650600852823,35.8504257202148
11.8425925925926,55.4650600852823,44.8104248046875
11.8935185185185,55.4650600852823,38.0204277038574
11.9444444444444,55.4650600852823,40.3404273986816
11.9953703703704,55.4650600852823,36.260425567627
12.0462962962963,55.4650600852823,30.4349784851074
12.0972222222222,55.4650600852823,26.9049777984619
12.1481481481481,55.4650600852823,11.7249774932861
12.1990740740741,55.4650600852823,2.8149778842926
12.25,55.4650600852823,-6.3650221824646
12.3009259259259,55.4650600852823,-11.1957950592041
12.3518518518518,55.4650600852823,-11.6557950973511
12.4027777777778,55.4650600852823,-13.035795211792
12.4537037037037,55.4650600852823,-12.6857957839966
12.5046296296296,55.4650600852823,-12.0457954406738
12.5555555555556,55.4650600852823,-12.7491703033447
12.6064814814815,55.4650600852823,-12.1991701126099
12.6574074074074,55.4650600852823,-11.9391708374023
12.7083333333333,55.4650600852823,-11.6691703796387
12.7592592592593,55.4650600852823,-9.78917026519775
12.8101851851852,55.4650600852823,-4.23409366607666
12.8611111111111,55.4650600852823,-6.10409355163574
12.912037037037,55.4650600852823,-1.56409347057343
12.962962962963,55.4650600852823,1.43590652942657
13.0138888888889,55.4650600852823,16.8759059906006
13.0648148148148,55.4650600852823,26.5659065246582
13.1157407407407,55.4650600852823,38.4629135131836
13.1666666666667,55.4650600852823,47.2629127502441
13.2175925925926,55.4650600852823,56.2429122924805
13.2685185185185,55.4650600852823,63.7329139709473
13.3194444444444,55.4650600852823,56.2629127502441
13.3703703703704,55.4650600852823,62.3626251220703
13.4212962962963,55.4650600852823,57.9426231384277
13.4722222222222,55.4650600852823,47.9326248168945
13.5231481481481,55.4650600852823,51.1426239013672
13.5740740740741,55.4650600852823,42.6226234436035
13.625,55.4650600852823,52.0742835998535
13.6759259259259,55.4650600852823,58.5942840576172
13.7268518518518,55.4650600852823,53.6042861938477
13.7777777777778,55.4650600852823,48.1642837524414
13.8287037037037,55.4650600852823,52.584285736084
13.8796296296296,55.4650600852823,47.774284362793
13.9305555555556,55.4650600852823,27.0784378051758
13.9814814814815,55.4650600852823,26.708438873291
14.0324074074074,55.4650600852823,52.9684371948242
14.0833333333333,55.4650600852823,45.8984375
14.1342592592593,55.4650600852823,46.6884384155273
14.1851851851852,55.4650600852823,50.0589637756348
14.2361111111111,55.4650600852823,36.4789619445801
14.287037037037,55.4650600852823,17.5289630889893
14.337962962963,55.4650600852823,-2.6710364818573
14.3888888888889,55.4650600852823,-33.2910346984863
14.4398148148148,55.4650600852823,-39.287769317627
14.4907407407407,55.4650600852823,-46.2077674865723
14.5416666666667,55.4650600852823,-46.637767791748
14.5925925925926,55.4650600852823,-54.1477699279785
14.6435185185185,55.4650600852823,-60.0577697753906
14.6944444444444,55.4650600852823,-67.5661163330078
14.7453703703704,55.4650600852823,-68.2761154174805
14.7962962962963,55.4650600852823,-68.9861145019531
14.8472222222222,55.4650600852823,-68.6261138916016
14.8981481481481,55.4650600852823,-69.7461166381836
14.9490740740741,55.4650600852823,-72.0261154174805
15,55.4650600852823,-73.6165237426758
9.5,55.4138906835509,50.7099990844727
9.55092592592593,55.4138906835509,35.4099998474121
9.60185185185185,55.4138906835509,-3.38500070571899
9.65277777777778,55.4138906835509,-12.4450006484985
9.7037037037037,55.4138906835509,-17.5250015258789
9.75462962962963,55.4138906835509,-6.5450005531311
9.80555555555556,55.4138906835509,-0.0450006872415543
9.85648148148148,55.4138906835509,30.2025451660156
9.90740740740741,55.4138906835509,27.8025455474854
9.95833333333333,55.4138906835509,35.3625450134277
10.0092592592593,55.4138906835509,53.5025444030762
10.0601851851852,55.4138906835509,71.742546081543
10.1111111111111,55.4138906835509,73.8725433349609
10.162037037037,55.4138906835509,60.2975006103516
10.212962962963,55.4138906835509,36.3474998474121
10.2638888888889,55.4138906835509,15.8074998855591
10.3148148148148,55.4138906835509,14.7375001907349
10.3657407407407,55.4138906835509,7.26749992370605
10.4166666666667,55.4138906835509,6.60437440872192
10.4675925925926,55.4138906835509,7.07437419891357
10.5185185185185,55.4138906835509,9.51437473297119
10.5694444444444,55.4138906835509,10.0343742370605
10.6203703703704,55.4138906835509,9.57437419891357
10.6712962962963,55.4138906835509,6.24602937698364
10.7222222222222,55.4138906835509,-10.1639709472656
10.7731481481481,55.4138906835509,-16.2139701843262
10.8240740740741,55.4138906835509,-19.8839702606201
10.875,55.4138906835509,-23.7939701080322
10.9259259259259,55.4138906835509,-24.8496799468994
10.9768518518519,55.4138906835509,-23.1896800994873
11.0277777777778,55.4138906835509,-16.0996799468994
11.0787037037037,55.4138906835509,-11.3096799850464
11.1296296296296,55.4138906835509,-10.0796794891357
11.1805555555556,55.4138906835509,-4.55967998504639
11.2314814814815,55.4138906835509,5.56500673294067
11.2824074074074,55.4138906835509,7.6050066947937
11.3333333333333,55.4138906835509,32.8450050354004
11.3842592592593,55.4138906835509,43.5250053405762
11.4351851851852,55.4138906835509,43.3450050354004
11.4861111111111,55.4138906835509,53.2791404724121
11.537037037037,55.4138906835509,42.4891395568848
11.587962962963,55.4138906835509,44.0191421508789
11.6388888888889,55.4138906835509,46.1691398620605
11.6898148148148,55.4138906835509,36.1391410827637
11.7407407407407,55.4138906835509,28.8104267120361
11.7916666666667,55.4138906835509,31.7204265594482
11.8425925925926,55.4138906835509,38.3104248046875
11.8935185185185,55.4138906835509,37.0004272460938
11.9444444444444,55.4138906835509,38.2404251098633
11.9953703703704,55.4138906835509,39.1204261779785
12.0462962962963,55.4138906835509,43.4749794006348
12.0972222222222,55.4138906835509,38.7449760437012
12.1481481481481,55.4138906835509,19.734977722168
12.1990740740741,55.4138906835509,13.5849781036377
12.25,55.4138906835509,0.674977838993073
12.3009259259259,55.4138906835509,-8.6957950592041
12.3518518518518,55.4138906835509,-8.58579540252686
12.4027777777778,55.4138906835509,-13.7657957077026
12.4537037037037,55.4138906835509,-15.3457956314087
12.5046296296296,55.4138906835509,-16.3757953643799
12.5555555555556,55.4138906835509,-16.4991703033447
12.6064814814815,55.4138906835509,-14.1791706085205
12.6574074074074,55.4138906835509,-12.9491701126099
12.7083333333333,55.4138906835509,-11.1991701126099
12.7592592592593,55.4138906835509,-9.2091703414917
12.8101851851852,55.4138906835509,-5.66409349441528
12.8611111111111,55.4138906835509,1.34590649604797
12.912037037037,55.4138906835509,-1.41409349441528
12.962962962963,55.4138906835509,2.17590641975403
13.0138888888889,55.4138906835509,5.53590631484985
13.0648148148148,55.4138906835509,10.1859064102173
13.1157407407407,55.4138906835509,26.2829132080078
13.1666666666667,55.4138906835509,30.272912979126
13.2175925925926,55.4138906835509,35.1229133605957
13.2685185185185,55.4138906835509,36.5229148864746
13.3194444444444,55.4138906835509,38.4629135131836
13.3703703703704,55.4138906835509,37.1026229858398
13.4212962962963,55.4138906835509,38.2326240539551
13.4722222222222,55.4138906835509,36.6526222229004
13.5231481481481,55.4138906835509,15.1226234436035
13.5740740740741,55.4138906835509,21.5426235198975
13.625,55.4138906835509,10.0842847824097
13.6759259259259,55.4138906835509,6.67428493499756
13.7268518518518,55.4138906835509,-4.72571516036987
13.7777777777778,55.4138906835509,-4.55571508407593
13.8287037037037,55.4138906835509,-3.71571493148804
13.8796296296296,55.4138906835509,-2.5857150554657
13.9305555555556,55.4138906835509,-11.1515617370605
13.9814814814815,55.4138906835509,-9.05156230926514
14.0324074074074,55.4138906835509,7.69843816757202
14.0833333333333,55.4138906835509,10.9184379577637
14.1342592592593,55.4138906835509,17.6784381866455
14.1851851851852,55.4138906835509,13.9289636611938
14.2361111111111,55.4138906835509,5.63896369934082
14.287037037037,55.4138906835509,-18.3110370635986
14.337962962963,55.4138906835509,-26.621036529541
14.3888888888889,55.4138906835509,-40.5510368347168
14.4398148148148,55.4138906835509,-44.0777702331543
14.4907407407407,55.4138906835509,-55.0177688598633
14.5416666666667,55.4138906835509,-57.9177703857422
14.5925925925926,55.4138906835509,-71.9477691650391
14.6435185185185,55.4138906835509,-70.4377670288086
14.6944444444444,55.4138906835509,-72.3761138916016
14.7453703703704,55.4138906835509,-70.76611328125
14.7962962962963,55.4138906835509,-69.4961166381836
14.8472222222222,55.4138906835509,-69.2761154174805
14.8981481481481,55.4138906835509,-66.2361145019531
14.9490740740741,55.4138906835509,-66.0961151123047
15,55.4138906835509,-56.7165222167969
9.5,55.3627212818194,40.7299995422363
9.55092592592593,55.3627212818194,14
9.60185185185185,55.3627212818194,8.66499900817871
9.65277777777778,55.3627212818194,-11.1550006866455
9.7037037037037,55.3627212818194,-15.2550010681152
9.75462962962963,55.3627212818194,-8.50500106811523
9.80555555555556,55.3627212818194,-2.65500068664551
9.85648148148148,55.3627212818194,14.0325450897217
9.90740740740741,55.3627212818194,23.2725448608398
9.95833333333333,55.3627212818194,50.492546081543
10.0092592592593,55.3627212818194,59.2625465393066
10.0601851851852,55.3627212818194,51.1725463867188
10.1111111111111,55.3627212818194,77.4325485229492
10.162037037037,55.3627212818194,84.8475036621094
10.212962962963,55.3627212818194,70.8675003051758
10.2638888888889,55.3627212818194,48.3574981689453
10.3148148148148,55.3627212818194,34.8574981689453
10.3657407407407,55.3627212818194,16.0475006103516
10.4166666666667,55.3627212818194,14.9643745422363
10.4675925925926,55.3627212818194,15.7143745422363
10.5185185185185,55.3627212818194,13.2043743133545
10.5694444444444,55.3627212818194,12.7643747329712
10.6203703703704,55.3627212818194,15.4143743515015
10.6712962962963,55.3627212818194,13.1460294723511
10.7222222222222,55.3627212818194,11.0460290908813
10.7731481481481,55.3627212818194,-7.77397060394287
10.8240740740741,55.3627212818194,-22.973970413208
10.875,55.3627212818194,-21.2839698791504
10.9259259259259,55.3627212818194,-24.1196804046631
10.9768518518519,55.3627212818194,-25.1196804046631
11.0277777777778,55.3627212818194,-26.7596797943115
11.0787037037037,55.3627212818194,-12.3196802139282
11.1296296296296,55.3627212818194,-7.30967998504639
11.1805555555556,55.3627212818194,-1.76967978477478
11.2314814814815,55.3627212818194,6.49500703811646
11.2824074074074,55.3627212818194,9.63500690460205
11.3333333333333,55.3627212818194,53.1250076293945
11.3842592592593,55.3627212818194,52.7250061035156
11.4351851851852,55.3627212818194,59.7850074768066
11.4861111111111,55.3627212818194,65.999137878418
11.537037037037,55.3627212818194,32.4491424560547
11.587962962963,55.3627212818194,34.4991416931152
11.6388888888889,55.3627212818194,34.6491394042969
11.6898148148148,55.3627212818194,32.7091407775879
11.7407407407407,55.3627212818194,31.8604259490967
11.7916666666667,55.3627212818194,35.9304275512695
11.8425925925926,55.3627212818194,33.320426940918
11.8935185185185,55.3627212818194,29.4304275512695
11.9444444444444,55.3627212818194,39.5904273986816
11.9953703703704,55.3627212818194,42.9004249572754
12.0462962962963,55.3627212818194,40.794979095459
12.0972222222222,55.3627212818194,32.8349761962891
12.1481481481481,55.3627212818194,22.2249774932861
12.1990740740741,55.3627212818194,21.9149780273438
12.25,55.3627212818194,14.4749774932861
12.3009259259259,55.3627212818194,10.8442049026489
12.3518518518518,55.3627212818194,9.69420433044434
12.4027777777778,55.3627212818194,-5.68579530715942
12.4537037037037,55.3627212818194,-15.2357959747314
12.5046296296296,55.3627212818194,-19.0657958984375
12.5555555555556,55.3627212818194,-18.7891712188721
12.6064814814815,55.3627212818194,-16.1091709136963
12.6574074074074,55.3627212818194,-14.3891706466675
12.7083333333333,55.3627212818194,-11.1391706466675
12.7592592592593,55.3627212818194,-9.00917053222656
12.8101851851852,55.3627212818194,-2.22409343719482
12.8611111111111,55.3627212818194,-1.17409348487854
12.912037037037,55.3627212818194,-0.874093472957611
12.962962962963,55.3627212818194,-5.92409324645996
13.0138888888889,55.3627212818194,-3.54409337043762
13.0648148148148,55.3627212818194,2.95590662956238
13.1157407407407,55.3627212818194,3.79291343688965
13.1666666666667,55.3627212818194,10.1429138183594
13.2175925925926,55.3627212818194,23.9429130554199
13.2685185185185,55.3627212818194,22.582914352417
13.3194444444444,55.3627212818194,27.0129127502441
13.3703703703704,55.3627212818194,24.7326240539551
13.4212962962963,55.3627212818194,16.7526226043701
13.4722222222222,55.3627212818194,11.5326232910156
13.5231481481481,55.3627212818194,-1.59737658500671
13.5740740740741,55.3627212818194,0.0726233646273613
13.625,55.3627212818194,-11.9657154083252
13.6759259259259,55.3627212818194,-18.3857154846191
13.7268518518518,55.3627212818194,-20.6757144927979
13.7777777777778,55.3627212818194,-18.8157157897949
13.8287037037037,55.3627212818194,-17.9457149505615
13.8796296296296,55.3627212818194,-17.6157150268555
13.9305555555556,55.3627212818194,-18.8515625
13.9814814814815,55.3627212818194,-18.3615627288818
14.0324074074074,55.3627212818194,-9.57156181335449
14.0833333333333,55.3627212818194,0.0884379595518112
14.1342592592593,55.3627212818194,4.54843807220459
14.1851851851852,55.3627212818194,0.948963642120361
14.2361111111111,55.3627212818194,-8.06103610992432
14.287037037037,55.3627212818194,-25.1410369873047
14.337962962963,55.3627212818194,-34.4910354614258
14.3888888888889,55.3627212818194,-42.3210372924805
14.4398148148148,55.3627212818194,-46.9477691650391
14.4907407407407,55.3627212818194,-53.9377708435059
14.5416666666667,55.3627212818194,-58.8177680969238
14.5925925925926,55.3627212818194,-68.6477661132812
14.6435185185185,55.3627212818194,-63.2277679443359
14.6944444444444,55.3627212818194,-46.3061141967773
14.7453703703704,55.3627212818194,-59.1861152648926
14.7962962962963,55.3627212818194,-66.6961135864258
14.8472222222222,55.3627212818194,-67.6061172485352
14.8981481481481,55.3627212818194,-70.0361099243164
14.9490740740741,55.3627212818194,-71.9061126708984
15,55.3627212818194,-60.0065231323242
9.5,55.3115518800879,33.4143142700195
9.55092592592593,55.3115518800879,21.9543132781982
9.60185185185185,55.3115518800879,12.3025512695312
9.65277777777778,55.3115518800879,-8.12744808197021
9.7037037037037,55.3115518800879,-10.5074481964111
9.75462962962963,55.3115518800879,-5.20744848251343
9.80555555555556,55.3115518800879,-0.107448428869247
9.85648148148148,55.3115518800879,-5.08242416381836
9.90740740740741,55.3115518800879,7.44757604598999
9.95833333333333,55.3115518800879,36.4275741577148
10.0092592592593,55.3115518800879,53.5775756835938
10.0601851851852,55.3115518800879,78.2875747680664
10.1111111111111,55.3115518800879,83.6775741577148
10.162037037037,55.3115518800879,57.5400009155273
10.212962962963,55.3115518800879,44.5200004577637
10.2638888888889,55.3115518800879,25.7999992370605
10.3148148148148,55.3115518800879,27.5499992370605
10.3657407407407,55.3115518800879,35.0400009155273
10.4166666666667,55.3115518800879,44.9094619750977
10.4675925925926,55.3115518800879,44.4594612121582
10.5185185185185,55.3115518800879,41.639461517334
10.5694444444444,55.3115518800879,39.4094619750977
10.6203703703704,55.3115518800879,34.7694625854492
10.6712962962963,55.3115518800879,27.9502296447754
10.7222222222222,55.3115518800879,11.5902299880981
10.7731481481481,55.3115518800879,13.3702297210693
10.8240740740741,55.3115518800879,-13.0597696304321
10.875,55.3115518800879,-23.7797698974609
10.9259259259259,55.3115518800879,-5.86422395706177
10.9768518518519,55.3115518800879,-9.10422420501709
11.0277777777778,55.3115518800879,-27.3942241668701
11.0787037037037,55.3115518800879,-16.4342231750488
11.1296296296296,55.3115518800879,-1.77422404289246
11.1805555555556,55.3115518800879,9.5457763671875
11.2314814814815,55.3115518800879,18.9644737243652
11.2824074074074,55.3115518800879,17.1844749450684
11.3333333333333,55.3115518800879,24.8044738769531
11.3842592592593,55.3115518800879,29.8644733428955
11.4351851851852,55.3115518800879,35.9944725036621
11.4861111111111,55.3115518800879,36.0482330322266
11.537037037037,55.3115518800879,42.5882339477539
11.587962962963,55.3115518800879,37.9182319641113
11.6388888888889,55.3115518800879,28.6482334136963
11.6898148148148,55.3115518800879,18.9882335662842
11.7407407407407,55.3115518800879,31.8724994659424
11.7916666666667,55.3115518800879,32.2825012207031
11.8425925925926,55.3115518800879,29.3824996948242
11.8935185185185,55.3115518800879,32.3624992370605
11.9444444444444,55.3115518800879,38.7924995422363
11.9953703703704,55.3115518800879,52.0924987792969
12.0462962962963,55.3115518800879,34.7684593200684
12.0972222222222,55.3115518800879,23.1284599304199
12.1481481481481,55.3115518800879,20.3584594726562
12.1990740740741,55.3115518800879,17.7384605407715
12.25,55.3115518800879,16.8684597015381
12.3009259259259,55.3115518800879,21.5783023834229
12.3518518518518,55.3115518800879,25.4783039093018
12.4027777777778,55.3115518800879,35.0583038330078
12.4537037037037,55.3115518800879,10.5183029174805
12.5046296296296,55.3115518800879,-21.0416965484619
12.5555555555556,55.3115518800879,-20.7742042541504
12.6064814814815,55.3115518800879,-20.1442031860352
12.6574074074074,55.3115518800879,-17.0942039489746
12.7083333333333,55.3115518800879,-10.44420337677
12.7592592592593,55.3115518800879,-10.404203414917
12.8101851851852,55.3115518800879,-7.94076251983643
12.8611111111111,55.3115518800879,-9.03076267242432
12.912037037037,55.3115518800879,-13.0107622146606
12.962962962963,55.3115518800879,-18.2407627105713
13.0138888888889,55.3115518800879,-24.2207622528076
13.0648148148148,55.3115518800879,-24.7007617950439
13.1157407407407,55.3115518800879,-24.2058506011963
13.1666666666667,55.3115518800879,-22.5758514404297
13.2175925925926,55.3115518800879,-17.7358512878418
13.2685185185185,55.3115518800879,-13.8658514022827
13.3194444444444,55.3115518800879,-12.7558507919312
13.3703703703704,55.3115518800879,-13.6950664520264
13.4212962962963,55.3115518800879,-16.5550670623779
13.4722222222222,55.3115518800879,-19.0350666046143
13.5231481481481,55.3115518800879,-24.71506690979
13.5740740740741,55.3115518800879,-24.5850677490234
13.625,55.3115518800879,-28.5812511444092
13.6759259259259,55.3115518800879,-29.7912502288818
13.7268518518518,55.3115518800879,-34.78125
13.7777777777778,55.3115518800879,-36.0012512207031
13.8287037037037,55.3115518800879,-36.6812515258789
13.8796296296296,55.3115518800879,-36.5412521362305
13.9305555555556,55.3115518800879,-34.966064453125
13.9814814814815,55.3115518800879,-31.73606300354
14.0324074074074,55.3115518800879,-19.4660625457764
14.0833333333333,55.3115518800879,-18.8060626983643
14.1342592592593,55.3115518800879,-19.5460624694824
14.1851851851852,55.3115518800879,-15.2301683425903
14.2361111111111,55.3115518800879,-14.7801685333252
14.287037037037,55.3115518800879,-35.3701705932617
14.337962962963,55.3115518800879,-41.540168762207
14.3888888888889,55.3115518800879,-48.790168762207
14.4398148148148,55.3115518800879,-50.1813201904297
14.4907407407407,55.3115518800879,-45.7913208007812
14.5416666666667,55.3115518800879,-46.4213180541992
14.5925925925926,55.3115518800879,-51.2113189697266
14.6435185185185,55.3115518800879,-48.3013191223145
14.6944444444444,55.3115518800879,-36.2223701477051
14.7453703703704,55.3115518800879,-39.122371673584
14.7962962962963,55.3115518800879,-40.6423721313477
14.8472222222222,55.3115518800879,-50.7823715209961
14.8981481481481,55.3115518800879,-66.8923721313477
14.9490740740741,55.3115518800879,-71.4923706054688
15,55.3115518800879,-73.4357299804688
9.5,55.2603824783564,26.7743129730225
9.55092592592593,55.2603824783564,28.6943130493164
9.60185185185185,55.2603824783564,13.1625518798828
9.65277777777778,55.2603824783564,-1.91744840145111
9.7037037037037,55.2603824783564,-5.38744831085205
9.75462962962963,55.2603824783564,-2.92744851112366
9.80555555555556,55.2603824783564,-5.84744834899902
9.85648148148148,55.2603824783564,-1.09242403507233
9.90740740740741,55.2603824783564,31.5675754547119
9.95833333333333,55.2603824783564,42.8575744628906
10.0092592592593,55.2603824783564,56.1975746154785
10.0601851851852,55.2603824783564,72.2075729370117
10.1111111111111,55.2603824783564,67.6275787353516
10.162037037037,55.2603824783564,34.7200012207031
10.212962962963,55.2603824783564,30.8400001525879
10.2638888888889,55.2603824783564,24.8500003814697
10.3148148148148,55.2603824783564,32.9500007629395
10.3657407407407,55.2603824783564,46.8800010681152
10.4166666666667,55.2603824783564,63.3494644165039
10.4675925925926,55.2603824783564,70.2894592285156
10.5185185185185,55.2603824783564,62.949462890625
10.5694444444444,55.2603824783564,59.0794639587402
10.6203703703704,55.2603824783564,49.8594627380371
10.6712962962963,55.2603824783564,46.2102317810059
10.7222222222222,55.2603824783564,23.3802299499512
10.7731481481481,55.2603824783564,6.82023000717163
10.8240740740741,55.2603824783564,-8.68976974487305
10.875,55.2603824783564,-16.6997699737549
10.9259259259259,55.2603824783564,-17.6342239379883
10.9768518518519,55.2603824783564,-22.0942249298096
11.0277777777778,55.2603824783564,-30.4742240905762
11.0787037037037,55.2603824783564,-24.8742237091064
11.1296296296296,55.2603824783564,-14.8542242050171
11.1805555555556,55.2603824783564,-15.4942245483398
11.2314814814815,55.2603824783564,11.2944746017456
11.2824074074074,55.2603824783564,16.7844734191895
11.3333333333333,55.2603824783564,15.7944746017456
11.3842592592593,55.2603824783564,19.064474105835
11.4351851851852,55.2603824783564,29.0944747924805
11.4861111111111,55.2603824783564,29.4882335662842
11.537037037037,55.2603824783564,31.0182323455811
11.587962962963,55.2603824783564,33.1982345581055
11.6388888888889,55.2603824783564,28.0082321166992
11.6898148148148,55.2603824783564,20.5582332611084
11.7407407407407,55.2603824783564,21.6725006103516
11.7916666666667,55.2603824783564,55.7024993896484
11.8425925925926,55.2603824783564,29.9025001525879
11.8935185185185,55.2603824783564,33.4524993896484
11.9444444444444,55.2603824783564,51.6824989318848
11.9953703703704,55.2603824783564,52.6525001525879
12.0462962962963,55.2603824783564,41.7384605407715
12.0972222222222,55.2603824783564,36.0584602355957
12.1481481481481,55.2603824783564,25.9284610748291
12.1990740740741,55.2603824783564,22.0584602355957
12.25,55.2603824783564,14.9984607696533
12.3009259259259,55.2603824783564,20.048303604126
12.3518518518518,55.2603824783564,22.7783031463623
12.4027777777778,55.2603824783564,30.6083030700684
12.4537037037037,55.2603824783564,9.10830307006836
12.5046296296296,55.2603824783564,-22.3916969299316
12.5555555555556,55.2603824783564,-23.0042037963867
12.6064814814815,55.2603824783564,-22.5042037963867
12.6574074074074,55.2603824783564,-20.7042045593262
12.7083333333333,55.2603824783564,-16.3442039489746
12.7592592592593,55.2603824783564,-15.5242042541504
12.8101851851852,55.2603824783564,-15.8007621765137
12.8611111111111,55.2603824783564,-14.8107624053955
12.912037037037,55.2603824783564,-14.8407621383667
12.962962962963,55.2603824783564,-18.6907615661621
13.0138888888889,55.2603824783564,-28.7507629394531
13.0648148148148,55.2603824783564,-30.5607624053955
13.1157407407407,55.2603824783564,-32.8758506774902
13.1666666666667,55.2603824783564,-33.9558525085449
13.2175925925926,55.2603824783564,-34.1058502197266
13.2685185185185,55.2603824783564,-33.5658493041992
13.3194444444444,55.2603824783564,-29.2358512878418
13.3703703703704,55.2603824783564,-30.5450668334961
13.4212962962963,55.2603824783564,-31.0650672912598
13.4722222222222,55.2603824783564,-30.5850677490234
13.5231481481481,55.2603824783564,-28.4950675964355
13.5740740740741,55.2603824783564,-27.96506690979
13.625,55.2603824783564,-27.5512504577637
13.6759259259259,55.2603824783564,-29.9212512969971
13.7268518518518,55.2603824783564,-38.4312515258789
13.7777777777778,55.2603824783564,-39.1712493896484
13.8287037037037,55.2603824783564,-39.2912521362305
13.8796296296296,55.2603824783564,-38.78125
13.9305555555556,55.2603824783564,-37.7460632324219
13.9814814814815,55.2603824783564,-36.3760643005371
14.0324074074074,55.2603824783564,-31.596061706543
14.0833333333333,55.2603824783564,-29.4460620880127
14.1342592592593,55.2603824783564,-25.0860633850098
14.1851851851852,55.2603824783564,-19.2001686096191
14.2361111111111,55.2603824783564,-21.1501693725586
14.287037037037,55.2603824783564,-38.6801681518555
14.337962962963,55.2603824783564,-43.6301689147949
14.3888888888889,55.2603824783564,-47.4001693725586
14.4398148148148,55.2603824783564,-44.9713172912598
14.4907407407407,55.2603824783564,-38.8613204956055
14.5416666666667,55.2603824783564,-46.161319732666
14.5925925925926,55.2603824783564,-48.9013175964355
14.6435185185185,55.2603824783564,-42.7113189697266
14.6944444444444,55.2603824783564,-27.0123710632324
14.7453703703704,55.2603824783564,-22.8823699951172
14.7962962962963,55.2603824783564,26.9776287078857
14.8472222222222,55.2603824783564,-26.4323711395264
14.8981481481481,55.2603824783564,-55.9323692321777
14.9490740740741,55.2603824783564,-61.0523719787598
15,55.2603824783564,-69.7457275390625
9.5,55.2092130766249,43.4243125915527
9.55092592592593,55.2092130766249,32.0743141174316
9.60185185185185,55.2092130766249,19.6125507354736
9.65277777777778,55.2092130766249,5.91255140304565
9.7037037037037,55.2092130766249,-12.2174482345581
9.75462962962963,55.2092130766249,-20.5774478912354
9.80555555555556,55.2092130766249,-13.0474481582642
9.85648148148148,55.2092130766249,-10.0024242401123
9.90740740740741,55.2092130766249,-6.16242408752441
9.95833333333333,55.2092130766249,5.87757587432861
10.0092592592593,55.2092130766249,17.6975765228271
10.0601851851852,55.2092130766249,20.8475761413574
10.1111111111111,55.2092130766249,13.3175764083862
10.162037037037,55.2092130766249,59.2099990844727
10.212962962963,55.2092130766249,41.5200004577637
10.2638888888889,55.2092130766249,32.2200012207031
10.3148148148148,55.2092130766249,35.5099983215332
10.3657407407407,55.2092130766249,48.0799980163574
10.4166666666667,55.2092130766249,61.2894630432129
10.4675925925926,55.2092130766249,74.9694595336914
10.5185185185185,55.2092130766249,84.9294662475586
10.5694444444444,55.2092130766249,88.7694625854492
10.6203703703704,55.2092130766249,83.079460144043
10.6712962962963,55.2092130766249,78.1702270507812
10.7222222222222,55.2092130766249,38.0702285766602
10.7731481481481,55.2092130766249,23.3502292633057
10.8240740740741,55.2092130766249,-15.5597696304321
10.875,55.2092130766249,-6.00976991653442
10.9259259259259,55.2092130766249,-15.0342245101929
10.9768518518519,55.2092130766249,-18.2142238616943
11.0277777777778,55.2092130766249,-16.0142250061035
11.0787037037037,55.2092130766249,-20.0842247009277
11.1296296296296,55.2092130766249,-5.90422391891479
11.1805555555556,55.2092130766249,2.18577599525452
11.2314814814815,55.2092130766249,0.0444741807878017
11.2824074074074,55.2092130766249,3.81447410583496
11.3333333333333,55.2092130766249,5.20447397232056
11.3842592592593,55.2092130766249,5.66447401046753
11.4351851851852,55.2092130766249,4.26447439193726
11.4861111111111,55.2092130766249,18.1682319641113
11.537037037037,55.2092130766249,8.32823276519775
11.587962962963,55.2092130766249,13.0382328033447
11.6388888888889,55.2092130766249,7.42823266983032
11.6898148148148,55.2092130766249,8.56823253631592
11.7407407407407,55.2092130766249,9.0024995803833
11.7916666666667,55.2092130766249,19.2924995422363
11.8425925925926,55.2092130766249,41.9824981689453
11.8935185185185,55.2092130766249,43.2724990844727
11.9444444444444,55.2092130766249,97.5924987792969
11.9953703703704,55.2092130766249,100.542503356934
12.0462962962963,55.2092130766249,59.8684616088867
12.0972222222222,55.2092130766249,35.4484596252441
12.1481481481481,55.2092130766249,6.17846059799194
12.1990740740741,55.2092130766249,1.39846038818359
12.25,55.2092130766249,-6.18153953552246
12.3009259259259,55.2092130766249,-9.59169673919678
12.3518518518518,55.2092130766249,-10.7816972732544
12.4027777777778,55.2092130766249,-16.1616973876953
12.4537037037037,55.2092130766249,-17.9216976165771
12.5046296296296,55.2092130766249,-21.931697845459
12.5555555555556,55.2092130766249,-23.7242031097412
12.6064814814815,55.2092130766249,-24.6342029571533
12.6574074074074,55.2092130766249,-24.8542041778564
12.7083333333333,55.2092130766249,-24.8542041778564
12.7592592592593,55.2092130766249,-26.3542041778564
12.8101851851852,55.2092130766249,-25.8307628631592
12.8611111111111,55.2092130766249,-26.6407623291016
12.912037037037,55.2092130766249,-28.1507625579834
12.962962962963,55.2092130766249,-28.590763092041
13.0138888888889,55.2092130766249,-30.0007629394531
13.0648148148148,55.2092130766249,-32.3107643127441
13.1157407407407,55.2092130766249,-37.0658493041992
13.1666666666667,55.2092130766249,-37.9858512878418
13.2175925925926,55.2092130766249,-39.365852355957
13.2685185185185,55.2092130766249,-39.9258499145508
13.3194444444444,55.2092130766249,-41.0358505249023
13.3703703703704,55.2092130766249,-41.3350677490234
13.4212962962963,55.2092130766249,-41.8450660705566
13.4722222222222,55.2092130766249,-42.0050659179688
13.5231481481481,55.2092130766249,-42.3450660705566
13.5740740740741,55.2092130766249,-42.4150657653809
13.625,55.2092130766249,-42.8212509155273
13.6759259259259,55.2092130766249,-42.9212493896484
13.7268518518518,55.2092130766249,-42.8712501525879
13.7777777777778,55.2092130766249,-42.8912506103516
13.8287037037037,55.2092130766249,-42.5512504577637
13.8796296296296,55.2092130766249,-42.4112510681152
13.9305555555556,55.2092130766249,-41.7860641479492
13.9814814814815,55.2092130766249,-41.4460639953613
14.0324074074074,55.2092130766249,-40.6460609436035
14.0833333333333,55.2092130766249,-40.4160614013672
14.1342592592593,55.2092130766249,-40.346061706543
14.1851851851852,55.2092130766249,-40.790168762207
14.2361111111111,55.2092130766249,-41.2401695251465
14.287037037037,55.2092130766249,-45.9201698303223
14.337962962963,55.2092130766249,-45.350170135498
14.3888888888889,55.2092130766249,-43.0301704406738
14.4398148148148,55.2092130766249,-43.3813171386719
14.4907407407407,55.2092130766249,-43.7413177490234
14.5416666666667,55.2092130766249,-45.6113204956055
14.5925925925926,55.2092130766249,-45.4313201904297
14.6435185185185,55.2092130766249,-40.9313201904297
14.6944444444444,55.2092130766249,-27.6623706817627
14.7453703703704,55.2092130766249,41.377628326416
14.7962962962963,55.2092130766249,106.927627563477
14.8472222222222,55.2092130766249,98.3076324462891
14.8981481481481,55.2092130766249,73.8576278686523
14.9490740740741,55.2092130766249,37.3576278686523
15,55.2092130766249,-17.815731048584
9.5,55.1580436748934,35.5143127441406
9.55092592592593,55.1580436748934,-0.425686568021774
9.60185185185185,55.1580436748934,-6.72744846343994
9.65277777777778,55.1580436748934,-4.4174485206604
9.7037037037037,55.1580436748934,-18.5774478912354
9.75462962962963,55.1580436748934,-22.1574478149414
9.80555555555556,55.1580436748934,-19.4774475097656
9.85648148148148,55.1580436748934,-17.6624240875244
9.90740740740741,55.1580436748934,-19.2824249267578
9.95833333333333,55.1580436748934,-1.63242399692535
10.0092592592593,55.1580436748934,-0.842424035072327
10.0601851851852,55.1580436748934,7.78757619857788
10.1111111111111,55.1580436748934,6.81757593154907
10.162037037037,55.1580436748934,67.0199966430664
10.212962962963,55.1580436748934,75.9499969482422
10.2638888888889,55.1580436748934,45.6300010681152
10.3148148148148,55.1580436748934,39.0499992370605
10.3657407407407,55.1580436748934,42.1500015258789
10.4166666666667,55.1580436748934,56.7194633483887
10.4675925925926,55.1580436748934,66.8494644165039
10.5185185185185,55.1580436748934,93.1194610595703
10.5694444444444,55.1580436748934,104.049461364746
10.6203703703704,55.1580436748934,89.4194641113281
10.6712962962963,55.1580436748934,92.0902328491211
10.7222222222222,55.1580436748934,39.5402297973633
10.7731481481481,55.1580436748934,15.4902305603027
10.8240740740741,55.1580436748934,-14.069769859314
10.875,55.1580436748934,-7.72976970672607
10.9259259259259,55.1580436748934,-8.71422386169434
10.9768518518519,55.1580436748934,-10.2642240524292
11.0277777777778,55.1580436748934,-26.5642242431641
11.0787037037037,55.1580436748934,-20.0542240142822
11.1296296296296,55.1580436748934,-8.7642240524292
11.1805555555556,55.1580436748934,-7.25422430038452
11.2314814814815,55.1580436748934,-11.7455253601074
11.2824074074074,55.1580436748934,-11.2355260848999
11.3333333333333,55.1580436748934,-3.04552578926086
11.3842592592593,55.1580436748934,-2.36552572250366
11.4351851851852,55.1580436748934,-1.02552580833435
11.4861111111111,55.1580436748934,-4.61176729202271
11.537037037037,55.1580436748934,-1.73176729679108
11.587962962963,55.1580436748934,1.41823267936707
11.6388888888889,55.1580436748934,2.77823281288147
11.6898148148148,55.1580436748934,1.18823277950287
11.7407407407407,55.1580436748934,3.11249995231628
11.7916666666667,55.1580436748934,8.5625
11.8425925925926,55.1580436748934,19.4925003051758
11.8935185185185,55.1580436748934,26.4424991607666
11.9444444444444,55.1580436748934,53.002498626709
11.9953703703704,55.1580436748934,55.752498626709
12.0462962962963,55.1580436748934,21.0084609985352
12.0972222222222,55.1580436748934,5.82846021652222
12.1481481481481,55.1580436748934,-4.82153940200806
12.1990740740741,55.1580436748934,-7.23153972625732
12.25,55.1580436748934,-11.3515396118164
12.3009259259259,55.1580436748934,-11.6716966629028
12.3518518518518,55.1580436748934,-11.6416969299316
12.4027777777778,55.1580436748934,-14.9816970825195
12.4537037037037,55.1580436748934,-16.9016971588135
12.5046296296296,55.1580436748934,-20.621696472168
12.5555555555556,55.1580436748934,-23.6042041778564
12.6064814814815,55.1580436748934,-25.8242034912109
12.6574074074074,55.1580436748934,-26.484203338623
12.7083333333333,55.1580436748934,-28.4342041015625
12.7592592592593,55.1580436748934,-30.5642032623291
12.8101851851852,55.1580436748934,-29.9607620239258
12.8611111111111,55.1580436748934,-28.53076171875
12.912037037037,55.1580436748934,-27.5007629394531
12.962962962963,55.1580436748934,-27.8507633209229
13.0138888888889,55.1580436748934,-28.5407619476318
13.0648148148148,55.1580436748934,-29.9707622528076
13.1157407407407,55.1580436748934,-35.4558525085449
13.1666666666667,55.1580436748934,-37.1358528137207
13.2175925925926,55.1580436748934,-38.9658508300781
13.2685185185185,55.1580436748934,-39.5658493041992
13.3194444444444,55.1580436748934,-40.7858505249023
13.3703703703704,55.1580436748934,-41.2250671386719
13.4212962962963,55.1580436748934,-42.0050659179688
13.4722222222222,55.1580436748934,-42.3950653076172
13.5231481481481,55.1580436748934,-42.885066986084
13.5740740740741,55.1580436748934,-43.1550674438477
13.625,55.1580436748934,-43.4612503051758
13.6759259259259,55.1580436748934,-43.6312522888184
13.7268518518518,55.1580436748934,-43.78125
13.7777777777778,55.1580436748934,-43.8212509155273
13.8287037037037,55.1580436748934,-43.6912498474121
13.8796296296296,55.1580436748934,-43.6412506103516
13.9305555555556,55.1580436748934,-43.4360618591309
13.9814814814815,55.1580436748934,-43.3560638427734
14.0324074074074,55.1580436748934,-43.0260620117188
14.0833333333333,55.1580436748934,-42.9360618591309
14.1342592592593,55.1580436748934,-43.0760612487793
14.1851851851852,55.1580436748934,-43.9701690673828
14.2361111111111,55.1580436748934,-44.6901702880859
14.287037037037,55.1580436748934,-46.350170135498
14.337962962963,55.1580436748934,-45.9701690673828
14.3888888888889,55.1580436748934,-44.8301696777344
14.4398148148148,55.1580436748934,-44.8913192749023
14.4907407407407,55.1580436748934,-45.9913177490234
14.5416666666667,55.1580436748934,-46.4913177490234
14.5925925925926,55.1580436748934,-44.8413200378418
14.6435185185185,55.1580436748934,-41.3813171386719
14.6944444444444,55.1580436748934,-22.7623710632324
14.7453703703704,55.1580436748934,31.6276302337646
14.7962962962963,55.1580436748934,100.117630004883
14.8472222222222,55.1580436748934,105.867630004883
14.8981481481481,55.1580436748934,100.717628479004
14.9490740740741,55.1580436748934,98.2076263427734
15,55.1580436748934,56.8142700195312
9.5,55.1068742731619,2.91431331634521
9.55092592592593,55.1068742731619,-13.0556869506836
9.60185185185185,55.1068742731619,-25.4974479675293
9.65277777777778,55.1068742731619,-23.1274490356445
9.7037037037037,55.1068742731619,-26.2574481964111
9.75462962962963,55.1068742731619,-24.1274490356445
9.80555555555556,55.1068742731619,-22.9374485015869
9.85648148148148,55.1068742731619,-16.4124240875244
9.90740740740741,55.1068742731619,-18.7024230957031
9.95833333333333,55.1068742731619,-16.1924247741699
10.0092592592593,55.1068742731619,-5.48242378234863
10.0601851851852,55.1068742731619,-4.90242385864258
10.1111111111111,55.1068742731619,8.64757633209229
10.162037037037,55.1068742731619,21.7800006866455
10.212962962963,55.1068742731619,16.5599994659424
10.2638888888889,55.1068742731619,72.4899978637695
10.3148148148148,55.1068742731619,61.9700012207031
10.3657407407407,55.1068742731619,48.5200004577637
10.4166666666667,55.1068742731619,53.3094635009766
10.4675925925926,55.1068742731619,62.1194610595703
10.5185185185185,55.1068742731619,70.2594604492188
10.5694444444444,55.1068742731619,83.329460144043
10.6203703703704,55.1068742731619,58.9994621276855
10.6712962962963,55.1068742731619,58.6502304077148
10.7222222222222,55.1068742731619,26.6002292633057
10.7731481481481,55.1068742731619,-0.81976991891861
10.8240740740741,55.1068742731619,-12.3097696304321
10.875,55.1068742731619,-0.22976990044117
10.9259259259259,55.1068742731619,-4.16422414779663
10.9768518518519,55.1068742731619,-23.654224395752
11.0277777777778,55.1068742731619,-20.5442237854004
11.0787037037037,55.1068742731619,-13.3342237472534
11.1296296296296,55.1068742731619,-6.79422426223755
11.1805555555556,55.1068742731619,-6.74422407150269
11.2314814814815,55.1068742731619,-12.0855255126953
11.2824074074074,55.1068742731619,-14.5355262756348
11.3333333333333,55.1068742731619,-12.6655254364014
11.3842592592593,55.1068742731619,-11.1955261230469
11.4351851851852,55.1068742731619,-10.9855260848999
11.4861111111111,55.1068742731619,-10.5017671585083
11.537037037037,55.1068742731619,-11.7117671966553
11.587962962963,55.1068742731619,-11.4317674636841
11.6388888888889,55.1068742731619,-10.4917669296265
11.6898148148148,55.1068742731619,-7.97176742553711
11.7407407407407,55.1068742731619,2.20250010490417
11.7916666666667,55.1068742731619,1.49249994754791
11.8425925925926,55.1068742731619,3.33249998092651
11.8935185185185,55.1068742731619,28.3724994659424
11.9444444444444,55.1068742731619,19.3624992370605
11.9953703703704,55.1068742731619,18.1525001525879
12.0462962962963,55.1068742731619,9.18846035003662
12.0972222222222,55.1068742731619,9.57846069335938
12.1481481481481,55.1068742731619,5.90846061706543
12.1990740740741,55.1068742731619,0.478460401296616
12.25,55.1068742731619,-2.85153961181641
12.3009259259259,55.1068742731619,-8.2216968536377
12.3518518518518,55.1068742731619,-9.92169666290283
12.4027777777778,55.1068742731619,-9.59169673919678
12.4537037037037,55.1068742731619,-10.0416965484619
12.5046296296296,55.1068742731619,-16.451696395874
12.5555555555556,55.1068742731619,-19.8342037200928
12.6064814814815,55.1068742731619,-24.0142040252686
12.6574074074074,55.1068742731619,-25.9942035675049
12.7083333333333,55.1068742731619,-29.154203414917
12.7592592592593,55.1068742731619,-29.5442047119141
12.8101851851852,55.1068742731619,-28.9907627105713
12.8611111111111,55.1068742731619,-32.8207626342773
12.912037037037,55.1068742731619,-34.7707633972168
12.962962962963,55.1068742731619,-35.1007614135742
13.0138888888889,55.1068742731619,-37.4807624816895
13.0648148148148,55.1068742731619,-37.2507629394531
13.1157407407407,55.1068742731619,-36.9458503723145
13.1666666666667,55.1068742731619,-37.8558502197266
13.2175925925926,55.1068742731619,-38.865852355957
13.2685185185185,55.1068742731619,-38.7958526611328
13.3194444444444,55.1068742731619,-38.5658493041992
13.3703703703704,55.1068742731619,-38.8450660705566
13.4212962962963,55.1068742731619,-40.8650665283203
13.4722222222222,55.1068742731619,-42.8450660705566
13.5231481481481,55.1068742731619,-43.7250671386719
13.5740740740741,55.1068742731619,-44.0050659179688
13.625,55.1068742731619,-44.5012512207031
13.6759259259259,55.1068742731619,-44.6812515258789
13.7268518518518,55.1068742731619,-44.8912506103516
13.7777777777778,55.1068742731619,-44.9912490844727
13.8287037037037,55.1068742731619,-44.9412498474121
13.8796296296296,55.1068742731619,-45.0612525939941
13.9305555555556,55.1068742731619,-45.0860633850098
13.9814814814815,55.1068742731619,-45.1760635375977
14.0324074074074,55.1068742731619,-45.5160636901855
14.0833333333333,55.1068742731619,-45.7860641479492
14.1342592592593,55.1068742731619,-46.3260612487793
14.1851851851852,55.1068742731619,-46.8401679992676
14.2361111111111,55.1068742731619,-47.230167388916
14.287037037037,55.1068742731619,-47.6601676940918
14.337962962963,55.1068742731619,-46.9001693725586
14.3888888888889,55.1068742731619,-40.790168762207
14.4398148148148,55.1068742731619,-41.5613174438477
14.4907407407407,55.1068742731619,-44.101318359375
14.5416666666667,55.1068742731619,-45.3613204956055
14.5925925925926,55.1068742731619,-41.3413200378418
14.6435185185185,55.1068742731619,-36.4013175964355
14.6944444444444,55.1068742731619,-8.97237014770508
14.7453703703704,55.1068742731619,20.9976291656494
14.7962962962963,55.1068742731619,58.6176300048828
14.8472222222222,55.1068742731619,75.1776275634766
14.8981481481481,55.1068742731619,129.667633056641
14.9490740740741,55.1068742731619,105.087631225586
15,55.1068742731619,111.134269714355
9.5,55.0557048714304,32.3843116760254
9.55092592592593,55.0557048714304,-24.7056865692139
9.60185185185185,55.0557048714304,-30.017448425293
9.65277777777778,55.0557048714304,-17.6174488067627
9.7037037037037,55.0557048714304,-6.85744857788086
9.75462962962963,55.0557048714304,-8.67744827270508
9.80555555555556,55.0557048714304,-19.4374485015869
9.85648148148148,55.0557048714304,-19.1224231719971
9.90740740740741,55.0557048714304,-22.6924247741699
9.95833333333333,55.0557048714304,-27.4924240112305
10.0092592592593,55.0557048714304,-27.3424243927002
10.0601851851852,55.0557048714304,5.38757610321045
10.1111111111111,55.0557048714304,0.63757598400116
10.162037037037,55.0557048714304,15.5799999237061
10.212962962963,55.0557048714304,8.09000015258789
10.2638888888889,55.0557048714304,13.9300003051758
10.3148148148148,55.0557048714304,32.6199989318848
10.3657407407407,55.0557048714304,23.4500007629395
10.4166666666667,55.0557048714304,33.949462890625
10.4675925925926,55.0557048714304,45.2794647216797
10.5185185185185,55.0557048714304,59.9694633483887
10.5694444444444,55.0557048714304,61.3494644165039
10.6203703703704,55.0557048714304,54.9694633483887
10.6712962962963,55.0557048714304,51.370231628418
10.7222222222222,55.0557048714304,5.60023021697998
10.7731481481481,55.0557048714304,-10.5597696304321
10.8240740740741,55.0557048714304,-8.73976993560791
10.875,55.0557048714304,10.9602298736572
10.9259259259259,55.0557048714304,-8.38422393798828
10.9768518518519,55.0557048714304,-21.7242240905762
11.0277777777778,55.0557048714304,-19.5042247772217
11.0787037037037,55.0557048714304,-12.3442239761353
11.1296296296296,55.0557048714304,-8.03422451019287
11.1805555555556,55.0557048714304,-7.81422424316406
11.2314814814815,55.0557048714304,-10.0955257415771
11.2824074074074,55.0557048714304,-14.7755260467529
11.3333333333333,55.0557048714304,-14.9155254364014
11.3842592592593,55.0557048714304,-14.6755256652832
11.4351851851852,55.0557048714304,-11.6255254745483
11.4861111111111,55.0557048714304,-9.85176753997803
11.537037037037,55.0557048714304,-11.7217674255371
11.587962962963,55.0557048714304,-10.4917669296265
11.6388888888889,55.0557048714304,-4.82176733016968
11.6898148148148,55.0557048714304,-3.71176719665527
11.7407407407407,55.0557048714304,-0.0475000068545341
11.7916666666667,55.0557048714304,0.752499997615814
11.8425925925926,55.0557048714304,1.27250003814697
11.8935185185185,55.0557048714304,6.16249990463257
11.9444444444444,55.0557048714304,43.6425018310547
11.9953703703704,55.0557048714304,35.502498626709
12.0462962962963,55.0557048714304,33.7784614562988
12.0972222222222,55.0557048714304,22.9884605407715
12.1481481481481,55.0557048714304,1.53846037387848
12.1990740740741,55.0557048714304,-1.01153957843781
12.25,55.0557048714304,-0.841539621353149
12.3009259259259,55.0557048714304,-4.91169691085815
12.3518518518518,55.0557048714304,-6.20169687271118
12.4027777777778,55.0557048714304,-10.1516971588135
12.4537037037037,55.0557048714304,-11.3516969680786
12.5046296296296,55.0557048714304,-17.6716976165771
12.5555555555556,55.0557048714304,-19.2242031097412
12.6064814814815,55.0557048714304,-21.1042041778564
12.6574074074074,55.0557048714304,-22.3842029571533
12.7083333333333,55.0557048714304,-29.0342044830322
12.7592592592593,55.0557048714304,-29.2242031097412
12.8101851851852,55.0557048714304,-29.7207622528076
12.8611111111111,55.0557048714304,-31.2207622528076
12.912037037037,55.0557048714304,-27.3907623291016
12.962962962963,55.0557048714304,-23.760763168335
13.0138888888889,55.0557048714304,-25.7707633972168
13.0648148148148,55.0557048714304,-27.8807621002197
13.1157407407407,55.0557048714304,-33.305850982666
13.1666666666667,55.0557048714304,-36.0758514404297
13.2175925925926,55.0557048714304,-40.5958518981934
13.2685185185185,55.0557048714304,-41.3358497619629
13.3194444444444,55.0557048714304,-41.8958511352539
13.3703703703704,55.0557048714304,-42.2150650024414
13.4212962962963,55.0557048714304,-43.3050651550293
13.4722222222222,55.0557048714304,-43.8350677490234
13.5231481481481,55.0557048714304,-44.1850662231445
13.5740740740741,55.0557048714304,-44.4850654602051
13.625,55.0557048714304,-45.0212516784668
13.6759259259259,55.0557048714304,-45.1612510681152
13.7268518518518,55.0557048714304,-45.3612518310547
13.7777777777778,55.0557048714304,-45.4712524414062
13.8287037037037,55.0557048714304,-45.4112510681152
13.8796296296296,55.0557048714304,-45.4812507629395
13.9305555555556,55.0557048714304,-45.4760627746582
13.9814814814815,55.0557048714304,-45.7560615539551
14.0324074074074,55.0557048714304,-46.2760620117188
14.0833333333333,55.0557048714304,-46.5860633850098
14.1342592592593,55.0557048714304,-47.1360626220703
14.1851851851852,55.0557048714304,-47.8801689147949
14.2361111111111,55.0557048714304,-47.8801689147949
14.287037037037,55.0557048714304,-47.2401695251465
14.337962962963,55.0557048714304,-46.3001670837402
14.3888888888889,55.0557048714304,-40.790168762207
14.4398148148148,55.0557048714304,-43.1713180541992
14.4907407407407,55.0557048714304,-43.9013175964355
14.5416666666667,55.0557048714304,-42.1413192749023
14.5925925925926,55.0557048714304,-37.0713195800781
14.6435185185185,55.0557048714304,-29.911319732666
14.6944444444444,55.0557048714304,-11.0823707580566
14.7453703703704,55.0557048714304,8.45762920379639
14.7962962962963,55.0557048714304,54.4576301574707
14.8472222222222,55.0557048714304,68.1176300048828
14.8981481481481,55.0557048714304,70.8576278686523
14.9490740740741,55.0557048714304,80.1976318359375
15,55.0557048714304,100.524269104004
9.5,55.0045354696989,19.7035808563232
9.55092592592593,55.0045354696989,29.073579788208
9.60185185185185,55.0045354696989,8.34932041168213
9.65277777777778,55.0045354696989,1.60932052135468
9.7037037037037,55.0045354696989,5.36932039260864
9.75462962962963,55.0045354696989,9.47932052612305
9.80555555555556,55.0045354696989,30.7693214416504
9.85648148148148,55.0045354696989,25.5747337341309
9.90740740740741,55.0045354696989,2.49473285675049
9.95833333333333,55.0045354696989,-26.685266494751
10.0092592592593,55.0045354696989,-34.3652687072754
10.0601851851852,55.0045354696989,-35.9652671813965
10.1111111111111,55.0045354696989,-32.6852684020996
10.162037037037,55.0045354696989,-12.711085319519
10.212962962963,55.0045354696989,-11.2610855102539
10.2638888888889,55.0045354696989,-10.9510850906372
10.3148148148148,55.0045354696989,-7.94108533859253
10.3657407407407,55.0045354696989,-7.84108543395996
10.4166666666667,55.0045354696989,-6.15979909896851
10.4675925925926,55.0045354696989,-5.44979906082153
10.5185185185185,55.0045354696989,0.780200898647308
10.5694444444444,55.0045354696989,12.5102005004883
10.6203703703704,55.0045354696989,3.18020081520081
10.6712962962963,55.0045354696989,-4.81431341171265
10.7222222222222,55.0045354696989,-9.94431304931641
10.7731481481481,55.0045354696989,-9.88431358337402
10.8240740740741,55.0045354696989,11.4956865310669
10.875,55.0045354696989,7.33568668365479
10.9259259259259,55.0045354696989,-15.9797220230103
10.9768518518519,55.0045354696989,-21.2797222137451
11.0277777777778,55.0045354696989,-16.9097213745117
11.0787037037037,55.0045354696989,-11.2597217559814
11.1296296296296,55.0045354696989,-11.8197221755981
11.1805555555556,55.0045354696989,-10.9197216033936
11.2314814814815,55.0045354696989,-10.028431892395
11.2824074074074,55.0045354696989,-9.47843170166016
11.3333333333333,55.0045354696989,-3.68843221664429
11.3842592592593,55.0045354696989,-5.71843194961548
11.4351851851852,55.0045354696989,-10.818431854248
11.4861111111111,55.0045354696989,-10.7832698822021
11.537037037037,55.0045354696989,-11.9332695007324
11.587962962963,55.0045354696989,-11.0532693862915
11.6388888888889,55.0045354696989,-10.3232698440552
11.6898148148148,55.0045354696989,-10.253270149231
11.7407407407407,55.0045354696989,-8.2728967666626
11.7916666666667,55.0045354696989,-7.20289659500122
11.8425925925926,55.0045354696989,-0.552896738052368
11.8935185185185,55.0045354696989,5.18710327148438
11.9444444444444,55.0045354696989,24.207103729248
11.9953703703704,55.0045354696989,45.3271026611328
12.0462962962963,55.0045354696989,60.6155967712402
12.0972222222222,55.0045354696989,42.0155982971191
12.1481481481481,55.0045354696989,18.2055988311768
12.1990740740741,55.0045354696989,-2.72440218925476
12.25,55.0045354696989,-1.75440204143524
12.3009259259259,55.0045354696989,7.31094264984131
12.3518518518518,55.0045354696989,4.06094264984131
12.4027777777778,55.0045354696989,15.7609424591064
12.4537037037037,55.0045354696989,1.89094281196594
12.5046296296296,55.0045354696989,4.89094305038452
12.5555555555556,55.0045354696989,-18.7133331298828
12.6064814814815,55.0045354696989,-21.2933330535889
12.6574074074074,55.0045354696989,-21.6833343505859
12.7083333333333,55.0045354696989,-25.6933345794678
12.7592592592593,55.0045354696989,-28.7333335876465
12.8101851851852,55.0045354696989,-21.0881767272949
12.8611111111111,55.0045354696989,-21.1181774139404
12.912037037037,55.0045354696989,-17.7981758117676
12.962962962963,55.0045354696989,-18.1881771087646
13.0138888888889,55.0045354696989,-20.3281764984131
13.0648148148148,55.0045354696989,-19.9681758880615
13.1157407407407,55.0045354696989,-21.1618728637695
13.1666666666667,55.0045354696989,-22.1818733215332
13.2175925925926,55.0045354696989,-39.0018730163574
13.2685185185185,55.0045354696989,-44.1818733215332
13.3194444444444,55.0045354696989,-45.1618728637695
13.3703703703704,55.0045354696989,-44.5620994567871
13.4212962962963,55.0045354696989,-44.6221008300781
13.4722222222222,55.0045354696989,-44.9821014404297
13.5231481481481,55.0045354696989,-45.5020980834961
13.5740740740741,55.0045354696989,-45.6721000671387
13.625,55.0045354696989,-46.0800514221191
13.6759259259259,55.0045354696989,-46.1400527954102
13.7268518518518,55.0045354696989,-46.3000526428223
13.7777777777778,55.0045354696989,-46.3300514221191
13.8287037037037,55.0045354696989,-46.3700523376465
13.8796296296296,55.0045354696989,-46.4500541687012
13.9305555555556,55.0045354696989,-46.7382011413574
13.9814814814815,55.0045354696989,-46.9581985473633
14.0324074074074,55.0045354696989,-47.3381996154785
14.0833333333333,55.0045354696989,-47.5282020568848
14.1342592592593,55.0045354696989,-47.7182006835938
14.1851851851852,55.0045354696989,-46.6778106689453
14.2361111111111,55.0045354696989,-45.7778091430664
14.287037037037,55.0045354696989,-46.3678092956543
14.337962962963,55.0045354696989,-45.947811126709
14.3888888888889,55.0045354696989,-39.0878105163574
14.4398148148148,55.0045354696989,-37.9522590637207
14.4907407407407,55.0045354696989,-33.4022598266602
14.5416666666667,55.0045354696989,-27.1722602844238
14.5925925925926,55.0045354696989,-20.3822593688965
14.6435185185185,55.0045354696989,-20.6222591400146
14.6944444444444,55.0045354696989,-17.425443649292
14.7453703703704,55.0045354696989,-14.8754444122314
14.7962962962963,55.0045354696989,-12.4354438781738
14.8472222222222,55.0045354696989,-11.9354438781738
14.8981481481481,55.0045354696989,-7.29544448852539
14.9490740740741,55.0045354696989,3.55455565452576
15,55.0045354696989,24.4715747833252
9.5,54.9533660679674,44.6935806274414
9.55092592592593,54.9533660679674,36.743579864502
9.60185185185185,54.9533660679674,27.7593212127686
9.65277777777778,54.9533660679674,30.6993198394775
9.7037037037037,54.9533660679674,21.3193206787109
9.75462962962963,54.9533660679674,12.8293209075928
9.80555555555556,54.9533660679674,2.52932047843933
9.85648148148148,54.9533660679674,12.9347324371338
9.90740740740741,54.9533660679674,16.2747325897217
9.95833333333333,54.9533660679674,47.6847343444824
10.0092592592593,54.9533660679674,24.2147331237793
10.0601851851852,54.9533660679674,-34.3852653503418
10.1111111111111,54.9533660679674,-33.1852684020996
10.162037037037,54.9533660679674,-33.4510841369629
10.212962962963,54.9533660679674,-9.6010856628418
10.2638888888889,54.9533660679674,-13.0110855102539
10.3148148148148,54.9533660679674,-22.4910850524902
10.3657407407407,54.9533660679674,-14.881085395813
10.4166666666667,54.9533660679674,-7.20979928970337
10.4675925925926,54.9533660679674,-3.15979909896851
10.5185185185185,54.9533660679674,-1.70979905128479
10.5694444444444,54.9533660679674,1.09020090103149
10.6203703703704,54.9533660679674,-0.499799072742462
10.6712962962963,54.9533660679674,-1.0343132019043
10.7222222222222,54.9533660679674,10.3556871414185
10.7731481481481,54.9533660679674,20.5256862640381
10.8240740740741,54.9533660679674,-3.13431310653687
10.875,54.9533660679674,-21.3743133544922
10.9259259259259,54.9533660679674,-19.4997215270996
10.9768518518519,54.9533660679674,-15.3497219085693
11.0277777777778,54.9533660679674,-4.63972187042236
11.0787037037037,54.9533660679674,-2.12972187995911
11.1296296296296,54.9533660679674,1.13027811050415
11.1805555555556,54.9533660679674,2.79027819633484
11.2314814814815,54.9533660679674,3.25156784057617
11.2824074074074,54.9533660679674,2.6515679359436
11.3333333333333,54.9533660679674,-5.42843198776245
11.3842592592593,54.9533660679674,2.7915678024292
11.4351851851852,54.9533660679674,2.16156792640686
11.4861111111111,54.9533660679674,-3.683269739151
11.537037037037,54.9533660679674,-0.723269760608673
11.587962962963,54.9533660679674,-7.07326984405518
11.6388888888889,54.9533660679674,-7.66326999664307
11.6898148148148,54.9533660679674,-3.82326984405518
11.7407407407407,54.9533660679674,2.96710324287415
11.7916666666667,54.9533660679674,4.02710342407227
11.8425925925926,54.9533660679674,5.68710327148438
11.8935185185185,54.9533660679674,-3.37289667129517
11.9444444444444,54.9533660679674,-4.97289657592773
11.9953703703704,54.9533660679674,-4.25289678573608
12.0462962962963,54.9533660679674,1.37559795379639
12.0972222222222,54.9533660679674,-0.644402086734772
12.1481481481481,54.9533660679674,5.7855978012085
12.1990740740741,54.9533660679674,4.66559791564941
12.25,54.9533660679674,18.295597076416
12.3009259259259,54.9533660679674,1.03094279766083
12.3518518518518,54.9533660679674,-7.15905714035034
12.4027777777778,54.9533660679674,-10.589056968689
12.4537037037037,54.9533660679674,-7.90905714035034
12.5046296296296,54.9533660679674,27.5209426879883
12.5555555555556,54.9533660679674,13.4766664505005
12.6064814814815,54.9533660679674,-24.4633331298828
12.6574074074074,54.9533660679674,-21.6533336639404
12.7083333333333,54.9533660679674,-28.6533336639404
12.7592592592593,54.9533660679674,-30.6733341217041
12.8101851851852,54.9533660679674,-32.308177947998
12.8611111111111,54.9533660679674,-32.5381774902344
12.912037037037,54.9533660679674,-34.0781784057617
12.962962962963,54.9533660679674,-36.1481781005859
13.0138888888889,54.9533660679674,-37.7881774902344
13.0648148148148,54.9533660679674,-39.0381774902344
13.1157407407407,54.9533660679674,-42.7318725585938
13.1666666666667,54.9533660679674,-43.7418746948242
13.2175925925926,54.9533660679674,-45.8418731689453
13.2685185185185,54.9533660679674,-46.3218727111816
13.3194444444444,54.9533660679674,-45.8918724060059
13.3703703703704,54.9533660679674,-45.9320983886719
13.4212962962963,54.9533660679674,-46.2920989990234
13.4722222222222,54.9533660679674,-46.4421005249023
13.5231481481481,54.9533660679674,-46.6721000671387
13.5740740740741,54.9533660679674,-46.8521003723145
13.625,54.9533660679674,-46.920051574707
13.6759259259259,54.9533660679674,-46.920051574707
13.7268518518518,54.9533660679674,-46.9000511169434
13.7777777777778,54.9533660679674,-46.9000511169434
13.8287037037037,54.9533660679674,-46.980052947998
13.8796296296296,54.9533660679674,-46.9400520324707
13.9305555555556,54.9533660679674,-46.978199005127
13.9814814814815,54.9533660679674,-46.8282012939453
14.0324074074074,54.9533660679674,-46.3381996154785
14.0833333333333,54.9533660679674,-45.9882011413574
14.1342592592593,54.9533660679674,-45.2382011413574
14.1851851851852,54.9533660679674,-43.9678115844727
14.2361111111111,54.9533660679674,-42.0378112792969
14.287037037037,54.9533660679674,-38.2278099060059
14.337962962963,54.9533660679674,-37.947811126709
14.3888888888889,54.9533660679674,-30.8378105163574
14.4398148148148,54.9533660679674,-28.2822589874268
14.4907407407407,54.9533660679674,-23.4622592926025
14.5416666666667,54.9533660679674,-21.2022590637207
14.5925925925926,54.9533660679674,-19.4522590637207
14.6435185185185,54.9533660679674,-17.852258682251
14.6944444444444,54.9533660679674,-17.3954448699951
14.7453703703704,54.9533660679674,-18.4354438781738
14.7962962962963,54.9533660679674,-15.5954446792603
14.8472222222222,54.9533660679674,-15.1454439163208
14.8981481481481,54.9533660679674,-28.0554447174072
14.9490740740741,54.9533660679674,-31.005443572998
15,54.9533660679674,-34.4784240722656
9.5,54.902196666236,54.1035804748535
9.55092592592593,54.902196666236,14.493579864502
9.60185185185185,54.902196666236,3.35932064056396
9.65277777777778,54.902196666236,18.5993213653564
9.7037037037037,54.902196666236,29.9993209838867
9.75462962962963,54.902196666236,14.899320602417
9.80555555555556,54.902196666236,10.4893207550049
9.85648148148148,54.902196666236,16.8847332000732
9.90740740740741,54.902196666236,23.8447322845459
9.95833333333333,54.902196666236,35.3347320556641
10.0092592592593,54.902196666236,40.9747314453125
10.0601851851852,54.902196666236,-28.4452667236328
10.1111111111111,54.902196666236,-33.7252655029297
10.162037037037,54.902196666236,-33.611083984375
10.212962962963,54.902196666236,-28.1010856628418
10.2638888888889,54.902196666236,25.1389141082764
10.3148148148148,54.902196666236,12.1989145278931
10.3657407407407,54.902196666236,-13.0510854721069
10.4166666666667,54.902196666236,-6.25979900360107
10.4675925925926,54.902196666236,-1.33979904651642
10.5185185185185,54.902196666236,-1.48979902267456
10.5694444444444,54.902196666236,-1.0697990655899
10.6203703703704,54.902196666236,-2.83979916572571
10.6712962962963,54.902196666236,0.0556867979466915
10.7222222222222,54.902196666236,13.8956871032715
10.7731481481481,54.902196666236,18.9056873321533
10.8240740740741,54.902196666236,-20.2943134307861
10.875,54.902196666236,-24.0343132019043
10.9259259259259,54.902196666236,-10.8897218704224
10.9768518518519,54.902196666236,-8.05972194671631
11.0277777777778,54.902196666236,3.24027800559998
11.0787037037037,54.902196666236,7.26027822494507
11.1296296296296,54.902196666236,5.13027811050415
11.1805555555556,54.902196666236,8.26027774810791
11.2314814814815,54.902196666236,9.24156761169434
11.2824074074074,54.902196666236,8.01156806945801
11.3333333333333,54.902196666236,3.31156778335571
11.3842592592593,54.902196666236,-4.85843229293823
11.4351851851852,54.902196666236,-3.07843208312988
11.4861111111111,54.902196666236,-1.20326972007751
11.537037037037,54.902196666236,-3.97326970100403
11.587962962963,54.902196666236,-4.57326984405518
11.6388888888889,54.902196666236,-2.82326984405518
11.6898148148148,54.902196666236,-4.44326972961426
11.7407407407407,54.902196666236,2.03710317611694
11.7916666666667,54.902196666236,3.80710315704346
11.8425925925926,54.902196666236,28.1371040344238
11.8935185185185,54.902196666236,17.6971035003662
11.9444444444444,54.902196666236,7.89710330963135
11.9953703703704,54.902196666236,-0.982896745204926
12.0462962962963,54.902196666236,7.29559803009033
12.0972222222222,54.902196666236,2.55559802055359
12.1481481481481,54.902196666236,10.7755975723267
12.1990740740741,54.902196666236,22.8255977630615
12.25,54.902196666236,9.65559768676758
12.3009259259259,54.902196666236,-15.5790567398071
12.3518518518518,54.902196666236,-20.5690574645996
12.4027777777778,54.902196666236,-20.459056854248
12.4537037037037,54.902196666236,-20.1990566253662
12.5046296296296,54.902196666236,-13.3990573883057
12.5555555555556,54.902196666236,-18.7733345031738
12.6064814814815,54.902196666236,-22.3633346557617
12.6574074074074,54.902196666236,-21.7933330535889
12.7083333333333,54.902196666236,-23.953332901001
12.7592592592593,54.902196666236,-26.4233341217041
12.8101851851852,54.902196666236,-31.6981773376465
12.8611111111111,54.902196666236,-33.0181770324707
12.912037037037,54.902196666236,-34.6481781005859
12.962962962963,54.902196666236,-36.8281784057617
13.0138888888889,54.902196666236,-40.3881759643555
13.0648148148148,54.902196666236,-42.2381782531738
13.1157407407407,54.902196666236,-43.1918716430664
13.1666666666667,54.902196666236,-43.801872253418
13.2175925925926,54.902196666236,-44.9418716430664
13.2685185185185,54.902196666236,-45.301872253418
13.3194444444444,54.902196666236,-45.7018737792969
13.3703703703704,54.902196666236,-45.9821014404297
13.4212962962963,54.902196666236,-46.4520988464355
13.4722222222222,54.902196666236,-46.6120986938477
13.5231481481481,54.902196666236,-46.7720985412598
13.5740740740741,54.902196666236,-46.7720985412598
13.625,54.902196666236,-46.8600540161133
13.6759259259259,54.902196666236,-46.7900543212891
13.7268518518518,54.902196666236,-46.6800537109375
13.7777777777778,54.902196666236,-46.5600547790527
13.8287037037037,54.902196666236,-46.4700546264648
13.8796296296296,54.902196666236,-46.3700523376465
13.9305555555556,54.902196666236,-45.9882011413574
13.9814814814815,54.902196666236,-45.6682014465332
14.0324074074074,54.902196666236,-44.848201751709
14.0833333333333,54.902196666236,-44.2481994628906
14.1342592592593,54.902196666236,-42.9882011413574
14.1851851851852,54.902196666236,-41.2278099060059
14.2361111111111,54.902196666236,-39.6078109741211
14.287037037037,54.902196666236,-36.9778099060059
14.337962962963,54.902196666236,-35.9678115844727
14.3888888888889,54.902196666236,-28.0878105163574
14.4398148148148,54.902196666236,-25.0422592163086
14.4907407407407,54.902196666236,-22.162260055542
14.5416666666667,54.902196666236,-20.1922588348389
14.5925925925926,54.902196666236,-20.5522594451904
14.6435185185185,54.902196666236,-17.8122596740723
14.6944444444444,54.902196666236,-15.9954442977905
14.7453703703704,54.902196666236,-14.9354438781738
14.7962962962963,54.902196666236,-15.7354440689087
14.8472222222222,54.902196666236,-28.3854446411133
14.8981481481481,54.902196666236,-39.4154434204102
14.9490740740741,54.902196666236,-41.8454437255859
15,54.902196666236,-44.3584251403809
9.5,54.8510272645045,-7.49641990661621
9.55092592592593,54.8510272645045,8.19358062744141
9.60185185185185,54.8510272645045,-12.6106796264648
9.65277777777778,54.8510272645045,-2.77067947387695
9.7037037037037,54.8510272645045,6.0593204498291
9.75462962962963,54.8510272645045,-15.6506795883179
9.80555555555556,54.8510272645045,-26.270679473877
9.85648148148148,54.8510272645045,-20.3752670288086
9.90740740740741,54.8510272645045,-15.6852674484253
9.95833333333333,54.8510272645045,-5.86526727676392
10.0092592592593,54.8510272645045,-8.67526721954346
10.0601851851852,54.8510272645045,-14.0552673339844
10.1111111111111,54.8510272645045,-27.4552669525146
10.162037037037,54.8510272645045,-31.3010864257812
10.212962962963,54.8510272645045,-33.0210838317871
10.2638888888889,54.8510272645045,-16.8610858917236
10.3148148148148,54.8510272645045,-19.4110851287842
10.3657407407407,54.8510272645045,24.40891456604
10.4166666666667,54.8510272645045,2.86020088195801
10.4675925925926,54.8510272645045,3.89020085334778
10.5185185185185,54.8510272645045,-3.76979899406433
10.5694444444444,54.8510272645045,-2.80979919433594
10.6203703703704,54.8510272645045,-2.03979897499084
10.6712962962963,54.8510272645045,5.19568681716919
10.7222222222222,54.8510272645045,13.0056867599487
10.7731481481481,54.8510272645045,2.99568676948547
10.8240740740741,54.8510272645045,-23.1543140411377
10.875,54.8510272645045,-13.9843130111694
10.9259259259259,54.8510272645045,-6.35972213745117
10.9768518518519,54.8510272645045,-4.1497220993042
11.0277777777778,54.8510272645045,-0.589721918106079
11.0787037037037,54.8510272645045,1.41027808189392
11.1296296296296,54.8510272645045,4.68027830123901
11.1805555555556,54.8510272645045,6.82027816772461
11.2314814814815,54.8510272645045,6.81156778335571
11.2824074074074,54.8510272645045,8.14156818389893
11.3333333333333,54.8510272645045,7.67156791687012
11.3842592592593,54.8510272645045,7.84156799316406
11.4351851851852,54.8510272645045,4.86156797409058
11.4861111111111,54.8510272645045,-0.473269760608673
11.537037037037,54.8510272645045,-1.35326981544495
11.587962962963,54.8510272645045,1.30673027038574
11.6388888888889,54.8510272645045,2.93673014640808
11.6898148148148,54.8510272645045,7.52673006057739
11.7407407407407,54.8510272645045,0.627103209495544
11.7916666666667,54.8510272645045,2.02710318565369
11.8425925925926,54.8510272645045,5.93710327148438
11.8935185185185,54.8510272645045,10.4771032333374
11.9444444444444,54.8510272645045,12.9971036911011
11.9953703703704,54.8510272645045,15.4971036911011
12.0462962962963,54.8510272645045,9.10559749603271
12.0972222222222,54.8510272645045,9.19559764862061
12.1481481481481,54.8510272645045,7.06559801101685
12.1990740740741,54.8510272645045,-4.34440231323242
12.25,54.8510272645045,-13.5744018554688
12.3009259259259,54.8510272645045,-21.7590579986572
12.3518518518518,54.8510272645045,-22.2790565490723
12.4027777777778,54.8510272645045,-18.4490566253662
12.4537037037037,54.8510272645045,-17.3190574645996
12.5046296296296,54.8510272645045,-17.8090572357178
12.5555555555556,54.8510272645045,-17.0533332824707
12.6064814814815,54.8510272645045,-17.1633338928223
12.6574074074074,54.8510272645045,-17.5033340454102
12.7083333333333,54.8510272645045,-18.4333343505859
12.7592592592593,54.8510272645045,-19.1533336639404
12.8101851851852,54.8510272645045,-21.0881767272949
12.8611111111111,54.8510272645045,-21.5881767272949
12.912037037037,54.8510272645045,-23.5281772613525
12.962962962963,54.8510272645045,-26.0181770324707
13.0138888888889,54.8510272645045,-35.1581764221191
13.0648148148148,54.8510272645045,-39.8781776428223
13.1157407407407,54.8510272645045,-43.111873626709
13.1666666666667,54.8510272645045,-43.5618743896484
13.2175925925926,54.8510272645045,-43.7718734741211
13.2685185185185,54.8510272645045,-44.0418739318848
13.3194444444444,54.8510272645045,-44.6218719482422
13.3703703703704,54.8510272645045,-44.9120979309082
13.4212962962963,54.8510272645045,-45.3220977783203
13.4722222222222,54.8510272645045,-45.4720993041992
13.5231481481481,54.8510272645045,-45.5820999145508
13.5740740740741,54.8510272645045,-45.5820999145508
13.625,54.8510272645045,-45.380054473877
13.6759259259259,54.8510272645045,-45.3100547790527
13.7268518518518,54.8510272645045,-45.0900535583496
13.7777777777778,54.8510272645045,-44.8900527954102
13.8287037037037,54.8510272645045,-44.4700546264648
13.8796296296296,54.8510272645045,-44.170051574707
13.9305555555556,54.8510272645045,-43.2782020568848
13.9814814814815,54.8510272645045,-42.6781997680664
14.0324074074074,54.8510272645045,-41.2382011413574
14.0833333333333,54.8510272645045,-40.4581985473633
14.1342592592593,54.8510272645045,-37.5481986999512
14.1851851851852,54.8510272645045,-33.9678115844727
14.2361111111111,54.8510272645045,-31.5078105926514
14.287037037037,54.8510272645045,-25.0178108215332
14.337962962963,54.8510272645045,-21.8478107452393
14.3888888888889,54.8510272645045,-18.4178104400635
14.4398148148148,54.8510272645045,-18.2322597503662
14.4907407407407,54.8510272645045,-16.7122592926025
14.5416666666667,54.8510272645045,-15.8322591781616
14.5925925925926,54.8510272645045,-16.432258605957
14.6435185185185,54.8510272645045,-16.102258682251
14.6944444444444,54.8510272645045,-20.6054439544678
14.7453703703704,54.8510272645045,-32.0854454040527
14.7962962962963,54.8510272645045,-40.7654457092285
14.8472222222222,54.8510272645045,-42.9154434204102
14.8981481481481,54.8510272645045,-45.5454444885254
14.9490740740741,54.8510272645045,-45.9754447937012
15,54.8510272645045,-51.4884262084961
9.5,54.799857862773,29.1635799407959
9.55092592592593,54.799857862773,30.9735794067383
9.60185185185185,54.799857862773,26.729320526123
9.65277777777778,54.799857862773,8.01932048797607
9.7037037037037,54.799857862773,-5.4406795501709
9.75462962962963,54.799857862773,-19.8906803131104
9.80555555555556,54.799857862773,-23.4906787872314
9.85648148148148,54.799857862773,-14.4252672195435
9.90740740740741,54.799857862773,-18.2252674102783
9.95833333333333,54.799857862773,-22.935266494751
10.0092592592593,54.799857862773,-11.3352670669556
10.0601851851852,54.799857862773,-14.5752668380737
10.1111111111111,54.799857862773,-26.3852672576904
10.162037037037,54.799857862773,-28.8610858917236
10.212962962963,54.799857862773,-28.1610851287842
10.2638888888889,54.799857862773,-27.1910858154297
10.3148148148148,54.799857862773,-23.6110858917236
10.3657407407407,54.799857862773,-11.7410850524902
10.4166666666667,54.799857862773,-10.4797992706299
10.4675925925926,54.799857862773,-15.929799079895
10.5185185185185,54.799857862773,-12.3697986602783
10.5694444444444,54.799857862773,-13.4497995376587
10.6203703703704,54.799857862773,1.91020095348358
10.6712962962963,54.799857862773,12.7556867599487
10.7222222222222,54.799857862773,8.00568675994873
10.7731481481481,54.799857862773,-6.36431312561035
10.8240740740741,54.799857862773,-22.5243129730225
10.875,54.799857862773,-13.804313659668
10.9259259259259,54.799857862773,-2.23972201347351
10.9768518518519,54.799857862773,-0.319721907377243
11.0277777777778,54.799857862773,-0.449721902608871
11.0787037037037,54.799857862773,0.800278067588806
11.1296296296296,54.799857862773,0.900278091430664
11.1805555555556,54.799857862773,0.88027811050415
11.2314814814815,54.799857862773,4.22156763076782
11.2824074074074,54.799857862773,6.21156787872314
11.3333333333333,54.799857862773,8.81156826019287
11.3842592592593,54.799857862773,10.3415679931641
11.4351851851852,54.799857862773,6.67156791687012
11.4861111111111,54.799857862773,7.55673027038574
11.537037037037,54.799857862773,3.94673013687134
11.587962962963,54.799857862773,5.45673036575317
11.6388888888889,54.799857862773,7.32673025131226
11.6898148148148,54.799857862773,8.59673023223877
11.7407407407407,54.799857862773,4.37710332870483
11.7916666666667,54.799857862773,1.27710318565369
11.8425925925926,54.799857862773,5.45710325241089
11.8935185185185,54.799857862773,13.4671030044556
11.9444444444444,54.799857862773,10.3271036148071
11.9953703703704,54.799857862773,11.7571029663086
12.0462962962963,54.799857862773,14.1855983734131
12.0972222222222,54.799857862773,24.6655979156494
12.1481481481481,54.799857862773,0.365597903728485
12.1990740740741,54.799857862773,-7.57440185546875
12.25,54.799857862773,-18.5844020843506
12.3009259259259,54.799857862773,-21.8190574645996
12.3518518518518,54.799857862773,-21.6790580749512
12.4027777777778,54.799857862773,-20.8590564727783
12.4537037037037,54.799857862773,-20.6190567016602
12.5046296296296,54.799857862773,-20.5090579986572
12.5555555555556,54.799857862773,-18.5033340454102
12.6064814814815,54.799857862773,-16.263334274292
12.6574074074074,54.799857862773,-16.7233333587646
12.7083333333333,54.799857862773,-17.7433338165283
12.7592592592593,54.799857862773,-18.4333343505859
12.8101851851852,54.799857862773,-19.6581764221191
12.8611111111111,54.799857862773,-20.3181762695312
12.912037037037,54.799857862773,-21.9381771087646
12.962962962963,54.799857862773,-23.2681770324707
13.0138888888889,54.799857862773,-27.6081771850586
13.0648148148148,54.799857862773,-31.7281761169434
13.1157407407407,54.799857862773,-39.5318717956543
13.1666666666667,54.799857862773,-41.5818748474121
13.2175925925926,54.799857862773,-43.3118743896484
13.2685185185185,54.799857862773,-43.4918746948242
13.3194444444444,54.799857862773,-43.8518714904785
13.3703703703704,54.799857862773,-43.9920997619629
13.4212962962963,54.799857862773,-44.3320999145508
13.4722222222222,54.799857862773,-44.4520988464355
13.5231481481481,54.799857862773,-44.5420989990234
13.5740740740741,54.799857862773,-44.5020980834961
13.625,54.799857862773,-44.2800521850586
13.6759259259259,54.799857862773,-44.1100540161133
13.7268518518518,54.799857862773,-43.8000526428223
13.7777777777778,54.799857862773,-43.630054473877
13.8287037037037,54.799857862773,-43.1500511169434
13.8796296296296,54.799857862773,-42.7700538635254
13.9305555555556,54.799857862773,-41.6082000732422
13.9814814814815,54.799857862773,-40.8982009887695
14.0324074074074,54.799857862773,-39.4482002258301
14.0833333333333,54.799857862773,-38.5481986999512
14.1342592592593,54.799857862773,-32.9382019042969
14.1851851851852,54.799857862773,-27.947811126709
14.2361111111111,54.799857862773,-24.6878108978271
14.287037037037,54.799857862773,-19.277811050415
14.337962962963,54.799857862773,-16.7578105926514
14.3888888888889,54.799857862773,-16.0378112792969
14.4398148148148,54.799857862773,-16.7922592163086
14.4907407407407,54.799857862773,-17.7522602081299
14.5416666666667,54.799857862773,-18.3122596740723
14.5925925925926,54.799857862773,-16.0822601318359
14.6435185185185,54.799857862773,-15.0222597122192
14.6944444444444,54.799857862773,-34.6954460144043
14.7453703703704,54.799857862773,-41.3354454040527
14.7962962962963,54.799857862773,-46.4854431152344
14.8472222222222,54.799857862773,-48.005443572998
14.8981481481481,54.799857862773,-49.7854461669922
14.9490740740741,54.799857862773,-51.2054443359375
15,54.799857862773,-54.5584259033203
9.5,54.7486884610415,59.6873397827148
9.55092592592593,54.7486884610415,43.2173385620117
9.60185185185185,54.7486884610415,44.6260223388672
9.65277777777778,54.7486884610415,47.8160209655762
9.7037037037037,54.7486884610415,48.246021270752
9.75462962962963,54.7486884610415,21.1860218048096
9.80555555555556,54.7486884610415,13.7460222244263
9.85648148148148,54.7486884610415,4.46841716766357
9.90740740740741,54.7486884610415,6.81841707229614
9.95833333333333,54.7486884610415,-1.84158277511597
10.0092592592593,54.7486884610415,-11.7915830612183
10.0601851851852,54.7486884610415,-26.0715827941895
10.1111111111111,54.7486884610415,-24.7215824127197
10.162037037037,54.7486884610415,-24.1093845367432
10.212962962963,54.7486884610415,-25.0193843841553
10.2638888888889,54.7486884610415,-17.4993858337402
10.3148148148148,54.7486884610415,-20.5593852996826
10.3657407407407,54.7486884610415,-13.579384803772
10.4166666666667,54.7486884610415,-13.9944696426392
10.4675925925926,54.7486884610415,-21.4444694519043
10.5185185185185,54.7486884610415,-17.7444686889648
10.5694444444444,54.7486884610415,-17.3844699859619
10.6203703703704,54.7486884610415,-11.3644695281982
10.6712962962963,54.7486884610415,1.59108793735504
10.7222222222222,54.7486884610415,-6.7389121055603
10.7731481481481,54.7486884610415,-24.6989116668701
10.8240740740741,54.7486884610415,-17.2689113616943
10.875,54.7486884610415,-14.0489120483398
10.9259259259259,54.7486884610415,-8.38086605072021
10.9768518518519,54.7486884610415,-6.14086627960205
11.0277777777778,54.7486884610415,-0.510866105556488
11.0787037037037,54.7486884610415,3.02913379669189
11.1296296296296,54.7486884610415,3.67913389205933
11.1805555555556,54.7486884610415,2.5691339969635
11.2314814814815,54.7486884610415,0.709252119064331
11.2824074074074,54.7486884610415,0.699252068996429
11.3333333333333,54.7486884610415,5.57925224304199
11.3842592592593,54.7486884610415,7.81925201416016
11.4351851851852,54.7486884610415,12.9592523574829
11.4861111111111,54.7486884610415,14.5335655212402
11.537037037037,54.7486884610415,12.503565788269
11.587962962963,54.7486884610415,13.8135662078857
11.6388888888889,54.7486884610415,11.8535661697388
11.6898148148148,54.7486884610415,7.92356586456299
11.7407407407407,54.7486884610415,6.45015335083008
11.7916666666667,54.7486884610415,6.43015336990356
11.8425925925926,54.7486884610415,3.48015308380127
11.8935185185185,54.7486884610415,3.10015320777893
11.9444444444444,54.7486884610415,7.92015314102173
11.9953703703704,54.7486884610415,9.29015350341797
12.0462962962963,54.7486884610415,-2.50084972381592
12.0972222222222,54.7486884610415,-8.17084980010986
12.1481481481481,54.7486884610415,-13.2008495330811
12.1990740740741,54.7486884610415,-16.370849609375
12.25,54.7486884610415,-19.8808498382568
12.3009259259259,54.7486884610415,-20.8868637084961
12.3518518518518,54.7486884610415,-20.1468639373779
12.4027777777778,54.7486884610415,-19.5168628692627
12.4537037037037,54.7486884610415,-19.246862411499
12.5046296296296,54.7486884610415,-17.7168636322021
12.5555555555556,54.7486884610415,-16.7684097290039
12.6064814814815,54.7486884610415,-17.0784091949463
12.6574074074074,54.7486884610415,-17.59840965271
12.7083333333333,54.7486884610415,-18.6684093475342
12.7592592592593,54.7486884610415,-19.3984088897705
12.8101851851852,54.7486884610415,-20.0891857147217
12.8611111111111,54.7486884610415,-20.8491859436035
12.912037037037,54.7486884610415,-23.239185333252
12.962962962963,54.7486884610415,-25.1491851806641
13.0138888888889,54.7486884610415,-26.8991851806641
13.0648148148148,54.7486884610415,-27.9791851043701
13.1157407407407,54.7486884610415,-27.2239894866943
13.1666666666667,54.7486884610415,-28.1439895629883
13.2175925925926,54.7486884610415,-32.4539909362793
13.2685185185185,54.7486884610415,-36.5839881896973
13.3194444444444,54.7486884610415,-38.7739906311035
13.3703703703704,54.7486884610415,-38.5549507141113
13.4212962962963,54.7486884610415,-38.4449501037598
13.4722222222222,54.7486884610415,-38.3849487304688
13.5231481481481,54.7486884610415,-39.514949798584
13.5740740740741,54.7486884610415,-40.4849510192871
13.625,54.7486884610415,-41.3721466064453
13.6759259259259,54.7486884610415,-41.3121490478516
13.7268518518518,54.7486884610415,-40.9421463012695
13.7777777777778,54.7486884610415,-40.6621475219727
13.8287037037037,54.7486884610415,-39.8721466064453
13.8796296296296,54.7486884610415,-39.3621482849121
13.9305555555556,54.7486884610415,-38.1965484619141
13.9814814814815,54.7486884610415,-37.4965515136719
14.0324074074074,54.7486884610415,-31.2465496063232
14.0833333333333,54.7486884610415,-27.6965503692627
14.1342592592593,54.7486884610415,-25.1965503692627
14.1851851851852,54.7486884610415,-23.2418556213379
14.2361111111111,54.7486884610415,-20.5018558502197
14.287037037037,54.7486884610415,-17.6218566894531
14.337962962963,54.7486884610415,-15.7018556594849
14.3888888888889,54.7486884610415,-14.0518560409546
14.4398148148148,54.7486884610415,-11.8549375534058
14.4907407407407,54.7486884610415,-20.1249370574951
14.5416666666667,54.7486884610415,-28.2749366760254
14.5925925925926,54.7486884610415,-36.9549369812012
14.6435185185185,54.7486884610415,-41.3649368286133
14.6944444444444,54.7486884610415,-46.791934967041
14.7453703703704,54.7486884610415,-47.7219352722168
14.7962962962963,54.7486884610415,-49.351936340332
14.8472222222222,54.7486884610415,-51.0919380187988
14.8981481481481,54.7486884610415,-54.5319366455078
14.9490740740741,54.7486884610415,-55.2819366455078
15,54.7486884610415,-56.5197906494141
9.5,54.69751905931,36.4273376464844
9.55092592592593,54.69751905931,37.6473388671875
9.60185185185185,54.69751905931,37.5960235595703
9.65277777777778,54.69751905931,43.0660209655762
9.7037037037037,54.69751905931,45.8460235595703
9.75462962962963,54.69751905931,37.3460235595703
9.80555555555556,54.69751905931,36.3360214233398
9.85648148148148,54.69751905931,25.4084167480469
9.90740740740741,54.69751905931,15.6684169769287
9.95833333333333,54.69751905931,2.32841730117798
10.0092592592593,54.69751905931,-6.02158260345459
10.0601851851852,54.69751905931,-15.4815826416016
10.1111111111111,54.69751905931,-20.2115821838379
10.162037037037,54.69751905931,-23.2093849182129
10.212962962963,54.69751905931,-23.7193851470947
10.2638888888889,54.69751905931,-21.8393840789795
10.3148148148148,54.69751905931,-19.5893840789795
10.3657407407407,54.69751905931,-14.7193851470947
10.4166666666667,54.69751905931,-17.3644695281982
10.4675925925926,54.69751905931,-18.3544692993164
10.5185185185185,54.69751905931,-16.6144695281982
10.5694444444444,54.69751905931,-19.7444686889648
10.6203703703704,54.69751905931,-17.1344699859619
10.6712962962963,54.69751905931,-5.94891214370728
10.7222222222222,54.69751905931,-20.1489124298096
10.7731481481481,54.69751905931,-24.4489116668701
10.8240740740741,54.69751905931,-16.4289112091064
10.875,54.69751905931,-14.2289123535156
10.9259259259259,54.69751905931,-11.3908662796021
10.9768518518519,54.69751905931,-9.64086627960205
11.0277777777778,54.69751905931,-9.7508659362793
11.0787037037037,54.69751905931,-10.1408662796021
11.1296296296296,54.69751905931,-6.3608660697937
11.1805555555556,54.69751905931,-3.6108660697937
11.2314814814815,54.69751905931,-0.510747909545898
11.2824074074074,54.69751905931,-1.05074787139893
11.3333333333333,54.69751905931,0.819252073764801
11.3842592592593,54.69751905931,2.40925216674805
11.4351851851852,54.69751905931,7.58925199508667
11.4861111111111,54.69751905931,13.673565864563
11.537037037037,54.69751905931,14.5235662460327
11.587962962963,54.69751905931,14.753565788269
11.6388888888889,54.69751905931,14.673565864563
11.6898148148148,54.69751905931,14.0235662460327
11.7407407407407,54.69751905931,11.5701532363892
11.7916666666667,54.69751905931,6.36015319824219
11.8425925925926,54.69751905931,-0.799846887588501
11.8935185185185,54.69751905931,-0.309846848249435
11.9444444444444,54.69751905931,5.78015327453613
11.9953703703704,54.69751905931,1.76015317440033
12.0462962962963,54.69751905931,-8.42084980010986
12.0972222222222,54.69751905931,-10.2908496856689
12.1481481481481,54.69751905931,-14.5408496856689
12.1990740740741,54.69751905931,-17.0208492279053
12.25,54.69751905931,-19.7208499908447
12.3009259259259,54.69751905931,-19.3868637084961
12.3518518518518,54.69751905931,-18.9568634033203
12.4027777777778,54.69751905931,-18.6168632507324
12.4537037037037,54.69751905931,-18.3768634796143
12.5046296296296,54.69751905931,-17.8368625640869
12.5555555555556,54.69751905931,-17.5884094238281
12.6064814814815,54.69751905931,-18.5184097290039
12.6574074074074,54.69751905931,-19.7984085083008
12.7083333333333,54.69751905931,-21.0184097290039
12.7592592592593,54.69751905931,-21.8184089660645
12.8101851851852,54.69751905931,-20.8291854858398
12.8611111111111,54.69751905931,-21.9291858673096
12.912037037037,54.69751905931,-25.1591854095459
12.962962962963,54.69751905931,-25.1091861724854
13.0138888888889,54.69751905931,-22.1091861724854
13.0648148148148,54.69751905931,-22.3391857147217
13.1157407407407,54.69751905931,-23.8239898681641
13.1666666666667,54.69751905931,-25.3339900970459
13.2175925925926,54.69751905931,-26.6539897918701
13.2685185185185,54.69751905931,-27.3139896392822
13.3194444444444,54.69751905931,-30.1339893341064
13.3703703703704,54.69751905931,-30.1649494171143
13.4212962962963,54.69751905931,-30.1449489593506
13.4722222222222,54.69751905931,-30.2849502563477
13.5231481481481,54.69751905931,-32.2349510192871
13.5740740740741,54.69751905931,-34.9849510192871
13.625,54.69751905931,-39.0221481323242
13.6759259259259,54.69751905931,-39.4221496582031
13.7268518518518,54.69751905931,-39.0921478271484
13.7777777777778,54.69751905931,-38.6821479797363
13.8287037037037,54.69751905931,-37.6021499633789
13.8796296296296,54.69751905931,-36.8021469116211
13.9305555555556,54.69751905931,-33.8665504455566
13.9814814814815,54.69751905931,-31.2365493774414
14.0324074074074,54.69751905931,-25.7765502929688
14.0833333333333,54.69751905931,-25.0665493011475
14.1342592592593,54.69751905931,-26.9565505981445
14.1851851851852,54.69751905931,-25.3018550872803
14.2361111111111,54.69751905931,-23.8918552398682
14.287037037037,54.69751905931,-21.0518550872803
14.337962962963,54.69751905931,-18.9118556976318
14.3888888888889,54.69751905931,-16.7018566131592
14.4398148148148,54.69751905931,-15.3049373626709
14.4907407407407,54.69751905931,-25.0649375915527
14.5416666666667,54.69751905931,-34.3949356079102
14.5925925925926,54.69751905931,-41.7649383544922
14.6435185185185,54.69751905931,-44.6049385070801
14.6944444444444,54.69751905931,-48.2219352722168
14.7453703703704,54.69751905931,-48.3719367980957
14.7962962962963,54.69751905931,-50.291934967041
14.8472222222222,54.69751905931,-51.9019355773926
14.8981481481481,54.69751905931,-54.2219352722168
14.9490740740741,54.69751905931,-52.9519348144531
15,54.69751905931,-48.709789276123
9.5,54.6463496575785,33.9973411560059
9.55092592592593,54.6463496575785,43.7673377990723
9.60185185185185,54.6463496575785,37.3960227966309
9.65277777777778,54.6463496575785,34.2060241699219
9.7037037037037,54.6463496575785,23.2860221862793
9.75462962962963,54.6463496575785,27.5060234069824
9.80555555555556,54.6463496575785,26.6060218811035
9.85648148148148,54.6463496575785,37.6684188842773
9.90740740740741,54.6463496575785,17.7284164428711
9.95833333333333,54.6463496575785,12.7384176254272
10.0092592592593,54.6463496575785,2.13841724395752
10.0601851851852,54.6463496575785,-13.7815828323364
10.1111111111111,54.6463496575785,-20.8215827941895
10.162037037037,54.6463496575785,-21.8893852233887
10.212962962963,54.6463496575785,-20.6793842315674
10.2638888888889,54.6463496575785,-20.0993843078613
10.3148148148148,54.6463496575785,-20.4893856048584
10.3657407407407,54.6463496575785,-20.4193840026855
10.4166666666667,54.6463496575785,-19.2444686889648
10.4675925925926,54.6463496575785,-19.154468536377
10.5185185185185,54.6463496575785,-18.8344688415527
10.5694444444444,54.6463496575785,-19.0544700622559
10.6203703703704,54.6463496575785,-22.1644687652588
10.6712962962963,54.6463496575785,-19.788911819458
10.7222222222222,54.6463496575785,-22.5089111328125
10.7731481481481,54.6463496575785,-21.958911895752
10.8240740740741,54.6463496575785,-22.6889114379883
10.875,54.6463496575785,-22.1489124298096
10.9259259259259,54.6463496575785,-20.5408668518066
10.9768518518519,54.6463496575785,-19.6808662414551
11.0277777777778,54.6463496575785,-17.5108661651611
11.0787037037037,54.6463496575785,-18.2608661651611
11.1296296296296,54.6463496575785,-20.0108661651611
11.1805555555556,54.6463496575785,-20.0008659362793
11.2314814814815,54.6463496575785,-14.6207475662231
11.2824074074074,54.6463496575785,-11.0607481002808
11.3333333333333,54.6463496575785,-2.42074799537659
11.3842592592593,54.6463496575785,0.129252091050148
11.4351851851852,54.6463496575785,1.52925205230713
11.4861111111111,54.6463496575785,2.23356580734253
11.537037037037,54.6463496575785,0.583565890789032
11.587962962963,54.6463496575785,-0.27643409371376
11.6388888888889,54.6463496575785,-0.0764340981841087
11.6898148148148,54.6463496575785,-1.31643414497375
11.7407407407407,54.6463496575785,1.42015314102173
11.7916666666667,54.6463496575785,1.8801531791687
11.8425925925926,54.6463496575785,-2.53984689712524
11.8935185185185,54.6463496575785,3.0601532459259
11.9444444444444,54.6463496575785,0.320153146982193
11.9953703703704,54.6463496575785,-6.71984672546387
12.0462962962963,54.6463496575785,-11.5008497238159
12.0972222222222,54.6463496575785,-12.7308502197266
12.1481481481481,54.6463496575785,-17.1508502960205
12.1990740740741,54.6463496575785,-18.0208492279053
12.25,54.6463496575785,-17.0808506011963
12.3009259259259,54.6463496575785,-18.0968627929688
12.3518518518518,54.6463496575785,-17.8768634796143
12.4027777777778,54.6463496575785,-17.6168632507324
12.4537037037037,54.6463496575785,-17.5968627929688
12.5046296296296,54.6463496575785,-17.7068634033203
12.5555555555556,54.6463496575785,-17.7284088134766
12.6064814814815,54.6463496575785,-18.3084087371826
12.6574074074074,54.6463496575785,-18.6984081268311
12.7083333333333,54.6463496575785,-18.5384082794189
12.7592592592593,54.6463496575785,-15.6684093475342
12.8101851851852,54.6463496575785,-11.2691860198975
12.8611111111111,54.6463496575785,-13.3291854858398
12.912037037037,54.6463496575785,-16.0391864776611
12.962962962963,54.6463496575785,-16.7491855621338
13.0138888888889,54.6463496575785,-15.9791860580444
13.0648148148148,54.6463496575785,-15.9991855621338
13.1157407407407,54.6463496575785,-17.3839893341064
13.1666666666667,54.6463496575785,-17.1239891052246
13.2175925925926,54.6463496575785,-8.86398887634277
13.2685185185185,54.6463496575785,2.88601064682007
13.3194444444444,54.6463496575785,8.33601093292236
13.3703703703704,54.6463496575785,14.6750507354736
13.4212962962963,54.6463496575785,1.69505035877228
13.4722222222222,54.6463496575785,-15.2449493408203
13.5231481481481,54.6463496575785,-25.2349491119385
13.5740740740741,54.6463496575785,-26.9549503326416
13.625,54.6463496575785,-29.2621479034424
13.6759259259259,54.6463496575785,-29.7921485900879
13.7268518518518,54.6463496575785,-30.2321472167969
13.7777777777778,54.6463496575785,-30.0721473693848
13.8287037037037,54.6463496575785,-28.5121479034424
13.8796296296296,54.6463496575785,-26.4721488952637
13.9305555555556,54.6463496575785,-24.5065498352051
13.9814814814815,54.6463496575785,-23.9365501403809
14.0324074074074,54.6463496575785,-23.6865501403809
14.0833333333333,54.6463496575785,-23.8865509033203
14.1342592592593,54.6463496575785,-26.5765495300293
14.1851851851852,54.6463496575785,-29.2618560791016
14.2361111111111,54.6463496575785,-30.3318557739258
14.287037037037,54.6463496575785,-31.1118564605713
14.337962962963,54.6463496575785,-31.3118553161621
14.3888888888889,54.6463496575785,-32.4218559265137
14.4398148148148,54.6463496575785,-30.714937210083
14.4907407407407,54.6463496575785,-30.3449382781982
14.5416666666667,54.6463496575785,-34.4649391174316
14.5925925925926,54.6463496575785,-41.6049385070801
14.6435185185185,54.6463496575785,-44.634937286377
14.6944444444444,54.6463496575785,-47.8919372558594
14.7453703703704,54.6463496575785,-48.5219383239746
14.7962962962963,54.6463496575785,-49.6219367980957
14.8472222222222,54.6463496575785,-50.291934967041
14.8981481481481,54.6463496575785,-51.6419372558594
14.9490740740741,54.6463496575785,-52.4019355773926
15,54.6463496575785,-54.0097885131836
9.5,54.595180255847,42.0573387145996
9.55092592592593,54.595180255847,40.7073402404785
9.60185185185185,54.595180255847,31.6760215759277
9.65277777777778,54.595180255847,18.4460220336914
9.7037037037037,54.595180255847,20.9360218048096
9.75462962962963,54.595180255847,24.0860233306885
9.80555555555556,54.595180255847,19.3260231018066
9.85648148148148,54.595180255847,9.30841732025146
9.90740740740741,54.595180255847,7.68841743469238
9.95833333333333,54.595180255847,9.92841720581055
10.0092592592593,54.595180255847,5.91841697692871
10.0601851851852,54.595180255847,-16.181583404541
10.1111111111111,54.595180255847,-23.7815818786621
10.162037037037,54.595180255847,-21.5893840789795
10.212962962963,54.595180255847,-20.7393856048584
10.2638888888889,54.595180255847,-18.9593849182129
10.3148148148148,54.595180255847,-20.0893840789795
10.3657407407407,54.595180255847,-19.4393844604492
10.4166666666667,54.595180255847,-18.9444694519043
10.4675925925926,54.595180255847,-18.1944694519043
10.5185185185185,54.595180255847,-17.6944694519043
10.5694444444444,54.595180255847,-17.5744686126709
10.6203703703704,54.595180255847,-21.3744697570801
10.6712962962963,54.595180255847,-23.5189113616943
10.7222222222222,54.595180255847,-21.4789123535156
10.7731481481481,54.595180255847,-20.6189117431641
10.8240740740741,54.595180255847,-21.8489112854004
10.875,54.595180255847,-23.0189113616943
10.9259259259259,54.595180255847,-25.4508666992188
10.9768518518519,54.595180255847,-24.100866317749
11.0277777777778,54.595180255847,-24.3408660888672
11.0787037037037,54.595180255847,-25.4408664703369
11.1296296296296,54.595180255847,-25.4108657836914
11.1805555555556,54.595180255847,-24.5908660888672
11.2314814814815,54.595180255847,-21.5207481384277
11.2824074074074,54.595180255847,-18.4007472991943
11.3333333333333,54.595180255847,-12.0007476806641
11.3842592592593,54.595180255847,-8.50074768066406
11.4351851851852,54.595180255847,-1.5107479095459
11.4861111111111,54.595180255847,-0.166434094309807
11.537037037037,54.595180255847,-1.1264340877533
11.587962962963,54.595180255847,-1.67643404006958
11.6388888888889,54.595180255847,-1.7164341211319
11.6898148148148,54.595180255847,-2.09643411636353
11.7407407407407,54.595180255847,-3.99984693527222
11.7916666666667,54.595180255847,-5.4798469543457
11.8425925925926,54.595180255847,-6.33984708786011
11.8935185185185,54.595180255847,-4.37984704971313
11.9444444444444,54.595180255847,0.860153138637543
11.9953703703704,54.595180255847,-6.1198468208313
12.0462962962963,54.595180255847,-10.3208494186401
12.0972222222222,54.595180255847,-11.160849571228
12.1481481481481,54.595180255847,-17.4108505249023
12.1990740740741,54.595180255847,-18.1708507537842
12.25,54.595180255847,-17.4008502960205
12.3009259259259,54.595180255847,-19.5868625640869
12.3518518518518,54.595180255847,-18.246862411499
12.4027777777778,54.595180255847,-15.9568634033203
12.4537037037037,54.595180255847,-16.2068634033203
12.5046296296296,54.595180255847,-16.7768630981445
12.5555555555556,54.595180255847,-17.118408203125
12.6064814814815,54.595180255847,-17.5884094238281
12.6574074074074,54.595180255847,-17.7984085083008
12.7083333333333,54.595180255847,-17.7784080505371
12.7592592592593,54.595180255847,-15.8984088897705
12.8101851851852,54.595180255847,-11.2691860198975
12.8611111111111,54.595180255847,-12.2891855239868
12.912037037037,54.595180255847,-14.8491859436035
12.962962962963,54.595180255847,-14.029185295105
13.0138888888889,54.595180255847,-13.029185295105
13.0648148148148,54.595180255847,-14.2491855621338
13.1157407407407,54.595180255847,-9.06398963928223
13.1666666666667,54.595180255847,-7.62398910522461
13.2175925925926,54.595180255847,-3.37398934364319
13.2685185185185,54.595180255847,-2.9639892578125
13.3194444444444,54.595180255847,10.2660102844238
13.3703703703704,54.595180255847,7.39505052566528
13.4212962962963,54.595180255847,-11.014949798584
13.4722222222222,54.595180255847,-15.8149499893188
13.5231481481481,54.595180255847,-22.3349494934082
13.5740740740741,54.595180255847,-24.2949504852295
13.625,54.595180255847,-26.2421474456787
13.6759259259259,54.595180255847,-26.7121486663818
13.7268518518518,54.595180255847,-27.0021476745605
13.7777777777778,54.595180255847,-27.1021480560303
13.8287037037037,54.595180255847,-23.9421482086182
13.8796296296296,54.595180255847,-22.8021488189697
13.9305555555556,54.595180255847,-21.6465492248535
13.9814814814815,54.595180255847,-21.1965503692627
14.0324074074074,54.595180255847,-22.096549987793
14.0833333333333,54.595180255847,-21.4865493774414
14.1342592592593,54.595180255847,-23.6665496826172
14.1851851851852,54.595180255847,-24.6718559265137
14.2361111111111,54.595180255847,-25.2018566131592
14.287037037037,54.595180255847,-26.8418560028076
14.337962962963,54.595180255847,-27.7918567657471
14.3888888888889,54.595180255847,-29.0718555450439
14.4398148148148,54.595180255847,-28.9149379730225
14.4907407407407,54.595180255847,-28.2749366760254
14.5416666666667,54.595180255847,-30.0449371337891
14.5925925925926,54.595180255847,-35.8449363708496
14.6435185185185,54.595180255847,-39.1649360656738
14.6944444444444,54.595180255847,-44.2719383239746
14.7453703703704,54.595180255847,-45.0919380187988
14.7962962962963,54.595180255847,-46.3819351196289
14.8472222222222,54.595180255847,-46.9219360351562
14.8981481481481,54.595180255847,-47.7619361877441
14.9490740740741,54.595180255847,-47.7119369506836
15,54.595180255847,-48.709789276123
9.5,54.5440108541155,33.0873374938965
9.55092592592593,54.5440108541155,29.0073394775391
9.60185185185185,54.5440108541155,25.5060234069824
9.65277777777778,54.5440108541155,14.1060228347778
9.7037037037037,54.5440108541155,21.6160221099854
9.75462962962963,54.5440108541155,12.9860229492188
9.80555555555556,54.5440108541155,24.5760231018066
9.85648148148148,54.5440108541155,26.3384170532227
9.90740740740741,54.5440108541155,28.4684181213379
9.95833333333333,54.5440108541155,21.7084178924561
10.0092592592593,54.5440108541155,2.96841716766357
10.0601851851852,54.5440108541155,-23.601583480835
10.1111111111111,54.5440108541155,-23.2515830993652
10.162037037037,54.5440108541155,-17.2593841552734
10.212962962963,54.5440108541155,-16.7393856048584
10.2638888888889,54.5440108541155,-15.2693853378296
10.3148148148148,54.5440108541155,-12.579384803772
10.3657407407407,54.5440108541155,-15.8893852233887
10.4166666666667,54.5440108541155,-18.4144687652588
10.4675925925926,54.5440108541155,-18.0944690704346
10.5185185185185,54.5440108541155,-17.1044692993164
10.5694444444444,54.5440108541155,-17.0044689178467
10.6203703703704,54.5440108541155,-19.4244689941406
10.6712962962963,54.5440108541155,-21.6689128875732
10.7222222222222,54.5440108541155,-22.788911819458
10.7731481481481,54.5440108541155,-22.8989124298096
10.8240740740741,54.5440108541155,-19.9989128112793
10.875,54.5440108541155,-16.5789127349854
10.9259259259259,54.5440108541155,-12.4608659744263
10.9768518518519,54.5440108541155,-11.2608661651611
11.0277777777778,54.5440108541155,-9.29086589813232
11.0787037037037,54.5440108541155,-9.19086647033691
11.1296296296296,54.5440108541155,-15.2108659744263
11.1805555555556,54.5440108541155,-20.1908664703369
11.2314814814815,54.5440108541155,-27.9307479858398
11.2824074074074,54.5440108541155,-28.5107479095459
11.3333333333333,54.5440108541155,-28.1407470703125
11.3842592592593,54.5440108541155,-27.0107479095459
11.4351851851852,54.5440108541155,-19.9307479858398
11.4861111111111,54.5440108541155,-14.86643409729
11.537037037037,54.5440108541155,-7.99643421173096
11.587962962963,54.5440108541155,-6.88643407821655
11.6388888888889,54.5440108541155,-7.24643421173096
11.6898148148148,54.5440108541155,-7.03643417358398
11.7407407407407,54.5440108541155,-6.82984685897827
11.7916666666667,54.5440108541155,-6.40984678268433
11.8425925925926,54.5440108541155,-4.56984663009644
11.8935185185185,54.5440108541155,-4.23984670639038
11.9444444444444,54.5440108541155,-4.68984699249268
11.9953703703704,54.5440108541155,-5.67984676361084
12.0462962962963,54.5440108541155,-9.50084972381592
12.0972222222222,54.5440108541155,-12.8408498764038
12.1481481481481,54.5440108541155,-17.4008502960205
12.1990740740741,54.5440108541155,-16.0808506011963
12.25,54.5440108541155,-20.8808498382568
12.3009259259259,54.5440108541155,-22.0868625640869
12.3518518518518,54.5440108541155,-16.2968635559082
12.4027777777778,54.5440108541155,-16.1768627166748
12.4537037037037,54.5440108541155,-13.2868633270264
12.5046296296296,54.5440108541155,-13.0368633270264
12.5555555555556,54.5440108541155,-10.9484090805054
12.6064814814815,54.5440108541155,-12.1384086608887
12.6574074074074,54.5440108541155,-13.9384088516235
12.7083333333333,54.5440108541155,-15.1484088897705
12.7592592592593,54.5440108541155,-14.5484085083008
12.8101851851852,54.5440108541155,-11.8491859436035
12.8611111111111,54.5440108541155,-11.1691856384277
12.912037037037,54.5440108541155,-8.94918537139893
12.962962962963,54.5440108541155,-7.80918550491333
13.0138888888889,54.5440108541155,-7.17918586730957
13.0648148148148,54.5440108541155,-5.99918556213379
13.1157407407407,54.5440108541155,-0.493989259004593
13.1666666666667,54.5440108541155,-0.793989241123199
13.2175925925926,54.5440108541155,0.926010727882385
13.2685185185185,54.5440108541155,1.22601079940796
13.3194444444444,54.5440108541155,2.9660108089447
13.3703703703704,54.5440108541155,6.31505012512207
13.4212962962963,54.5440108541155,-4.57494974136353
13.4722222222222,54.5440108541155,-1.25494968891144
13.5231481481481,54.5440108541155,13.9550504684448
13.5740740740741,54.5440108541155,51.6150512695312
13.625,54.5440108541155,133.267852783203
13.6759259259259,54.5440108541155,128.027847290039
13.7268518518518,54.5440108541155,-20.3421478271484
13.7777777777778,54.5440108541155,-23.1321487426758
13.8287037037037,54.5440108541155,-21.3621482849121
13.8796296296296,54.5440108541155,-20.5421485900879
13.9305555555556,54.5440108541155,-18.9365501403809
13.9814814814815,54.5440108541155,-18.8265495300293
14.0324074074074,54.5440108541155,-18.7965507507324
14.0833333333333,54.5440108541155,-18.2265491485596
14.1342592592593,54.5440108541155,-18.5865497589111
14.1851851851852,54.5440108541155,-19.3618564605713
14.2361111111111,54.5440108541155,-19.3218555450439
14.287037037037,54.5440108541155,-19.9318561553955
14.337962962963,54.5440108541155,-20.0018558502197
14.3888888888889,54.5440108541155,-19.6018562316895
14.4398148148148,54.5440108541155,-19.2349376678467
14.4907407407407,54.5440108541155,-18.6549377441406
14.5416666666667,54.5440108541155,-19.7849369049072
14.5925925925926,54.5440108541155,-21.4749374389648
14.6435185185185,54.5440108541155,-22.5649375915527
14.6944444444444,54.5440108541155,-25.1619358062744
14.7453703703704,54.5440108541155,-26.9519367218018
14.7962962962963,54.5440108541155,-33.4619369506836
14.8472222222222,54.5440108541155,-36.6819381713867
14.8981481481481,54.5440108541155,-39.5319366455078
14.9490740740741,54.5440108541155,-40.2519378662109
15,54.5440108541155,-42.1297912597656
9.5,54.492841452384,32.5214653015137
9.55092592592593,54.492841452384,10.8814668655396
9.60185185185185,54.492841452384,8.53250026702881
9.65277777777778,54.492841452384,2.24249982833862
9.7037037037037,54.492841452384,7.53249979019165
9.75462962962963,54.492841452384,17.2824993133545
9.80555555555556,54.492841452384,23.6625003814697
9.85648148148148,54.492841452384,25.743803024292
9.90740740740741,54.492841452384,22.7938022613525
9.95833333333333,54.492841452384,6.82380294799805
10.0092592592593,54.492841452384,-19.7261962890625
10.0601851851852,54.492841452384,-19.3161964416504
10.1111111111111,54.492841452384,-19.1861972808838
10.162037037037,54.492841452384,-9.46495246887207
10.212962962963,54.492841452384,-10.1949529647827
10.2638888888889,54.492841452384,-13.6449527740479
10.3148148148148,54.492841452384,-13.9149522781372
10.3657407407407,54.492841452384,-12.8649520874023
10.4166666666667,54.492841452384,-16.0346584320068
10.4675925925926,54.492841452384,-16.1946582794189
10.5185185185185,54.492841452384,-15.4946584701538
10.5694444444444,54.492841452384,-16.3546581268311
10.6203703703704,54.492841452384,-18.6546573638916
10.6712962962963,54.492841452384,-21.1675834655762
10.7222222222222,54.492841452384,-16.6875839233398
10.7731481481481,54.492841452384,-17.1275825500488
10.8240740740741,54.492841452384,-16.1575832366943
10.875,54.492841452384,-14.097583770752
10.9259259259259,54.492841452384,-10.2526187896729
10.9768518518519,54.492841452384,-8.06261825561523
11.0277777777778,54.492841452384,-0.202618330717087
11.0787037037037,54.492841452384,1.66738164424896
11.1296296296296,54.492841452384,-0.522618353366852
11.1805555555556,54.492841452384,-1.59261834621429
11.2314814814815,54.492841452384,-16.663875579834
11.2824074074074,54.492841452384,-23.4438762664795
11.3333333333333,54.492841452384,-28.8638763427734
11.3842592592593,54.492841452384,-28.7138767242432
11.4351851851852,54.492841452384,-27.3238754272461
11.4861111111111,54.492841452384,-24.914623260498
11.537037037037,54.492841452384,-18.7846240997314
11.587962962963,54.492841452384,-16.4446239471436
11.6388888888889,54.492841452384,-12.7046241760254
11.6898148148148,54.492841452384,-11.5646238327026
11.7407407407407,54.492841452384,-8.66492366790771
11.7916666666667,54.492841452384,-8.38492393493652
11.8425925925926,54.492841452384,-7.92492389678955
11.8935185185185,54.492841452384,-8.52492427825928
11.9444444444444,54.492841452384,-8.83492374420166
11.9953703703704,54.492841452384,-8.49492359161377
12.0462962962963,54.492841452384,-8.86636924743652
12.0972222222222,54.492841452384,-10.1863698959351
12.1481481481481,54.492841452384,-15.2063694000244
12.1990740740741,54.492841452384,-16.6863689422607
12.25,54.492841452384,-23.4363689422607
12.3009259259259,54.492841452384,-20.3683433532715
12.3518518518518,54.492841452384,-16.418342590332
12.4027777777778,54.492841452384,-14.6583423614502
12.4537037037037,54.492841452384,-13.0683422088623
12.5046296296296,54.492841452384,-11.6783428192139
12.5555555555556,54.492841452384,-10.0518245697021
12.6064814814815,54.492841452384,-7.41182422637939
12.6574074074074,54.492841452384,-11.4918241500854
12.7083333333333,54.492841452384,-12.6818237304688
12.7592592592593,54.492841452384,-12.4018239974976
12.8101851851852,54.492841452384,-11.3599538803101
12.8611111111111,54.492841452384,-10.2499542236328
12.912037037037,54.492841452384,-7.92995405197144
12.962962962963,54.492841452384,-7.96995401382446
13.0138888888889,54.492841452384,-5.50995397567749
13.0648148148148,54.492841452384,-4.79995393753052
13.1157407407407,54.492841452384,-2.83791947364807
13.1666666666667,54.492841452384,-1.71791934967041
13.2175925925926,54.492841452384,1.54208064079285
13.2685185185185,54.492841452384,1.23208057880402
13.3194444444444,54.492841452384,2.73208069801331
13.3703703703704,54.492841452384,1.71515011787415
13.4212962962963,54.492841452384,0.215150102972984
13.4722222222222,54.492841452384,-6.50484991073608
13.5231481481481,54.492841452384,4.39515018463135
13.5740740740741,54.492841452384,25.455150604248
13.625,54.492841452384,69.0813064575195
13.6759259259259,54.492841452384,43.7913017272949
13.7268518518518,54.492841452384,-20.6586971282959
13.7777777777778,54.492841452384,-20.568696975708
13.8287037037037,54.492841452384,-19.1986961364746
13.8796296296296,54.492841452384,-19.0586967468262
13.9305555555556,54.492841452384,-18.3785247802734
13.9814814814815,54.492841452384,-17.9485263824463
14.0324074074074,54.492841452384,-17.0185260772705
14.0833333333333,54.492841452384,-17.5685253143311
14.1342592592593,54.492841452384,-16.8885250091553
14.1851851851852,54.492841452384,-17.3943176269531
14.2361111111111,54.492841452384,-17.4143180847168
14.287037037037,54.492841452384,-16.9943180084229
14.337962962963,54.492841452384,-16.3143177032471
14.3888888888889,54.492841452384,-14.5143184661865
14.4398148148148,54.492841452384,-13.9387102127075
14.4907407407407,54.492841452384,-13.908709526062
14.5416666666667,54.492841452384,-14.908709526062
14.5925925925926,54.492841452384,-17.5687103271484
14.6435185185185,54.492841452384,-19.0987091064453
14.6944444444444,54.492841452384,-21.2400531768799
14.7453703703704,54.492841452384,-22.1300525665283
14.7962962962963,54.492841452384,-25.2000522613525
14.8472222222222,54.492841452384,-27.6100521087646
14.8981481481481,54.492841452384,-30.3700523376465
14.9490740740741,54.492841452384,-33.6200523376465
15,54.492841452384,-37.6703262329102
9.5,54.4416720506525,19.4614658355713
9.55092592592593,54.4416720506525,21.061466217041
9.60185185185185,54.4416720506525,26.6824989318848
9.65277777777778,54.4416720506525,32.8624992370605
9.7037037037037,54.4416720506525,9.35249996185303
9.75462962962963,54.4416720506525,19.9925003051758
9.80555555555556,54.4416720506525,21.4825000762939
9.85648148148148,54.4416720506525,-0.556196987628937
9.90740740740741,54.4416720506525,5.93380308151245
9.95833333333333,54.4416720506525,21.1638031005859
10.0092592592593,54.4416720506525,26.5938034057617
10.0601851851852,54.4416720506525,36.7438049316406
10.1111111111111,54.4416720506525,28.2038021087646
10.162037037037,54.4416720506525,2.57504749298096
10.212962962963,54.4416720506525,-11.2949523925781
10.2638888888889,54.4416720506525,-11.3349523544312
10.3148148148148,54.4416720506525,-7.18495273590088
10.3657407407407,54.4416720506525,-9.77495288848877
10.4166666666667,54.4416720506525,-13.5946578979492
10.4675925925926,54.4416720506525,-14.6946582794189
10.5185185185185,54.4416720506525,-17.9146575927734
10.5694444444444,54.4416720506525,-18.3746585845947
10.6203703703704,54.4416720506525,-18.6646575927734
10.6712962962963,54.4416720506525,-18.5275840759277
10.7222222222222,54.4416720506525,-14.3275833129883
10.7731481481481,54.4416720506525,-12.6275835037231
10.8240740740741,54.4416720506525,-10.6875839233398
10.875,54.4416720506525,-9.75758361816406
10.9259259259259,54.4416720506525,-6.70261812210083
10.9768518518519,54.4416720506525,-5.05261850357056
11.0277777777778,54.4416720506525,-0.00261833192780614
11.0787037037037,54.4416720506525,1.02738165855408
11.1296296296296,54.4416720506525,11.1773815155029
11.1805555555556,54.4416720506525,9.67738151550293
11.2314814814815,54.4416720506525,11.7561235427856
11.2824074074074,54.4416720506525,0.84612363576889
11.3333333333333,54.4416720506525,-18.9438762664795
11.3842592592593,54.4416720506525,-22.3638763427734
11.4351851851852,54.4416720506525,-25.5838756561279
11.4861111111111,54.4416720506525,-25.8546237945557
11.537037037037,54.4416720506525,-25.3246231079102
11.587962962963,54.4416720506525,-24.7446231842041
11.6388888888889,54.4416720506525,-23.7946243286133
11.6898148148148,54.4416720506525,-23.3846244812012
11.7407407407407,54.4416720506525,-22.4949245452881
11.7916666666667,54.4416720506525,-21.7049236297607
11.8425925925926,54.4416720506525,-21.3149242401123
11.8935185185185,54.4416720506525,-21.4849243164062
11.9444444444444,54.4416720506525,-20.6849231719971
11.9953703703704,54.4416720506525,-20.3849239349365
12.0462962962963,54.4416720506525,-19.2063694000244
12.0972222222222,54.4416720506525,-18.0363693237305
12.1481481481481,54.4416720506525,-17.8563690185547
12.1990740740741,54.4416720506525,-23.9663696289062
12.25,54.4416720506525,-21.3463687896729
12.3009259259259,54.4416720506525,-15.4883422851562
12.3518518518518,54.4416720506525,-17.3283424377441
12.4027777777778,54.4416720506525,-13.1383428573608
12.4537037037037,54.4416720506525,-12.3983421325684
12.5046296296296,54.4416720506525,5.07165765762329
12.5555555555556,54.4416720506525,2.13817596435547
12.6064814814815,54.4416720506525,-2.83182406425476
12.6574074074074,54.4416720506525,-3.04182410240173
12.7083333333333,54.4416720506525,-4.37182426452637
12.7592592592593,54.4416720506525,-3.13182425498962
12.8101851851852,54.4416720506525,-4.3099536895752
12.8611111111111,54.4416720506525,-4.029953956604
12.912037037037,54.4416720506525,-2.96995377540588
12.962962962963,54.4416720506525,-2.39995384216309
13.0138888888889,54.4416720506525,1.54004609584808
13.0648148148148,54.4416720506525,0.0400461181998253
13.1157407407407,54.4416720506525,-1.11791932582855
13.1666666666667,54.4416720506525,0.772080600261688
13.2175925925926,54.4416720506525,2.49208068847656
13.2685185185185,54.4416720506525,7.17208051681519
13.3194444444444,54.4416720506525,12.4620809555054
13.3703703703704,54.4416720506525,13.8751497268677
13.4212962962963,54.4416720506525,29.3451499938965
13.4722222222222,54.4416720506525,18.4351501464844
13.5231481481481,54.4416720506525,2.63515019416809
13.5740740740741,54.4416720506525,5.48515033721924
13.625,54.4416720506525,-14.7086963653564
13.6759259259259,54.4416720506525,-16.4786968231201
13.7268518518518,54.4416720506525,-20.2086963653564
13.7777777777778,54.4416720506525,-18.6886959075928
13.8287037037037,54.4416720506525,-16.6586971282959
13.8796296296296,54.4416720506525,-16.7186965942383
13.9305555555556,54.4416720506525,-15.9085254669189
13.9814814814815,54.4416720506525,-15.5485258102417
14.0324074074074,54.4416720506525,-15.5085258483887
14.0833333333333,54.4416720506525,-15.6785259246826
14.1342592592593,54.4416720506525,-14.4985256195068
14.1851851851852,54.4416720506525,-14.0543184280396
14.2361111111111,54.4416720506525,-13.404317855835
14.287037037037,54.4416720506525,-11.5543184280396
14.337962962963,54.4416720506525,-11.404317855835
14.3888888888889,54.4416720506525,-11.2843179702759
14.4398148148148,54.4416720506525,-11.2787094116211
14.4907407407407,54.4416720506525,-11.4987096786499
14.5416666666667,54.4416720506525,-11.7887096405029
14.5925925925926,54.4416720506525,-12.7487096786499
14.6435185185185,54.4416720506525,-13.118709564209
14.6944444444444,54.4416720506525,-14.4800519943237
14.7453703703704,54.4416720506525,-15.2700519561768
14.7962962962963,54.4416720506525,-17.9900531768799
14.8472222222222,54.4416720506525,-19.6100521087646
14.8981481481481,54.4416720506525,-21.2200527191162
14.9490740740741,54.4416720506525,-22.3600521087646
15,54.4416720506525,-24.760326385498
9.5,54.3905026489211,18.1214656829834
9.55092592592593,54.3905026489211,15.1414661407471
9.60185185185185,54.3905026489211,18.2024993896484
9.65277777777778,54.3905026489211,43.8824996948242
9.7037037037037,54.3905026489211,22.7224998474121
9.75462962962963,54.3905026489211,19.7625007629395
9.80555555555556,54.3905026489211,34.8924980163574
9.85648148148148,54.3905026489211,18.9538021087646
9.90740740740741,54.3905026489211,20.2338027954102
9.95833333333333,54.3905026489211,22.6738033294678
10.0092592592593,54.3905026489211,21.1438026428223
10.0601851851852,54.3905026489211,22.5838031768799
10.1111111111111,54.3905026489211,18.993803024292
10.162037037037,54.3905026489211,3.50504755973816
10.212962962963,54.3905026489211,-8.32495212554932
10.2638888888889,54.3905026489211,1.99504745006561
10.3148148148148,54.3905026489211,1.19504749774933
10.3657407407407,54.3905026489211,0.685047447681427
10.4166666666667,54.3905026489211,-6.96465826034546
10.4675925925926,54.3905026489211,-9.9646577835083
10.5185185185185,54.3905026489211,-15.4146585464478
10.5694444444444,54.3905026489211,-17.5146579742432
10.6203703703704,54.3905026489211,-18.1746578216553
10.6712962962963,54.3905026489211,-18.3875827789307
10.7222222222222,54.3905026489211,-16.9175834655762
10.7731481481481,54.3905026489211,-14.427583694458
10.8240740740741,54.3905026489211,-10.967583656311
10.875,54.3905026489211,-11.2075834274292
10.9259259259259,54.3905026489211,-11.2726182937622
10.9768518518519,54.3905026489211,-9.94261837005615
11.0277777777778,54.3905026489211,-6.1126184463501
11.0787037037037,54.3905026489211,-3.67261838912964
11.1296296296296,54.3905026489211,5.54738187789917
11.1805555555556,54.3905026489211,1.73738169670105
11.2314814814815,54.3905026489211,5.99612379074097
11.2824074074074,54.3905026489211,12.4761238098145
11.3333333333333,54.3905026489211,-17.6738758087158
11.3842592592593,54.3905026489211,-21.5438766479492
11.4351851851852,54.3905026489211,-23.7038764953613
11.4861111111111,54.3905026489211,-24.4246234893799
11.537037037037,54.3905026489211,-25.1746234893799
11.587962962963,54.3905026489211,-25.1946239471436
11.6388888888889,54.3905026489211,-24.2946243286133
11.6898148148148,54.3905026489211,-24.0046234130859
11.7407407407407,54.3905026489211,-23.2249240875244
11.7916666666667,54.3905026489211,-22.5049247741699
11.8425925925926,54.3905026489211,-20.8049240112305
11.8935185185185,54.3905026489211,-20.5149230957031
11.9444444444444,54.3905026489211,-19.9049243927002
11.9953703703704,54.3905026489211,-19.2849235534668
12.0462962962963,54.3905026489211,-18.5763702392578
12.0972222222222,54.3905026489211,-19.2463703155518
12.1481481481481,54.3905026489211,-23.3363704681396
12.1990740740741,54.3905026489211,-23.5563697814941
12.25,54.3905026489211,-18.0963687896729
12.3009259259259,54.3905026489211,-16.2283420562744
12.3518518518518,54.3905026489211,-14.8183422088623
12.4027777777778,54.3905026489211,-10.6083421707153
12.4537037037037,54.3905026489211,-5.67834234237671
12.5046296296296,54.3905026489211,8.30165767669678
12.5555555555556,54.3905026489211,5.95817565917969
12.6064814814815,54.3905026489211,-1.02182412147522
12.6574074074074,54.3905026489211,0.148175850510597
12.7083333333333,54.3905026489211,-0.531824171543121
12.7592592592593,54.3905026489211,0.678175866603851
12.8101851851852,54.3905026489211,-0.889953851699829
12.8611111111111,54.3905026489211,-1.81995391845703
12.912037037037,54.3905026489211,0.370046108961105
12.962962962963,54.3905026489211,2.60004615783691
13.0138888888889,54.3905026489211,7.54004621505737
13.0648148148148,54.3905026489211,-1.85995388031006
13.1157407407407,54.3905026489211,-2.06791949272156
13.1666666666667,54.3905026489211,-1.13791942596436
13.2175925925926,54.3905026489211,0.342080622911453
13.2685185185185,54.3905026489211,3.93208050727844
13.3194444444444,54.3905026489211,14.0420808792114
13.3703703703704,54.3905026489211,15.9251499176025
13.4212962962963,54.3905026489211,29.875150680542
13.4722222222222,54.3905026489211,33.5951499938965
13.5231481481481,54.3905026489211,3.32515001296997
13.5740740740741,54.3905026489211,10.3751497268677
13.625,54.3905026489211,-7.3986964225769
13.6759259259259,54.3905026489211,-11.2586965560913
13.7268518518518,54.3905026489211,-17.0586967468262
13.7777777777778,54.3905026489211,-20.3386974334717
13.8287037037037,54.3905026489211,-16.7786960601807
13.8796296296296,54.3905026489211,-15.9586963653564
13.9305555555556,54.3905026489211,-15.2985258102417
13.9814814814815,54.3905026489211,-14.7285251617432
14.0324074074074,54.3905026489211,-14.1085252761841
14.0833333333333,54.3905026489211,-14.0385255813599
14.1342592592593,54.3905026489211,-13.8485250473022
14.1851851851852,54.3905026489211,-12.984317779541
14.2361111111111,54.3905026489211,-11.4343185424805
14.287037037037,54.3905026489211,-10.7143182754517
14.337962962963,54.3905026489211,-10.8343181610107
14.3888888888889,54.3905026489211,-10.3343181610107
14.4398148148148,54.3905026489211,-10.1387100219727
14.4907407407407,54.3905026489211,-10.828709602356
14.5416666666667,54.3905026489211,-11.2487096786499
14.5925925925926,54.3905026489211,-11.698709487915
14.6435185185185,54.3905026489211,-12.2187099456787
14.6944444444444,54.3905026489211,-13.5500526428223
14.7453703703704,54.3905026489211,-13.5800523757935
14.7962962962963,54.3905026489211,-14.5000524520874
14.8472222222222,54.3905026489211,-15.5200519561768
14.8981481481481,54.3905026489211,-18.2000522613525
14.9490740740741,54.3905026489211,-19.7600517272949
15,54.3905026489211,-21.8603267669678
9.5,54.3393332471896,6.2414665222168
9.55092592592593,54.3393332471896,8.02146625518799
9.60185185185185,54.3393332471896,6.91249990463257
9.65277777777778,54.3393332471896,19.9825000762939
9.7037037037037,54.3393332471896,14.9925003051758
9.75462962962963,54.3393332471896,11.0424995422363
9.80555555555556,54.3393332471896,10.3824996948242
9.85648148148148,54.3393332471896,10.6438026428223
9.90740740740741,54.3393332471896,16.3838024139404
9.95833333333333,54.3393332471896,15.3338031768799
10.0092592592593,54.3393332471896,20.5638027191162
10.0601851851852,54.3393332471896,18.2638034820557
10.1111111111111,54.3393332471896,26.2338027954102
10.162037037037,54.3393332471896,12.2250471115112
10.212962962963,54.3393332471896,26.1350479125977
10.2638888888889,54.3393332471896,23.2550468444824
10.3148148148148,54.3393332471896,22.6450481414795
10.3657407407407,54.3393332471896,38.6650466918945
10.4166666666667,54.3393332471896,46.975341796875
10.4675925925926,54.3393332471896,42.7953414916992
10.5185185185185,54.3393332471896,37.2953414916992
10.5694444444444,54.3393332471896,12.9553413391113
10.6203703703704,54.3393332471896,-6.20465803146362
10.6712962962963,54.3393332471896,-14.7575836181641
10.7222222222222,54.3393332471896,-16.0675830841064
10.7731481481481,54.3393332471896,-16.2375831604004
10.8240740740741,54.3393332471896,3.65241646766663
10.875,54.3393332471896,26.1024169921875
10.9259259259259,54.3393332471896,24.257381439209
10.9768518518519,54.3393332471896,29.4773807525635
11.0277777777778,54.3393332471896,10.2773818969727
11.0787037037037,54.3393332471896,-2.45261836051941
11.1296296296296,54.3393332471896,-10.1526184082031
11.1805555555556,54.3393332471896,-12.3626184463501
11.2314814814815,54.3393332471896,-18.1138763427734
11.2824074074074,54.3393332471896,-19.0638771057129
11.3333333333333,54.3393332471896,-20.5638771057129
11.3842592592593,54.3393332471896,-21.663875579834
11.4351851851852,54.3393332471896,-23.0038757324219
11.4861111111111,54.3393332471896,-23.564624786377
11.537037037037,54.3393332471896,-24.6146240234375
11.587962962963,54.3393332471896,-24.9846229553223
11.6388888888889,54.3393332471896,-25.3046245574951
11.6898148148148,54.3393332471896,-25.2646236419678
11.7407407407407,54.3393332471896,-24.8149242401123
11.7916666666667,54.3393332471896,-24.0649242401123
11.8425925925926,54.3393332471896,-21.274923324585
11.8935185185185,54.3393332471896,-19.9649238586426
11.9444444444444,54.3393332471896,-18.3749237060547
11.9953703703704,54.3393332471896,-17.6949234008789
12.0462962962963,54.3393332471896,-18.2663688659668
12.0972222222222,54.3393332471896,-18.9963703155518
12.1481481481481,54.3393332471896,-18.5463695526123
12.1990740740741,54.3393332471896,-17.4163703918457
12.25,54.3393332471896,-13.0163698196411
12.3009259259259,54.3393332471896,-11.1483421325684
12.3518518518518,54.3393332471896,-10.128342628479
12.4027777777778,54.3393332471896,1.14165759086609
12.4537037037037,54.3393332471896,-2.98834252357483
12.5046296296296,54.3393332471896,-1.75834238529205
12.5555555555556,54.3393332471896,1.70817589759827
12.6064814814815,54.3393332471896,8.04817581176758
12.6574074074074,54.3393332471896,7.85817575454712
12.7083333333333,54.3393332471896,4.69817590713501
12.7592592592593,54.3393332471896,16.6581764221191
12.8101851851852,54.3393332471896,-0.189953878521919
12.8611111111111,54.3393332471896,0.780046105384827
12.912037037037,54.3393332471896,3.8300461769104
12.962962962963,54.3393332471896,3.49004602432251
13.0138888888889,54.3393332471896,6.71004629135132
13.0648148148148,54.3393332471896,9.77004623413086
13.1157407407407,54.3393332471896,0.152080625295639
13.1666666666667,54.3393332471896,8.59208106994629
13.2175925925926,54.3393332471896,5.45208072662354
13.2685185185185,54.3393332471896,12.2620801925659
13.3194444444444,54.3393332471896,10.2620801925659
13.3703703703704,54.3393332471896,13.3051500320435
13.4212962962963,54.3393332471896,24.9151496887207
13.4722222222222,54.3393332471896,34.145149230957
13.5231481481481,54.3393332471896,5.78515005111694
13.5740740740741,54.3393332471896,10.7751502990723
13.625,54.3393332471896,12.6013031005859
13.6759259259259,54.3393332471896,5.32130336761475
13.7268518518518,54.3393332471896,7.46130323410034
13.7777777777778,54.3393332471896,0.501303434371948
13.8287037037037,54.3393332471896,-17.1886959075928
13.8796296296296,54.3393332471896,-17.9186973571777
13.9305555555556,54.3393332471896,-17.9285259246826
13.9814814814815,54.3393332471896,-17.0885257720947
14.0324074074074,54.3393332471896,-14.5185251235962
14.0833333333333,54.3393332471896,-13.8785257339478
14.1342592592593,54.3393332471896,-13.9085254669189
14.1851851851852,54.3393332471896,-15.0643177032471
14.2361111111111,54.3393332471896,-15.024317741394
14.287037037037,54.3393332471896,-9.74431800842285
14.337962962963,54.3393332471896,-9.05431842803955
14.3888888888889,54.3393332471896,-8.39431762695312
14.4398148148148,54.3393332471896,-8.43871021270752
14.4907407407407,54.3393332471896,-8.54870986938477
14.5416666666667,54.3393332471896,-9.14871025085449
14.5925925925926,54.3393332471896,-9.44870948791504
14.6435185185185,54.3393332471896,-10.2987098693848
14.6944444444444,54.3393332471896,-10.8000526428223
14.7453703703704,54.3393332471896,-10.9700527191162
14.7962962962963,54.3393332471896,-12.5000524520874
14.8472222222222,54.3393332471896,-12.6900520324707
14.8981481481481,54.3393332471896,-14.2200527191162
14.9490740740741,54.3393332471896,-15.1200523376465
15,54.3393332471896,-17.7303256988525
9.5,54.2881638454581,8.31146621704102
9.55092592592593,54.2881638454581,11.271466255188
9.60185185185185,54.2881638454581,7.63249969482422
9.65277777777778,54.2881638454581,12.4124994277954
9.7037037037037,54.2881638454581,8.32250022888184
9.75462962962963,54.2881638454581,16.3724994659424
9.80555555555556,54.2881638454581,15.352499961853
9.85648148148148,54.2881638454581,19.8838024139404
9.90740740740741,54.2881638454581,25.2638034820557
9.95833333333333,54.2881638454581,17.0438022613525
10.0092592592593,54.2881638454581,23.0438022613525
10.0601851851852,54.2881638454581,22.6638031005859
10.1111111111111,54.2881638454581,23.5438022613525
10.162037037037,54.2881638454581,26.3550472259521
10.212962962963,54.2881638454581,16.5750465393066
10.2638888888889,54.2881638454581,31.7250480651855
10.3148148148148,54.2881638454581,28.3150482177734
10.3657407407407,54.2881638454581,41.3350486755371
10.4166666666667,54.2881638454581,39.5653419494629
10.4675925925926,54.2881638454581,39.6853408813477
10.5185185185185,54.2881638454581,83.2353439331055
10.5694444444444,54.2881638454581,58.915340423584
10.6203703703704,54.2881638454581,4.27534198760986
10.6712962962963,54.2881638454581,-1.92758345603943
10.7222222222222,54.2881638454581,-4.87758350372314
10.7731481481481,54.2881638454581,-6.98758363723755
10.8240740740741,54.2881638454581,16.5224170684814
10.875,54.2881638454581,21.6024169921875
10.9259259259259,54.2881638454581,15.4973812103271
10.9768518518519,54.2881638454581,14.5573816299438
11.0277777777778,54.2881638454581,9.34738159179688
11.0787037037037,54.2881638454581,-3.15261840820312
11.1296296296296,54.2881638454581,-12.952618598938
11.1805555555556,54.2881638454581,-14.7326183319092
11.2314814814815,54.2881638454581,-19.4438762664795
11.2824074074074,54.2881638454581,-20.223876953125
11.3333333333333,54.2881638454581,-20.9838771820068
11.3842592592593,54.2881638454581,-21.5438766479492
11.4351851851852,54.2881638454581,-22.7938766479492
11.4861111111111,54.2881638454581,-23.4246234893799
11.537037037037,54.2881638454581,-24.4546241760254
11.587962962963,54.2881638454581,-24.894624710083
11.6388888888889,54.2881638454581,-25.4246234893799
11.6898148148148,54.2881638454581,-25.4946231842041
11.7407407407407,54.2881638454581,-25.3049240112305
11.7916666666667,54.2881638454581,-24.8849239349365
11.8425925925926,54.2881638454581,-21.5449237823486
11.8935185185185,54.2881638454581,-20.3049240112305
11.9444444444444,54.2881638454581,-18.6849231719971
11.9953703703704,54.2881638454581,-18.0349235534668
12.0462962962963,54.2881638454581,-18.5163688659668
12.0972222222222,54.2881638454581,-17.646369934082
12.1481481481481,54.2881638454581,-16.5363693237305
12.1990740740741,54.2881638454581,-14.396369934082
12.25,54.2881638454581,-10.0063695907593
12.3009259259259,54.2881638454581,-8.48834228515625
12.3518518518518,54.2881638454581,-3.91834235191345
12.4027777777778,54.2881638454581,-2.53834247589111
12.4537037037037,54.2881638454581,-3.00834250450134
12.5046296296296,54.2881638454581,4.871657371521
12.5555555555556,54.2881638454581,8.81817626953125
12.6064814814815,54.2881638454581,9.07817554473877
12.6574074074074,54.2881638454581,6.7881760597229
12.7083333333333,54.2881638454581,8.24817562103271
12.7592592592593,54.2881638454581,11.2481756210327
12.8101851851852,54.2881638454581,7.84004592895508
12.8611111111111,54.2881638454581,12.3900461196899
12.912037037037,54.2881638454581,17.6900463104248
12.962962962963,54.2881638454581,14.8900461196899
13.0138888888889,54.2881638454581,13.9000463485718
13.0648148148148,54.2881638454581,11.2300462722778
13.1157407407407,54.2881638454581,0.132080614566803
13.1666666666667,54.2881638454581,4.28208065032959
13.2175925925926,54.2881638454581,15.9320802688599
13.2685185185185,54.2881638454581,16.132080078125
13.3194444444444,54.2881638454581,13.8820810317993
13.3703703703704,54.2881638454581,12.9651498794556
13.4212962962963,54.2881638454581,11.0751504898071
13.4722222222222,54.2881638454581,2.70515012741089
13.5231481481481,54.2881638454581,-3.91484999656677
13.5740740740741,54.2881638454581,-4.65485000610352
13.625,54.2881638454581,-2.40869665145874
13.6759259259259,54.2881638454581,-0.608696579933167
13.7268518518518,54.2881638454581,0.431303411722183
13.7777777777778,54.2881638454581,-6.27869653701782
13.8287037037037,54.2881638454581,-12.4186964035034
13.8796296296296,54.2881638454581,-14.238697052002
13.9305555555556,54.2881638454581,-16.2185249328613
13.9814814814815,54.2881638454581,-16.3285255432129
14.0324074074074,54.2881638454581,-18.3785247802734
14.0833333333333,54.2881638454581,-17.9385261535645
14.1342592592593,54.2881638454581,-16.8485260009766
14.1851851851852,54.2881638454581,-16.234317779541
14.2361111111111,54.2881638454581,-15.7643184661865
14.287037037037,54.2881638454581,-8.95431804656982
14.337962962963,54.2881638454581,-8.12431812286377
14.3888888888889,54.2881638454581,-8.03431797027588
14.4398148148148,54.2881638454581,-7.93870973587036
14.4907407407407,54.2881638454581,-8.32870960235596
14.5416666666667,54.2881638454581,-9.04870986938477
14.5925925925926,54.2881638454581,-16.1887092590332
14.6435185185185,54.2881638454581,-18.1087093353271
14.6944444444444,54.2881638454581,-12.4000520706177
14.7453703703704,54.2881638454581,-12.3800525665283
14.7962962962963,54.2881638454581,-10.8400526046753
14.8472222222222,54.2881638454581,-11.4700527191162
14.8981481481481,54.2881638454581,-12.6600522994995
14.9490740740741,54.2881638454581,-13.3400526046753
15,54.2881638454581,-15.390326499939
9.5,54.2369944437266,10.6106834411621
9.55092592592593,54.2369944437266,3.17068338394165
9.60185185185185,54.2369944437266,1.76866233348846
9.65277777777778,54.2369944437266,9.628662109375
9.7037037037037,54.2369944437266,8.95866203308105
9.75462962962963,54.2369944437266,11.418662071228
9.80555555555556,54.2369944437266,13.838662147522
9.85648148148148,54.2369944437266,40.2387504577637
9.90740740740741,54.2369944437266,43.9887504577637
9.95833333333333,54.2369944437266,34.3287506103516
10.0092592592593,54.2369944437266,30.9187526702881
10.0601851851852,54.2369944437266,44.1187515258789
10.1111111111111,54.2369944437266,50.7087516784668
10.162037037037,54.2369944437266,54.2935638427734
10.212962962963,54.2369944437266,41.8135643005371
10.2638888888889,54.2369944437266,31.2135639190674
10.3148148148148,54.2369944437266,30.1635627746582
10.3657407407407,54.2369944437266,43.4335632324219
10.4166666666667,54.2369944437266,41.1725006103516
10.4675925925926,54.2369944437266,47.5625
10.5185185185185,54.2369944437266,40.5825004577637
10.5694444444444,54.2369944437266,61.3824996948242
10.6203703703704,54.2369944437266,48.622501373291
10.6712962962963,54.2369944437266,81.2138061523438
10.7222222222222,54.2369944437266,97.9838104248047
10.7731481481481,54.2369944437266,77.3438110351562
10.8240740740741,54.2369944437266,24.7038078308105
10.875,54.2369944437266,12.193808555603
10.9259259259259,54.2369944437266,2.56404161453247
10.9768518518519,54.2369944437266,-0.875958383083344
11.0277777777778,54.2369944437266,1.47404158115387
11.0787037037037,54.2369944437266,-2.63595843315125
11.1296296296296,54.2369944437266,-12.7559585571289
11.1805555555556,54.2369944437266,-11.8059587478638
11.2314814814815,54.2369944437266,-19.30126953125
11.2824074074074,54.2369944437266,-20.5112705230713
11.3333333333333,54.2369944437266,-20.9912700653076
11.3842592592593,54.2369944437266,-21.4312705993652
11.4351851851852,54.2369944437266,-22.4712696075439
11.4861111111111,54.2369944437266,-23.0066680908203
11.537037037037,54.2369944437266,-24.1966686248779
11.587962962963,54.2369944437266,-24.7866687774658
11.6388888888889,54.2369944437266,-25.296667098999
11.6898148148148,54.2369944437266,-25.1966686248779
11.7407407407407,54.2369944437266,-24.7987861633301
11.7916666666667,54.2369944437266,-24.4987869262695
11.8425925925926,54.2369944437266,-21.0587863922119
11.8935185185185,54.2369944437266,-19.9387855529785
11.9444444444444,54.2369944437266,-17.9987869262695
11.9953703703704,54.2369944437266,-16.9987869262695
12.0462962962963,54.2369944437266,-14.7897815704346
12.0972222222222,54.2369944437266,-12.0397815704346
12.1481481481481,54.2369944437266,-7.15978193283081
12.1990740740741,54.2369944437266,-4.94978189468384
12.25,54.2369944437266,3.97021794319153
12.3009259259259,54.2369944437266,4.29652547836304
12.3518518518518,54.2369944437266,2.93652534484863
12.4027777777778,54.2369944437266,4.09652519226074
12.4537037037037,54.2369944437266,6.2365255355835
12.5046296296296,54.2369944437266,11.5565252304077
12.5555555555556,54.2369944437266,15.1929025650024
12.6064814814815,54.2369944437266,18.7229022979736
12.6574074074074,54.2369944437266,18.5529022216797
12.7083333333333,54.2369944437266,19.2129020690918
12.7592592592593,54.2369944437266,16.762903213501
12.8101851851852,54.2369944437266,14.1526279449463
12.8611111111111,54.2369944437266,13.6626281738281
12.912037037037,54.2369944437266,13.0726280212402
12.962962962963,54.2369944437266,14.4526281356812
13.0138888888889,54.2369944437266,16.2626285552979
13.0648148148148,54.2369944437266,17.2726287841797
13.1157407407407,54.2369944437266,17.8225650787354
13.1666666666667,54.2369944437266,13.6425657272339
13.2175925925926,54.2369944437266,0.852566003799438
13.2685185185185,54.2369944437266,0.752566039562225
13.3194444444444,54.2369944437266,0.0525660142302513
13.3703703703704,54.2369944437266,4.0927152633667
13.4212962962963,54.2369944437266,3.99271512031555
13.4722222222222,54.2369944437266,-6.88728475570679
13.5231481481481,54.2369944437266,-8.14728450775146
13.5740740740741,54.2369944437266,-8.53728485107422
13.625,54.2369944437266,-6.31513166427612
13.6759259259259,54.2369944437266,-8.45513153076172
13.7268518518518,54.2369944437266,-4.29513168334961
13.7777777777778,54.2369944437266,-5.91513156890869
13.8287037037037,54.2369944437266,-6.0751314163208
13.8796296296296,54.2369944437266,-5.87513160705566
13.9305555555556,54.2369944437266,-4.29145383834839
13.9814814814815,54.2369944437266,-9.34145355224609
14.0324074074074,54.2369944437266,-11.5914535522461
14.0833333333333,54.2369944437266,-13.0214538574219
14.1342592592593,54.2369944437266,-14.9814538955688
14.1851851851852,54.2369944437266,-15.5858011245728
14.2361111111111,54.2369944437266,-15.9658012390137
14.287037037037,54.2369944437266,-15.0958013534546
14.337962962963,54.2369944437266,-14.6458015441895
14.3888888888889,54.2369944437266,-10.2058010101318
14.4398148148148,54.2369944437266,-7.49683046340942
14.4907407407407,54.2369944437266,-7.8168306350708
14.5416666666667,54.2369944437266,-12.1968307495117
14.5925925925926,54.2369944437266,-14.5768308639526
14.6435185185185,54.2369944437266,-15.0468301773071
14.6944444444444,54.2369944437266,-16.6157550811768
14.7453703703704,54.2369944437266,-17.0857563018799
14.7962962962963,54.2369944437266,-17.4657554626465
14.8472222222222,54.2369944437266,-17.1257553100586
14.8981481481481,54.2369944437266,-18.1657562255859
14.9490740740741,54.2369944437266,-16.9557552337646
15,54.2369944437266,-16.138843536377
9.5,54.1858250419951,5.46068334579468
9.55092592592593,54.1858250419951,1.05068337917328
9.60185185185185,54.1858250419951,1.90866231918335
9.65277777777778,54.1858250419951,11.0086622238159
9.7037037037037,54.1858250419951,12.7986621856689
9.75462962962963,54.1858250419951,15.7186622619629
9.80555555555556,54.1858250419951,17.1386623382568
9.85648148148148,54.1858250419951,26.1787528991699
9.90740740740741,54.1858250419951,27.588752746582
9.95833333333333,54.1858250419951,46.1987533569336
10.0092592592593,54.1858250419951,40.3287506103516
10.0601851851852,54.1858250419951,52.338752746582
10.1111111111111,54.1858250419951,44.9087524414062
10.162037037037,54.1858250419951,40.1235618591309
10.212962962963,54.1858250419951,28.4935626983643
10.2638888888889,54.1858250419951,26.2635631561279
10.3148148148148,54.1858250419951,29.5735626220703
10.3657407407407,54.1858250419951,42.1135635375977
10.4166666666667,54.1858250419951,37.6425018310547
10.4675925925926,54.1858250419951,31.0325012207031
10.5185185185185,54.1858250419951,42.1925010681152
10.5694444444444,54.1858250419951,52.0325012207031
10.6203703703704,54.1858250419951,72.2625045776367
10.6712962962963,54.1858250419951,109.66381072998
10.7222222222222,54.1858250419951,120.783805847168
10.7731481481481,54.1858250419951,111.583808898926
10.8240740740741,54.1858250419951,49.4538078308105
10.875,54.1858250419951,15.7938079833984
10.9259259259259,54.1858250419951,20.2540416717529
10.9768518518519,54.1858250419951,14.4340419769287
11.0277777777778,54.1858250419951,8.78404140472412
11.0787037037037,54.1858250419951,2.18404150009155
11.1296296296296,54.1858250419951,-13.4459581375122
11.1805555555556,54.1858250419951,-14.8859586715698
11.2314814814815,54.1858250419951,-19.6312694549561
11.2824074074074,54.1858250419951,-19.7812690734863
11.3333333333333,54.1858250419951,-21.5212707519531
11.3842592592593,54.1858250419951,-21.8512706756592
11.4351851851852,54.1858250419951,-22.6912689208984
11.4861111111111,54.1858250419951,-23.1766681671143
11.537037037037,54.1858250419951,-24.6966686248779
11.587962962963,54.1858250419951,-25.9166679382324
11.6388888888889,54.1858250419951,-25.2466678619385
11.6898148148148,54.1858250419951,-24.9466686248779
11.7407407407407,54.1858250419951,-23.8687858581543
11.7916666666667,54.1858250419951,-22.8787860870361
11.8425925925926,54.1858250419951,-20.3387870788574
11.8935185185185,54.1858250419951,-19.3687858581543
11.9444444444444,54.1858250419951,-17.0487861633301
11.9953703703704,54.1858250419951,-15.9087858200073
12.0462962962963,54.1858250419951,-13.5297822952271
12.0972222222222,54.1858250419951,-11.3197822570801
12.1481481481481,54.1858250419951,-4.07978200912476
12.1990740740741,54.1858250419951,4.05021810531616
12.25,54.1858250419951,8.08021831512451
12.3009259259259,54.1858250419951,8.63652515411377
12.3518518518518,54.1858250419951,10.3965253829956
12.4027777777778,54.1858250419951,12.4865255355835
12.4537037037037,54.1858250419951,13.7265253067017
12.5046296296296,54.1858250419951,14.3065252304077
12.5555555555556,54.1858250419951,9.69290256500244
12.6064814814815,54.1858250419951,23.9329032897949
12.6574074074074,54.1858250419951,27.9129028320312
12.7083333333333,54.1858250419951,28.6329021453857
12.7592592592593,54.1858250419951,25.1629028320312
12.8101851851852,54.1858250419951,23.3426284790039
12.8611111111111,54.1858250419951,20.7426280975342
12.912037037037,54.1858250419951,16.7726287841797
12.962962962963,54.1858250419951,19.6826286315918
13.0138888888889,54.1858250419951,23.6426277160645
13.0648148148148,54.1858250419951,27.3226280212402
13.1157407407407,54.1858250419951,20.3325653076172
13.1666666666667,54.1858250419951,19.6925659179688
13.2175925925926,54.1858250419951,17.3025665283203
13.2685185185185,54.1858250419951,11.5825662612915
13.3194444444444,54.1858250419951,-2.40743398666382
13.3703703703704,54.1858250419951,-3.82728481292725
13.4212962962963,54.1858250419951,-4.74728488922119
13.4722222222222,54.1858250419951,-6.71728467941284
13.5231481481481,54.1858250419951,-8.00728511810303
13.5740740740741,54.1858250419951,-8.36728477478027
13.625,54.1858250419951,-6.36513137817383
13.6759259259259,54.1858250419951,-6.93513154983521
13.7268518518518,54.1858250419951,-7.88513135910034
13.7777777777778,54.1858250419951,-3.80513143539429
13.8287037037037,54.1858250419951,-3.79513144493103
13.8796296296296,54.1858250419951,-4.63513135910034
13.9305555555556,54.1858250419951,-8.15145397186279
13.9814814814815,54.1858250419951,-9.97145366668701
14.0324074074074,54.1858250419951,-10.971453666687
14.0833333333333,54.1858250419951,-10.9014539718628
14.1342592592593,54.1858250419951,-13.8514537811279
14.1851851851852,54.1858250419951,-14.3258008956909
14.2361111111111,54.1858250419951,-14.5458011627197
14.287037037037,54.1858250419951,-14.6658010482788
14.337962962963,54.1858250419951,-14.4658012390137
14.3888888888889,54.1858250419951,-13.1858015060425
14.4398148148148,54.1858250419951,-9.65683078765869
14.4907407407407,54.1858250419951,-7.91683053970337
14.5416666666667,54.1858250419951,-13.0668306350708
14.5925925925926,54.1858250419951,-14.0768308639526
14.6435185185185,54.1858250419951,-14.2568302154541
14.6944444444444,54.1858250419951,-14.5557556152344
14.7453703703704,54.1858250419951,-14.9857559204102
14.7962962962963,54.1858250419951,-15.9357557296753
14.8472222222222,54.1858250419951,-16.495756149292
14.8981481481481,54.1858250419951,-15.825756072998
14.9490740740741,54.1858250419951,-16.7757549285889
15,54.1858250419951,-16.7088451385498
9.5,54.1346556402636,1.14068329334259
9.55092592592593,54.1346556402636,38.5306816101074
9.60185185185185,54.1346556402636,37.5786628723145
9.65277777777778,54.1346556402636,32.8886604309082
9.7037037037037,54.1346556402636,48.5986633300781
9.75462962962963,54.1346556402636,22.3586616516113
9.80555555555556,54.1346556402636,22.5386619567871
9.85648148148148,54.1346556402636,27.278751373291
9.90740740740741,54.1346556402636,27.3587512969971
9.95833333333333,54.1346556402636,33.1487503051758
10.0092592592593,54.1346556402636,30.3487529754639
10.0601851851852,54.1346556402636,32.8687515258789
10.1111111111111,54.1346556402636,40.9587516784668
10.162037037037,54.1346556402636,49.7935638427734
10.212962962963,54.1346556402636,35.5035629272461
10.2638888888889,54.1346556402636,51.403564453125
10.3148148148148,54.1346556402636,45.1835632324219
10.3657407407407,54.1346556402636,22.8535633087158
10.4166666666667,54.1346556402636,29.0325012207031
10.4675925925926,54.1346556402636,33.8925018310547
10.5185185185185,54.1346556402636,53.6425018310547
10.5694444444444,54.1346556402636,36.4724998474121
10.6203703703704,54.1346556402636,39.9425010681152
10.6712962962963,54.1346556402636,50.8138084411621
10.7222222222222,54.1346556402636,50.9838066101074
10.7731481481481,54.1346556402636,27.2238082885742
10.8240740740741,54.1346556402636,14.0238084793091
10.875,54.1346556402636,31.3938083648682
10.9259259259259,54.1346556402636,15.5540418624878
10.9768518518519,54.1346556402636,-3.36595845222473
11.0277777777778,54.1346556402636,-17.9259586334229
11.0787037037037,54.1346556402636,-19.7059593200684
11.1296296296296,54.1346556402636,-21.7659587860107
11.1805555555556,54.1346556402636,-22.2259578704834
11.2314814814815,54.1346556402636,-23.3212699890137
11.2824074074074,54.1346556402636,-24.5112705230713
11.3333333333333,54.1346556402636,-23.9312705993652
11.3842592592593,54.1346556402636,-23.3812694549561
11.4351851851852,54.1346556402636,-21.9812698364258
11.4861111111111,54.1346556402636,-20.8166675567627
11.537037037037,54.1346556402636,-13.5666675567627
11.587962962963,54.1346556402636,-13.5166683197021
11.6388888888889,54.1346556402636,-7.64666795730591
11.6898148148148,54.1346556402636,5.84333229064941
11.7407407407407,54.1346556402636,6.71121406555176
11.7916666666667,54.1346556402636,2.11121392250061
11.8425925925926,54.1346556402636,-2.1587860584259
11.8935185185185,54.1346556402636,-3.9087860584259
11.9444444444444,54.1346556402636,9.65121364593506
11.9953703703704,54.1346556402636,11.361213684082
12.0462962962963,54.1346556402636,5.10021781921387
12.0972222222222,54.1346556402636,2.49021816253662
12.1481481481481,54.1346556402636,5.01021814346313
12.1990740740741,54.1346556402636,8.35021781921387
12.25,54.1346556402636,20.2202186584473
12.3009259259259,54.1346556402636,40.0165252685547
12.3518518518518,54.1346556402636,44.246524810791
12.4027777777778,54.1346556402636,44.6265258789062
12.4537037037037,54.1346556402636,44.8165245056152
12.5046296296296,54.1346556402636,44.9265251159668
12.5555555555556,54.1346556402636,42.2329025268555
12.6064814814815,54.1346556402636,8.66290283203125
12.6574074074074,54.1346556402636,22.5029029846191
12.7083333333333,54.1346556402636,21.9629020690918
12.7592592592593,54.1346556402636,19.6529026031494
12.8101851851852,54.1346556402636,14.3126277923584
12.8611111111111,54.1346556402636,19.67262840271
12.912037037037,54.1346556402636,23.0926284790039
12.962962962963,54.1346556402636,18.1926288604736
13.0138888888889,54.1346556402636,17.4826278686523
13.0648148148148,54.1346556402636,17.4026279449463
13.1157407407407,54.1346556402636,18.0325660705566
13.1666666666667,54.1346556402636,16.4325656890869
13.2175925925926,54.1346556402636,8.57256603240967
13.2685185185185,54.1346556402636,8.47256565093994
13.3194444444444,54.1346556402636,2.25256609916687
13.3703703703704,54.1346556402636,2.23271512985229
13.4212962962963,54.1346556402636,-0.137284845113754
13.4722222222222,54.1346556402636,-3.94728493690491
13.5231481481481,54.1346556402636,-6.06728506088257
13.5740740740741,54.1346556402636,-6.84728479385376
13.625,54.1346556402636,-2.67513155937195
13.6759259259259,54.1346556402636,4.65486860275269
13.7268518518518,54.1346556402636,2.50486850738525
13.7777777777778,54.1346556402636,0.164868474006653
13.8287037037037,54.1346556402636,1.10486841201782
13.8796296296296,54.1346556402636,-6.75513172149658
13.9305555555556,54.1346556402636,-11.1914539337158
13.9814814814815,54.1346556402636,-11.0014543533325
14.0324074074074,54.1346556402636,-13.0914535522461
14.0833333333333,54.1346556402636,-12.8114538192749
14.1342592592593,54.1346556402636,-13.8414535522461
14.1851851851852,54.1346556402636,-14.6458015441895
14.2361111111111,54.1346556402636,-14.5158014297485
14.287037037037,54.1346556402636,-14.2858009338379
14.337962962963,54.1346556402636,-13.7958011627197
14.3888888888889,54.1346556402636,-12.8158016204834
14.4398148148148,54.1346556402636,-8.32683086395264
14.4907407407407,54.1346556402636,-13.6168308258057
14.5416666666667,54.1346556402636,-13.426830291748
14.5925925925926,54.1346556402636,-13.0168304443359
14.6435185185185,54.1346556402636,-12.9968299865723
14.6944444444444,54.1346556402636,-13.6757555007935
14.7453703703704,54.1346556402636,-13.6557559967041
14.7962962962963,54.1346556402636,-14.4257555007935
14.8472222222222,54.1346556402636,-16.5857563018799
14.8981481481481,54.1346556402636,-17.4557552337646
14.9490740740741,54.1346556402636,-17.935754776001
15,54.1346556402636,-17.198844909668
9.5,54.0834862385321,12.2606830596924
9.55092592592593,54.0834862385321,17.2306842803955
9.60185185185185,54.0834862385321,15.5486621856689
9.65277777777778,54.0834862385321,53.8686637878418
9.7037037037037,54.0834862385321,54.7686614990234
9.75462962962963,54.0834862385321,15.0086622238159
9.80555555555556,54.0834862385321,22.1086616516113
9.85648148148148,54.0834862385321,23.2287521362305
9.90740740740741,54.0834862385321,24.0687522888184
9.95833333333333,54.0834862385321,29.008752822876
10.0092592592593,54.0834862385321,29.3487529754639
10.0601851851852,54.0834862385321,35.9387512207031
10.1111111111111,54.0834862385321,44.7687530517578
10.162037037037,54.0834862385321,53.2435646057129
10.212962962963,54.0834862385321,40.5735626220703
10.2638888888889,54.0834862385321,45.4135627746582
10.3148148148148,54.0834862385321,41.6035614013672
10.3657407407407,54.0834862385321,35.7435646057129
10.4166666666667,54.0834862385321,42.1025009155273
10.4675925925926,54.0834862385321,59.5625
10.5185185185185,54.0834862385321,54.2724990844727
10.5694444444444,54.0834862385321,40.4025001525879
10.6203703703704,54.0834862385321,47.1425018310547
10.6712962962963,54.0834862385321,58.1638069152832
10.7222222222222,54.0834862385321,39.2638092041016
10.7731481481481,54.0834862385321,10.8838081359863
10.8240740740741,54.0834862385321,15.6338081359863
10.875,54.0834862385321,28.65380859375
10.9259259259259,54.0834862385321,-10.2759580612183
10.9768518518519,54.0834862385321,-19.3159580230713
11.0277777777778,54.0834862385321,-20.5959587097168
11.0787037037037,54.0834862385321,-22.6759586334229
11.1296296296296,54.0834862385321,-22.9559593200684
11.1805555555556,54.0834862385321,-23.0659580230713
11.2314814814815,54.0834862385321,-23.4512691497803
11.2824074074074,54.0834862385321,-20.9212703704834
11.3333333333333,54.0834862385321,-17.8912696838379
11.3842592592593,54.0834862385321,-18.55126953125
11.4351851851852,54.0834862385321,-19.7112693786621
11.4861111111111,54.0834862385321,-17.6966686248779
11.537037037037,54.0834862385321,-10.8566675186157
11.587962962963,54.0834862385321,-10.2066679000854
11.6388888888889,54.0834862385321,25.3133316040039
11.6898148148148,54.0834862385321,54.783332824707
11.7407407407407,54.0834862385321,82.9012145996094
11.7916666666667,54.0834862385321,59.0812149047852
11.8425925925926,54.0834862385321,24.9212131500244
11.8935185185185,54.0834862385321,21.0012130737305
11.9444444444444,54.0834862385321,4.29121398925781
11.9953703703704,54.0834862385321,7.01121377944946
12.0462962962963,54.0834862385321,12.010217666626
12.0972222222222,54.0834862385321,5.69021797180176
12.1481481481481,54.0834862385321,9.49021816253662
12.1990740740741,54.0834862385321,16.4302177429199
12.25,54.0834862385321,31.8002185821533
12.3009259259259,54.0834862385321,48.1565246582031
12.3518518518518,54.0834862385321,51.6565246582031
12.4027777777778,54.0834862385321,44.7265243530273
12.4537037037037,54.0834862385321,45.0465240478516
12.5046296296296,54.0834862385321,39.1965255737305
12.5555555555556,54.0834862385321,37.1429023742676
12.6064814814815,54.0834862385321,18.9229030609131
12.6574074074074,54.0834862385321,6.13290214538574
12.7083333333333,54.0834862385321,9.38290214538574
12.7592592592593,54.0834862385321,14.7529020309448
12.8101851851852,54.0834862385321,10.1326284408569
12.8611111111111,54.0834862385321,17.3026275634766
12.912037037037,54.0834862385321,20.0426273345947
12.962962962963,54.0834862385321,13.792628288269
13.0138888888889,54.0834862385321,11.042628288269
13.0648148148148,54.0834862385321,11.0326280593872
13.1157407407407,54.0834862385321,6.98256587982178
13.1666666666667,54.0834862385321,4.60256624221802
13.2175925925926,54.0834862385321,4.26256608963013
13.2685185185185,54.0834862385321,2.10256600379944
13.3194444444444,54.0834862385321,5.56256580352783
13.3703703703704,54.0834862385321,4.76271533966064
13.4212962962963,54.0834862385321,2.88271522521973
13.4722222222222,54.0834862385321,-1.40728485584259
13.5231481481481,54.0834862385321,6.16271495819092
13.5740740740741,54.0834862385321,10.8127155303955
13.625,54.0834862385321,21.1848678588867
13.6759259259259,54.0834862385321,23.5748691558838
13.7268518518518,54.0834862385321,12.7048683166504
13.7777777777778,54.0834862385321,7.4748682975769
13.8287037037037,54.0834862385321,2.52486848831177
13.8796296296296,54.0834862385321,0.464868456125259
13.9305555555556,54.0834862385321,-9.20145416259766
13.9814814814815,54.0834862385321,-9.8114538192749
14.0324074074074,54.0834862385321,-13.1114540100098
14.0833333333333,54.0834862385321,-14.3214540481567
14.1342592592593,54.0834862385321,-14.1114540100098
14.1851851851852,54.0834862385321,-14.0958013534546
14.2361111111111,54.0834862385321,-14.5358009338379
14.287037037037,54.0834862385321,-13.6158008575439
14.337962962963,54.0834862385321,-13.5058012008667
14.3888888888889,54.0834862385321,-13.2258014678955
14.4398148148148,54.0834862385321,-12.1968307495117
14.4907407407407,54.0834862385321,-13.2468299865723
14.5416666666667,54.0834862385321,-13.2568302154541
14.5925925925926,54.0834862385321,-12.4568300247192
14.6435185185185,54.0834862385321,-13.2468299865723
14.6944444444444,54.0834862385321,-13.1557559967041
14.7453703703704,54.0834862385321,-12.745756149292
14.7962962962963,54.0834862385321,-13.5557556152344
14.8472222222222,54.0834862385321,-14.2157554626465
14.8981481481481,54.0834862385321,-14.8657560348511
14.9490740740741,54.0834862385321,-15.2557554244995
15,54.0834862385321,-15.5088443756104
