SD;AreaSection;Cpue
22;2224;329.18999
23;2224;1777.01803
24;2224;617.4491294
25;2528;374.4620897
26;2528;473.2792118
27;2528;11.65814286
28;2528;52.60175
